{
"type": "FeatureCollection",
"name": "gov_destinations",
"crs": { "type": "name", "properties": { "name": "urn:ogc:def:crs:OGC:1.3:CRS84" } },
"xy_coordinate_resolution": 0.0001,
"features": [
{ "type": "Feature", "properties": { "id": "panama_taboga", "name": "Ciudad de Panama - Taboga", "tier": "priority", "products": "MICE / business; urban cosmopolitan; gastronomy & shopping; cruise; nautical; historic heritage; sun & beach (Taboga); cetacean & bird watching", "nature_hooks": "nearby protected areas; cetacean watching; bird watching; Canal watershed", "vocation_en": "Panama City is positioned for business/MICE and cosmopolitan urban tourism, leveraging the Canal for cruise and nautical products, complemented by historic, religious and health tourism, and by nature tourism in nearby protected areas. Taboga is a complementary sun-and-beach island with cetacean and bird watching, nautical tourism and Canal viewing; investment there must meet sustainability criteria.", "vocation_es": "Ciudad de Panama: destino de turismo de negocios/MICE y turismo urbano cosmopolita y activo, potenciando el Canal, cruceros de todo tamano y turismo nautico. Taboga: destino de sol y playa complementario, con avistamiento de cetaceos y aves, turismo nautico y observacion del canal.", "districts": "Panamá/Panamá; Panamá/San Miguelito; Panamá/Taboga", "area_km2": 2111.7 }, "geometry": { "type": "MultiPolygon", "coordinates": [ [ [ [ -79.5894, 8.5694 ], [ -79.5885, 8.5694 ], [ -79.5888, 8.5689 ], [ -79.5894, 8.5694 ] ] ], [ [ [ -79.5861, 8.575 ], [ -79.5864, 8.5724 ], [ -79.5902, 8.5694 ], [ -79.5897, 8.5684 ], [ -79.5964, 8.5719 ], [ -79.5933, 8.5807 ], [ -79.5861, 8.575 ] ] ], [ [ [ -79.6128, 8.5849 ], [ -79.6126, 8.588 ], [ -79.6104, 8.5852 ], [ -79.6128, 8.5849 ] ] ], [ [ [ -79.5961, 8.608 ], [ -79.5922, 8.5914 ], [ -79.6005, 8.5982 ], [ -79.6114, 8.5944 ], [ -79.6117, 8.6029 ], [ -79.6064, 8.6034 ], [ -79.6062, 8.6125 ], [ -79.5961, 8.608 ] ] ], [ [ [ -79.6082, 8.8114 ], [ -79.6101, 8.8134 ], [ -79.6064, 8.8176 ], [ -79.6082, 8.8114 ] ] ], [ [ [ -79.5925, 9.0174 ], [ -79.5919, 9.0166 ], [ -79.5927, 9.017 ], [ -79.5925, 9.0174 ] ] ], [ [ [ -79.6794, 9.1352 ], [ -79.6809, 9.1348 ], [ -79.6758, 9.1415 ], [ -79.6794, 9.1352 ] ] ], [ [ [ -79.6709, 9.1424 ], [ -79.6707, 9.1422 ], [ -79.6713, 9.1417 ], [ -79.6709, 9.1424 ] ] ], [ [ [ -79.6685, 9.1462 ], [ -79.669, 9.1459 ], [ -79.6691, 9.1466 ], [ -79.6685, 9.1462 ] ] ], [ [ [ -79.6728, 9.1486 ], [ -79.675, 9.1453 ], [ -79.6737, 9.1487 ], [ -79.6703, 9.1504 ], [ -79.6728, 9.1486 ] ] ], [ [ [ -79.6702, 9.1493 ], [ -79.671, 9.1481 ], [ -79.6709, 9.1485 ], [ -79.6702, 9.1493 ] ] ], [ [ [ -79.6728, 9.1498 ], [ -79.6736, 9.1494 ], [ -79.6733, 9.1499 ], [ -79.6728, 9.1498 ] ] ], [ [ [ -79.5901, 9.2012 ], [ -79.5887, 9.2025 ], [ -79.5881, 9.2003 ], [ -79.5901, 9.2012 ] ] ], [ [ [ -79.6468, 9.2018 ], [ -79.6454, 9.2017 ], [ -79.6456, 9.2014 ], [ -79.6468, 9.2018 ] ] ], [ [ [ -79.59, 9.2053 ], [ -79.5889, 9.2045 ], [ -79.5893, 9.2041 ], [ -79.59, 9.2053 ] ] ], [ [ [ -79.5896, 9.2053 ], [ -79.59, 9.2058 ], [ -79.5888, 9.206 ], [ -79.5896, 9.2053 ] ] ], [ [ [ -79.5881, 9.2129 ], [ -79.587, 9.2126 ], [ -79.5886, 9.21 ], [ -79.5881, 9.2129 ] ] ], [ [ [ -79.5868, 9.2153 ], [ -79.586, 9.2149 ], [ -79.587, 9.2147 ], [ -79.5868, 9.2153 ] ] ], [ [ [ -79.6063, 9.2215 ], [ -79.6048, 9.2241 ], [ -79.6037, 9.221 ], [ -79.6063, 9.2215 ] ] ], [ [ [ -79.5789, 8.7368 ], [ -79.5789, 8.7418 ], [ -79.5765, 8.7398 ], [ -79.5768, 8.7332 ], [ -79.5789, 8.7368 ] ] ], [ [ [ -79.5771, 8.7438 ], [ -79.577, 8.7434 ], [ -79.5775, 8.743 ], [ -79.5771, 8.7438 ] ] ], [ [ [ -79.5778, 9.1975 ], [ -79.5788, 9.1968 ], [ -79.5788, 9.1969 ], [ -79.5778, 9.1975 ] ] ], [ [ [ -79.5672, 9.1996 ], [ -79.5681, 9.1989 ], [ -79.568, 9.1993 ], [ -79.5672, 9.1996 ] ] ], [ [ [ -79.5859, 9.2038 ], [ -79.5857, 9.2034 ], [ -79.5864, 9.2034 ], [ -79.5859, 9.2038 ] ] ], [ [ [ -79.5727, 9.2023 ], [ -79.576, 9.2026 ], [ -79.5765, 9.2066 ], [ -79.5727, 9.2023 ] ] ], [ [ [ -79.582, 9.205 ], [ -79.582, 9.2046 ], [ -79.5827, 9.2046 ], [ -79.582, 9.205 ] ] ], [ [ [ -79.5797, 9.2082 ], [ -79.5806, 9.2077 ], [ -79.5805, 9.2083 ], [ -79.5797, 9.2082 ] ] ], [ [ [ -79.5683, 9.2103 ], [ -79.5683, 9.2101 ], [ -79.569, 9.21 ], [ -79.5683, 9.2103 ] ] ], [ [ [ -79.5683, 9.2109 ], [ -79.566, 9.2114 ], [ -79.5662, 9.2109 ], [ -79.5683, 9.2109 ] ] ], [ [ [ -79.5777, 9.2076 ], [ -79.5809, 9.2067 ], [ -79.5797, 9.2082 ], [ -79.5786, 9.2095 ], [ -79.5822, 9.2121 ], [ -79.5794, 9.2139 ], [ -79.5777, 9.2076 ] ] ], [ [ [ -79.5826, 9.2125 ], [ -79.5826, 9.2121 ], [ -79.5832, 9.2122 ], [ -79.5826, 9.2125 ] ] ], [ [ [ -79.5739, 9.2128 ], [ -79.5737, 9.2135 ], [ -79.5725, 9.2124 ], [ -79.5739, 9.2128 ] ] ], [ [ [ -79.5699, 9.2184 ], [ -79.5723, 9.2205 ], [ -79.5676, 9.2226 ], [ -79.5699, 9.2184 ] ] ], [ [ [ -79.5708, 9.2227 ], [ -79.5696, 9.2222 ], [ -79.5699, 9.2218 ], [ -79.5708, 9.2227 ] ] ], [ [ [ -79.5661, 9.2247 ], [ -79.566, 9.2244 ], [ -79.5669, 9.2243 ], [ -79.5661, 9.2247 ] ] ], [ [ [ -79.5675, 9.246 ], [ -79.5667, 9.2459 ], [ -79.5675, 9.2446 ], [ -79.5675, 9.246 ] ] ], [ [ [ -79.5707, 9.2521 ], [ -79.57, 9.2518 ], [ -79.5709, 9.2508 ], [ -79.5707, 9.2521 ] ] ], [ [ [ -79.5766, 9.2598 ], [ -79.5775, 9.2617 ], [ -79.5769, 9.2618 ], [ -79.5766, 9.2598 ] ] ], [ [ [ -79.5749, 9.2645 ], [ -79.5762, 9.2643 ], [ -79.5756, 9.2649 ], [ -79.5749, 9.2645 ] ] ], [ [ [ -79.5711, 9.2709 ], [ -79.5709, 9.2698 ], [ -79.5714, 9.27 ], [ -79.5711, 9.2709 ] ] ], [ [ [ -79.5385, 8.768 ], [ -79.538, 8.7683 ], [ -79.5379, 8.7671 ], [ -79.5385, 8.768 ] ] ], [ [ [ -79.5311, 8.7755 ], [ -79.536, 8.7698 ], [ -79.5384, 8.7797 ], [ -79.5344, 8.7825 ], [ -79.5311, 8.7755 ] ] ], [ [ [ -79.5551, 8.8007 ], [ -79.5491, 8.7877 ], [ -79.5416, 8.7863 ], [ -79.5437, 8.7752 ], [ -79.5494, 8.7752 ], [ -79.5524, 8.7825 ], [ -79.5697, 8.7839 ], [ -79.5708, 8.799 ], [ -79.5633, 8.804 ], [ -79.5551, 8.8007 ] ] ], [ [ [ -79.5132, 8.7962 ], [ -79.5127, 8.7961 ], [ -79.513, 8.7955 ], [ -79.5132, 8.7962 ] ] ], [ [ [ -79.5259, 8.8009 ], [ -79.525, 8.802 ], [ -79.5247, 8.8014 ], [ -79.5259, 8.8009 ] ] ], [ [ [ -79.5539, 8.8023 ], [ -79.5528, 8.8051 ], [ -79.5517, 8.8012 ], [ -79.5539, 8.8023 ] ] ], [ [ [ -79.5097, 8.8043 ], [ -79.5104, 8.8043 ], [ -79.5095, 8.8051 ], [ -79.5097, 8.8043 ] ] ], [ [ [ -79.5117, 8.8026 ], [ -79.5244, 8.8005 ], [ -79.5188, 8.8117 ], [ -79.5107, 8.8165 ], [ -79.5117, 8.8026 ] ] ], [ [ [ -79.5017, 8.97 ], [ -79.5016, 8.9664 ], [ -79.5027, 8.9664 ], [ -79.5017, 8.97 ] ] ], [ [ [ -79.5074, 8.9723 ], [ -79.5065, 8.9727 ], [ -79.5057, 8.9659 ], [ -79.5074, 8.9723 ] ] ], [ [ [ -79.6163, 9.2027 ], [ -79.6037, 9.2076 ], [ -79.6081, 9.2135 ], [ -79.6105, 9.2111 ], [ -79.6132, 9.223 ], [ -79.595, 9.2149 ], [ -79.5901, 9.203 ], [ -79.5939, 9.1986 ], [ -79.5881, 9.2003 ], [ -79.5842, 9.2013 ], [ -79.5919, 9.1895 ], [ -79.5832, 9.1956 ], [ -79.5818, 9.1912 ], [ -79.5864, 9.1891 ], [ -79.5817, 9.1819 ], [ -79.5825, 9.1901 ], [ -79.5764, 9.19 ], [ -79.5811, 9.1913 ], [ -79.5791, 9.1963 ], [ -79.5731, 9.1977 ], [ -79.5787, 9.199 ], [ -79.5782, 9.201 ], [ -79.5705, 9.1966 ], [ -79.5703, 9.2002 ], [ -79.5686, 9.1958 ], [ -79.564, 9.1975 ], [ -79.5655, 9.1974 ], [ -79.5635, 9.2046 ], [ -79.5649, 9.2082 ], [ -79.5658, 9.2093 ], [ -79.5654, 9.2095 ], [ -79.5656, 9.2104 ], [ -79.5588, 9.2175 ], [ -79.5604, 9.2202 ], [ -79.5677, 9.2166 ], [ -79.5616, 9.2233 ], [ -79.5649, 9.2263 ], [ -79.5574, 9.224 ], [ -79.5492, 9.2284 ], [ -79.5444, 9.2207 ], [ -79.5378, 9.2228 ], [ -79.5357, 9.218 ], [ -79.532, 9.2183 ], [ -79.5344, 9.2259 ], [ -79.5419, 9.2229 ], [ -79.5472, 9.2298 ], [ -79.5427, 9.2321 ], [ -79.548, 9.2304 ], [ -79.5495, 9.2362 ], [ -79.5539, 9.2336 ], [ -79.5547, 9.2402 ], [ -79.5575, 9.2385 ], [ -79.5565, 9.2436 ], [ -79.5473, 9.2425 ], [ -79.5495, 9.2489 ], [ -79.5536, 9.2443 ], [ -79.5532, 9.2482 ], [ -79.5571, 9.2452 ], [ -79.5561, 9.2481 ], [ -79.5586, 9.2492 ], [ -79.5605, 9.2411 ], [ -79.5637, 9.2435 ], [ -79.5613, 9.2481 ], [ -79.565, 9.2447 ], [ -79.5628, 9.2493 ], [ -79.5687, 9.2472 ], [ -79.5651, 9.2514 ], [ -79.5687, 9.2506 ], [ -79.5683, 9.2562 ], [ -79.5752, 9.2615 ], [ -79.5717, 9.2636 ], [ -79.577, 9.2659 ], [ -79.5682, 9.2706 ], [ -79.5692, 9.2742 ], [ -79.5791, 9.2708 ], [ -79.576, 9.2769 ], [ -79.5713, 9.2758 ], [ -79.5693, 9.2786 ], [ -79.5751, 9.2777 ], [ -79.5761, 9.2823 ], [ -79.5671, 9.2845 ], [ -79.571, 9.2862 ], [ -79.5762, 9.286 ], [ -79.5784, 9.2829 ], [ -79.5821, 9.2912 ], [ -79.5785, 9.291 ], [ -79.5773, 9.2939 ], [ -79.5812, 9.2937 ], [ -79.5777, 9.2973 ], [ -79.5751, 9.2953 ], [ -79.5741, 9.295 ], [ -79.5743, 9.3008 ], [ -79.583, 9.3012 ], [ -79.5686, 9.3224 ], [ -79.5651, 9.3232 ], [ -79.5622, 9.3139 ], [ -79.562, 9.317 ], [ -79.5587, 9.3141 ], [ -79.557, 9.3153 ], [ -79.5631, 9.3247 ], [ -79.5686, 9.325 ], [ -79.5601, 9.3263 ], [ -79.566, 9.3273 ], [ -79.5492, 9.3424 ], [ -79.5522, 9.3445 ], [ -79.5476, 9.3479 ], [ -79.5512, 9.347 ], [ -79.5495, 9.3557 ], [ -79.5451, 9.35 ], [ -79.5422, 9.3525 ], [ -79.5487, 9.3567 ], [ -79.5562, 9.3544 ], [ -79.5578, 9.3623 ], [ -79.5661, 9.3607 ], [ -79.57, 9.3723 ], [ -79.5593, 9.3833 ], [ -79.5642, 9.3862 ], [ -79.5593, 9.3956 ], [ -79.5524, 9.3981 ], [ -79.5566, 9.3996 ], [ -79.556, 9.409 ], [ -79.5416, 9.4196 ], [ -79.5468, 9.433 ], [ -79.5406, 9.436 ], [ -79.5415, 9.4421 ], [ -79.5374, 9.442 ], [ -79.5396, 9.4501 ], [ -79.5366, 9.4527 ], [ -79.5416, 9.46 ], [ -79.5361, 9.4613 ], [ -79.5365, 9.4748 ], [ -79.5147, 9.4786 ], [ -79.5124, 9.4864 ], [ -79.5014, 9.4838 ], [ -79.4993, 9.4875 ], [ -79.4984, 9.4805 ], [ -79.4854, 9.477 ], [ -79.4823, 9.4837 ], [ -79.4532, 9.4994 ], [ -79.4438, 9.4944 ], [ -79.4385, 9.4975 ], [ -79.4313, 9.4917 ], [ -79.4275, 9.4979 ], [ -79.4067, 9.4978 ], [ -79.3975, 9.4921 ], [ -79.3975, 9.4835 ], [ -79.4067, 9.4781 ], [ -79.4097, 9.4711 ], [ -79.3962, 9.4602 ], [ -79.401, 9.4524 ], [ -79.3957, 9.4422 ], [ -79.3946, 9.425 ], [ -79.4188, 9.4115 ], [ -79.4178, 9.4011 ], [ -79.4061, 9.4086 ], [ -79.3845, 9.4072 ], [ -79.3782, 9.4174 ], [ -79.3698, 9.4215 ], [ -79.3601, 9.42 ], [ -79.3578, 9.4119 ], [ -79.3487, 9.4094 ], [ -79.3389, 9.4162 ], [ -79.3364, 9.4242 ], [ -79.3256, 9.4277 ], [ -79.326, 9.4354 ], [ -79.3194, 9.4418 ], [ -79.305, 9.4412 ], [ -79.2991, 9.4303 ], [ -79.288, 9.4273 ], [ -79.2809, 9.4179 ], [ -79.2728, 9.424 ], [ -79.2636, 9.423 ], [ -79.2741, 9.4023 ], [ -79.2663, 9.3936 ], [ -79.2548, 9.3926 ], [ -79.2442, 9.3798 ], [ -79.2439, 9.3723 ], [ -79.2556, 9.3445 ], [ -79.2639, 9.3395 ], [ -79.2652, 9.3335 ], [ -79.2701, 9.3345 ], [ -79.2771, 9.3212 ], [ -79.279, 9.31 ], [ -79.2754, 9.3006 ], [ -79.285, 9.285 ], [ -79.2732, 9.2744 ], [ -79.2724, 9.2689 ], [ -79.2624, 9.2635 ], [ -79.236, 9.2628 ], [ -79.2247, 9.254 ], [ -79.2164, 9.2538 ], [ -79.2147, 9.2473 ], [ -79.196, 9.2428 ], [ -79.1883, 9.2528 ], [ -79.168, 9.2439 ], [ -79.1681, 9.2334 ], [ -79.1573, 9.2189 ], [ -79.1708, 9.221 ], [ -79.1891, 9.2118 ], [ -79.1942, 9.2032 ], [ -79.2183, 9.1951 ], [ -79.2265, 9.1868 ], [ -79.2243, 9.1793 ], [ -79.2327, 9.1775 ], [ -79.2408, 9.1629 ], [ -79.2328, 9.1274 ], [ -79.2186, 9.1159 ], [ -79.2007, 9.1154 ], [ -79.1888, 9.1007 ], [ -79.1676, 9.0966 ], [ -79.1519, 9.1006 ], [ -79.1385, 9.0934 ], [ -79.1417, 9.0864 ], [ -79.1347, 9.0823 ], [ -79.1372, 9.0797 ], [ -79.1395, 9.0812 ], [ -79.1376, 9.0723 ], [ -79.1324, 9.0724 ], [ -79.1372, 9.0663 ], [ -79.1316, 9.0633 ], [ -79.1399, 9.0574 ], [ -79.1375, 9.0537 ], [ -79.1283, 9.0564 ], [ -79.1252, 9.0523 ], [ -79.1369, 9.0475 ], [ -79.1315, 9.0357 ], [ -79.1387, 9.0287 ], [ -79.142, 9.0306 ], [ -79.1373, 9.0388 ], [ -79.1524, 9.0432 ], [ -79.1512, 9.0297 ], [ -79.1577, 9.0188 ], [ -79.1624, 9.0214 ], [ -79.1582, 9.0326 ], [ -79.1614, 9.0384 ], [ -79.1744, 9.0329 ], [ -79.1713, 9.0179 ], [ -79.184, 9.0139 ], [ -79.2745, 9.0228 ], [ -79.2869, 9.0287 ], [ -79.3157, 9.0225 ], [ -79.3466, 9.0221 ], [ -79.3535, 9.0267 ], [ -79.3585, 9.021 ], [ -79.391, 9.0184 ], [ -79.3987, 9.0237 ], [ -79.4016, 9.0175 ], [ -79.431, 9.0126 ], [ -79.4351, 9.0131 ], [ -79.4356, 9.0179 ], [ -79.4458, 9.0109 ], [ -79.4915, 9.0051 ], [ -79.4956, 9.002 ], [ -79.492, 8.9987 ], [ -79.4954, 8.9911 ], [ -79.5067, 8.9812 ], [ -79.5064, 8.9738 ], [ -79.512, 8.9751 ], [ -79.5171, 8.9697 ], [ -79.5181, 8.9752 ], [ -79.5246, 8.9744 ], [ -79.5342, 8.9639 ], [ -79.5366, 8.9583 ], [ -79.5329, 8.9585 ], [ -79.5359, 8.9543 ], [ -79.5322, 8.954 ], [ -79.5319, 8.9491 ], [ -79.5531, 8.9464 ], [ -79.5442, 8.9431 ], [ -79.5446, 8.9393 ], [ -79.5376, 8.9393 ], [ -79.5449, 8.9362 ], [ -79.5437, 8.9302 ], [ -79.5317, 8.9161 ], [ -79.5195, 8.9159 ], [ -79.5235, 8.9122 ], [ -79.5193, 8.9149 ], [ -79.5214, 8.9068 ], [ -79.5264, 8.9148 ], [ -79.53, 8.9147 ], [ -79.5264, 8.9124 ], [ -79.5289, 8.9105 ], [ -79.5362, 8.9159 ], [ -79.5345, 8.9157 ], [ -79.5342, 8.918 ], [ -79.5476, 8.9342 ], [ -79.5697, 8.9467 ], [ -79.5702, 8.9582 ], [ -79.5817, 8.9848 ], [ -79.5971, 9.0078 ], [ -79.6442, 9.0394 ], [ -79.67, 9.0669 ], [ -79.6887, 9.1034 ], [ -79.6966, 9.1106 ], [ -79.6854, 9.1116 ], [ -79.6881, 9.1145 ], [ -79.6807, 9.119 ], [ -79.6852, 9.1217 ], [ -79.6798, 9.123 ], [ -79.6861, 9.129 ], [ -79.6758, 9.1333 ], [ -79.6735, 9.1402 ], [ -79.6712, 9.141 ], [ -79.6676, 9.1452 ], [ -79.6657, 9.1497 ], [ -79.6738, 9.1433 ], [ -79.6747, 9.1408 ], [ -79.6747, 9.144 ], [ -79.6531, 9.1657 ], [ -79.6569, 9.1633 ], [ -79.6549, 9.1708 ], [ -79.652, 9.173 ], [ -79.6525, 9.1744 ], [ -79.6553, 9.1715 ], [ -79.6578, 9.163 ], [ -79.6544, 9.1752 ], [ -79.6514, 9.1745 ], [ -79.6459, 9.1775 ], [ -79.6475, 9.1773 ], [ -79.6468, 9.1786 ], [ -79.649, 9.1799 ], [ -79.6472, 9.1802 ], [ -79.6466, 9.1811 ], [ -79.6462, 9.1793 ], [ -79.6394, 9.1757 ], [ -79.6465, 9.1814 ], [ -79.6492, 9.1802 ], [ -79.6492, 9.1797 ], [ -79.6486, 9.179 ], [ -79.647, 9.1786 ], [ -79.6478, 9.1772 ], [ -79.6542, 9.1756 ], [ -79.655, 9.1747 ], [ -79.6552, 9.1735 ], [ -79.6555, 9.1735 ], [ -79.6511, 9.1874 ], [ -79.6477, 9.189 ], [ -79.6507, 9.1881 ], [ -79.6534, 9.1847 ], [ -79.6526, 9.1919 ], [ -79.6436, 9.1998 ], [ -79.6456, 9.2053 ], [ -79.6212, 9.2028 ], [ -79.619, 9.2093 ], [ -79.6163, 9.2027 ] ], [ [ -79.5645, 9.1915 ], [ -79.5625, 9.1904 ], [ -79.5623, 9.1961 ], [ -79.5573, 9.1983 ], [ -79.564, 9.1975 ], [ -79.5645, 9.1915 ] ], [ [ -79.14, 9.0817 ], [ -79.1413, 9.0807 ], [ -79.1419, 9.0796 ], [ -79.1395, 9.0812 ], [ -79.14, 9.0817 ] ], [ [ -79.417, 9.166 ], [ -79.4137, 9.167 ], [ -79.4187, 9.1689 ], [ -79.417, 9.166 ] ], [ [ -79.5249, 9.0994 ], [ -79.5227, 9.0995 ], [ -79.5237, 9.102 ], [ -79.5249, 9.0994 ] ], [ [ -79.2732, 9.0889 ], [ -79.2728, 9.091 ], [ -79.2736, 9.0912 ], [ -79.2732, 9.0889 ] ], [ [ -79.2753, 9.0868 ], [ -79.2751, 9.0877 ], [ -79.278, 9.0888 ], [ -79.2753, 9.0868 ] ], [ [ -79.2005, 9.0817 ], [ -79.199, 9.0829 ], [ -79.199, 9.0835 ], [ -79.2005, 9.0817 ] ], [ [ -79.2784, 9.0832 ], [ -79.2796, 9.0807 ], [ -79.2782, 9.08 ], [ -79.2784, 9.0832 ] ], [ [ -79.2803, 9.0835 ], [ -79.2802, 9.0817 ], [ -79.2792, 9.0827 ], [ -79.2803, 9.0835 ] ], [ [ -79.2567, 9.0781 ], [ -79.2553, 9.0774 ], [ -79.255, 9.0793 ], [ -79.2567, 9.0781 ] ], [ [ -79.3041, 9.065 ], [ -79.3048, 9.063 ], [ -79.3034, 9.0624 ], [ -79.3041, 9.065 ] ], [ [ -79.2479, 9.0617 ], [ -79.2461, 9.0602 ], [ -79.244, 9.0619 ], [ -79.2479, 9.0617 ] ], [ [ -79.3712, 9.0516 ], [ -79.3721, 9.0511 ], [ -79.3641, 9.053 ], [ -79.3712, 9.0516 ] ], [ [ -79.36, 9.0515 ], [ -79.3607, 9.05 ], [ -79.3565, 9.0511 ], [ -79.36, 9.0515 ] ], [ [ -79.3076, 9.0438 ], [ -79.3058, 9.0434 ], [ -79.3063, 9.0459 ], [ -79.3076, 9.0438 ] ], [ [ -79.355, 9.0409 ], [ -79.3543, 9.0414 ], [ -79.3566, 9.0419 ], [ -79.355, 9.0409 ] ], [ [ -79.3556, 9.0366 ], [ -79.3533, 9.0368 ], [ -79.3552, 9.0384 ], [ -79.3556, 9.0366 ] ], [ [ -79.2072, 9.0302 ], [ -79.207, 9.0304 ], [ -79.212, 9.0304 ], [ -79.2072, 9.0302 ] ], [ [ -79.3562, 9.027 ], [ -79.3548, 9.0274 ], [ -79.3552, 9.028 ], [ -79.3562, 9.027 ] ], [ [ -79.5955, 9.0118 ], [ -79.5941, 9.0101 ], [ -79.5868, 9.0195 ], [ -79.5912, 9.0177 ], [ -79.5925, 9.0214 ], [ -79.5955, 9.0118 ] ], [ [ -79.5993, 9.0114 ], [ -79.5964, 9.0077 ], [ -79.5958, 9.0119 ], [ -79.5993, 9.0114 ] ], [ [ -79.5982, 9.0182 ], [ -79.5984, 9.0183 ], [ -79.5984, 9.0137 ], [ -79.5982, 9.0182 ] ] ], [ [ [ -79.566, 9.222 ], [ -79.5644, 9.2221 ], [ -79.5646, 9.2219 ], [ -79.566, 9.222 ] ] ], [ [ [ -79.5651, 9.2254 ], [ -79.5646, 9.2251 ], [ -79.5656, 9.2247 ], [ -79.5651, 9.2254 ] ] ], [ [ [ -79.5349, 9.2255 ], [ -79.5344, 9.2248 ], [ -79.5351, 9.2247 ], [ -79.5349, 9.2255 ] ] ], [ [ [ -79.5605, 9.2272 ], [ -79.5599, 9.2267 ], [ -79.5611, 9.2265 ], [ -79.5605, 9.2272 ] ] ], [ [ [ -79.5525, 9.2342 ], [ -79.5516, 9.2336 ], [ -79.5523, 9.2333 ], [ -79.5525, 9.2342 ] ] ], [ [ [ -79.5651, 9.2429 ], [ -79.5647, 9.2426 ], [ -79.5654, 9.2419 ], [ -79.5651, 9.2429 ] ] ], [ [ [ -79.5504, 9.2449 ], [ -79.5514, 9.2452 ], [ -79.5503, 9.2458 ], [ -79.5504, 9.2449 ] ] ] ] } },
{ "type": "Feature", "properties": { "id": "riviera_pacifica", "name": "Riviera Pacifica - Valle de Anton - El Cope - Penonome", "tier": "priority", "products": "sun & beach; nautical; nature & active tourism; archaeology & culture; adventure; agrotourism; birding", "nature_hooks": "Valle de Anton crater; Pacific beaches; montane forest (El Cope); birding", "vocation_en": "A multi-purpose macro-destination combining beach and nautical tourism with nature and active tourism and first-rank archaeological and cultural resources in a small, well-connected area. Valle de Anton offers nature contact around an inhabited volcanic crater; the Riviera Pacifica is a high-volume beach and nautical destination that also complements Panama City's MICE offer; El Cope-Penonome follows a low-impact model.", "vocation_es": "Destino multiproposito que reune playa y turismo nautico, multiples experiencias de contacto con la naturaleza y turismo activo, y recursos arqueologicos y culturales de primera categoria en un espacio pequeno y bien comunicado. Valle de Anton: contacto con la naturaleza en torno a un volcan. Riviera Pacifica: playa y actividades nauticas de alto volumen.", "districts": "Panamá Oeste/Chame; Panamá Oeste/San Carlos; Coclé/Antón; Coclé/Penonomé", "area_km2": 3155.8 }, "geometry": { "type": "MultiPolygon", "coordinates": [ [ [ [ -80.2758, 8.2995 ], [ -80.2639, 8.2998 ], [ -80.2493, 8.2997 ], [ -80.2685, 8.2966 ], [ -80.2758, 8.2995 ] ] ], [ [ [ -80.2489, 8.2995 ], [ -80.2491, 8.2997 ], [ -80.2489, 8.2997 ], [ -80.2489, 8.2995 ] ] ], [ [ [ -80.3111, 8.3007 ], [ -80.3108, 8.3012 ], [ -80.3107, 8.3006 ], [ -80.3111, 8.3007 ] ] ], [ [ [ -80.2738, 8.3029 ], [ -80.2677, 8.3025 ], [ -80.2665, 8.301 ], [ -80.2738, 8.3029 ] ] ], [ [ [ -80.2936, 8.3039 ], [ -80.2944, 8.3051 ], [ -80.2931, 8.3045 ], [ -80.2936, 8.3039 ] ] ], [ [ [ -80.2336, 8.3064 ], [ -80.2322, 8.3077 ], [ -80.2315, 8.3074 ], [ -80.2336, 8.3064 ] ] ], [ [ [ -80.2306, 8.3079 ], [ -80.23, 8.3085 ], [ -80.2304, 8.3078 ], [ -80.2306, 8.3079 ] ] ], [ [ [ -80.2325, 8.3083 ], [ -80.2323, 8.3091 ], [ -80.2319, 8.3088 ], [ -80.2325, 8.3083 ] ] ], [ [ [ -80.1402, 8.9482 ], [ -80.1445, 8.9402 ], [ -80.1394, 8.9382 ], [ -80.1415, 8.9339 ], [ -80.1341, 8.9358 ], [ -80.1343, 8.9305 ], [ -80.1391, 8.9289 ], [ -80.1365, 8.9244 ], [ -80.1408, 8.9233 ], [ -80.1408, 8.9272 ], [ -80.1449, 8.9189 ], [ -80.1483, 8.924 ], [ -80.1485, 8.9126 ], [ -80.1589, 8.9118 ], [ -80.1575, 8.9073 ], [ -80.1656, 8.8977 ], [ -80.1692, 8.9005 ], [ -80.1736, 8.8948 ], [ -80.1665, 8.8769 ], [ -80.171, 8.8774 ], [ -80.1664, 8.8572 ], [ -80.1755, 8.8447 ], [ -80.1677, 8.8388 ], [ -80.1689, 8.8333 ], [ -80.1634, 8.8258 ], [ -80.1667, 8.8206 ], [ -80.1585, 8.8088 ], [ -80.1623, 8.8054 ], [ -80.1587, 8.7929 ], [ -80.1498, 8.7886 ], [ -80.1535, 8.7861 ], [ -80.1451, 8.7731 ], [ -80.1268, 8.762 ], [ -80.1215, 8.7329 ], [ -80.1156, 8.7309 ], [ -80.1178, 8.7201 ], [ -80.1126, 8.7145 ], [ -80.1149, 8.7063 ], [ -80.1099, 8.6931 ], [ -80.1193, 8.6685 ], [ -80.1102, 8.6485 ], [ -80.1097, 8.6354 ], [ -80.0765, 8.6492 ], [ -80.0761, 8.6536 ], [ -80.0545, 8.6689 ], [ -80.0401, 8.6931 ], [ -80.0301, 8.6936 ], [ -80.0184, 8.7044 ], [ -80.0135, 8.7007 ], [ -79.9944, 8.7024 ], [ -79.9734, 8.693 ], [ -79.9565, 8.7025 ], [ -79.9374, 8.6926 ], [ -79.9164, 8.6715 ], [ -79.9026, 8.6725 ], [ -79.8854, 8.6836 ], [ -79.8818, 8.6905 ], [ -79.8719, 8.6924 ], [ -79.869, 8.6886 ], [ -79.8561, 8.6936 ], [ -79.8437, 8.6796 ], [ -79.8527, 8.6708 ], [ -79.8483, 8.67 ], [ -79.8476, 8.6612 ], [ -79.852, 8.6596 ], [ -79.8522, 8.6602 ], [ -79.856, 8.6636 ], [ -79.8546, 8.6554 ], [ -79.86, 8.6595 ], [ -79.8622, 8.6601 ], [ -79.8665, 8.6572 ], [ -79.8605, 8.6592 ], [ -79.8549, 8.6547 ], [ -79.8593, 8.6502 ], [ -79.8614, 8.6525 ], [ -79.8685, 8.6504 ], [ -79.8613, 8.6519 ], [ -79.8577, 8.648 ], [ -79.8548, 8.6471 ], [ -79.8545, 8.641 ], [ -79.8654, 8.6418 ], [ -79.8708, 8.6405 ], [ -79.8663, 8.6393 ], [ -79.8684, 8.6373 ], [ -79.8681, 8.6362 ], [ -79.8667, 8.6351 ], [ -79.8679, 8.6354 ], [ -79.8694, 8.635 ], [ -79.8706, 8.6328 ], [ -79.8715, 8.6339 ], [ -79.8724, 8.634 ], [ -79.8726, 8.6334 ], [ -79.872, 8.632 ], [ -79.8731, 8.6329 ], [ -79.8756, 8.6318 ], [ -79.872, 8.6317 ], [ -79.8666, 8.6348 ], [ -79.8657, 8.6412 ], [ -79.854, 8.6398 ], [ -79.8534, 8.6462 ], [ -79.8571, 8.6515 ], [ -79.8532, 8.6529 ], [ -79.841, 8.6444 ], [ -79.8363, 8.6366 ], [ -79.8389, 8.6321 ], [ -79.8296, 8.6288 ], [ -79.8382, 8.6266 ], [ -79.8414, 8.6229 ], [ -79.8296, 8.6276 ], [ -79.8285, 8.6254 ], [ -79.8276, 8.6242 ], [ -79.8267, 8.6237 ], [ -79.8297, 8.6297 ], [ -79.8354, 8.6325 ], [ -79.8328, 8.636 ], [ -79.7826, 8.6115 ], [ -79.7634, 8.6171 ], [ -79.7521, 8.6142 ], [ -79.7514, 8.6128 ], [ -79.753, 8.6134 ], [ -79.755, 8.6132 ], [ -79.7588, 8.6078 ], [ -79.7614, 8.6089 ], [ -79.7629, 8.6083 ], [ -79.7604, 8.607 ], [ -79.7479, 8.6113 ], [ -79.7434, 8.6205 ], [ -79.7404, 8.6191 ], [ -79.7339, 8.622 ], [ -79.7355, 8.6175 ], [ -79.7323, 8.6197 ], [ -79.724, 8.6288 ], [ -79.7323, 8.6218 ], [ -79.7353, 8.6228 ], [ -79.7405, 8.6193 ], [ -79.7429, 8.621 ], [ -79.7467, 8.6207 ], [ -79.714, 8.642 ], [ -79.6992, 8.6575 ], [ -79.699, 8.6482 ], [ -79.7515, 8.6019 ], [ -79.7562, 8.6046 ], [ -79.7641, 8.5968 ], [ -79.7662, 8.5908 ], [ -79.7719, 8.5912 ], [ -79.7661, 8.59 ], [ -79.7644, 8.591 ], [ -79.7635, 8.592 ], [ -79.763, 8.5951 ], [ -79.7554, 8.598 ], [ -79.7675, 8.5882 ], [ -79.7845, 8.577 ], [ -79.8671, 8.5531 ], [ -79.8784, 8.542 ], [ -79.8757, 8.5303 ], [ -79.901, 8.522 ], [ -79.9154, 8.5069 ], [ -79.9434, 8.4929 ], [ -79.9523, 8.4681 ], [ -79.9764, 8.4495 ], [ -80.0019, 8.4373 ], [ -80.0452, 8.4066 ], [ -80.1256, 8.364 ], [ -80.1837, 8.3262 ], [ -80.2217, 8.309 ], [ -80.2482, 8.2999 ], [ -80.2737, 8.3034 ], [ -80.2787, 8.299 ], [ -80.3041, 8.2961 ], [ -80.3104, 8.2973 ], [ -80.318, 8.3009 ], [ -80.2919, 8.2996 ], [ -80.2949, 8.3025 ], [ -80.2927, 8.3025 ], [ -80.2924, 8.3044 ], [ -80.2936, 8.3051 ], [ -80.3058, 8.3063 ], [ -80.3509, 8.2946 ], [ -80.3634, 8.295 ], [ -80.3485, 8.2965 ], [ -80.344, 8.2993 ], [ -80.3466, 8.3023 ], [ -80.3835, 8.2898 ], [ -80.3826, 8.2941 ], [ -80.391, 8.3017 ], [ -80.3949, 8.3128 ], [ -80.3867, 8.3288 ], [ -80.3944, 8.3337 ], [ -80.3964, 8.3239 ], [ -80.4011, 8.3223 ], [ -80.3987, 8.3287 ], [ -80.4031, 8.339 ], [ -80.3977, 8.3462 ], [ -80.4073, 8.3507 ], [ -80.4104, 8.3431 ], [ -80.417, 8.3482 ], [ -80.4152, 8.3405 ], [ -80.4204, 8.3431 ], [ -80.4214, 8.3358 ], [ -80.4306, 8.3426 ], [ -80.4314, 8.3355 ], [ -80.4342, 8.3397 ], [ -80.4365, 8.3368 ], [ -80.4397, 8.3411 ], [ -80.4474, 8.3411 ], [ -80.4564, 8.3338 ], [ -80.4571, 8.3274 ], [ -80.4735, 8.3245 ], [ -80.4716, 8.3335 ], [ -80.4779, 8.3329 ], [ -80.4747, 8.3391 ], [ -80.4789, 8.3381 ], [ -80.4829, 8.3436 ], [ -80.4764, 8.3656 ], [ -80.4787, 8.3683 ], [ -80.4855, 8.3639 ], [ -80.4846, 8.3806 ], [ -80.4897, 8.3809 ], [ -80.4866, 8.3835 ], [ -80.4923, 8.3858 ], [ -80.4916, 8.3918 ], [ -80.4972, 8.3852 ], [ -80.4969, 8.3921 ], [ -80.4924, 8.3948 ], [ -80.5038, 8.4013 ], [ -80.4982, 8.4137 ], [ -80.5086, 8.4338 ], [ -80.5069, 8.4549 ], [ -80.5205, 8.4712 ], [ -80.5251, 8.4874 ], [ -80.4342, 8.5246 ], [ -80.4464, 8.5486 ], [ -80.4415, 8.5533 ], [ -80.4371, 8.5516 ], [ -80.4359, 8.5631 ], [ -80.4211, 8.5684 ], [ -80.4089, 8.565 ], [ -80.4024, 8.5727 ], [ -80.4091, 8.634 ], [ -80.3965, 8.6569 ], [ -80.3835, 8.6606 ], [ -80.3812, 8.6727 ], [ -80.385, 8.6918 ], [ -80.3938, 8.7004 ], [ -80.4268, 8.709 ], [ -80.44, 8.7297 ], [ -80.4197, 8.7662 ], [ -80.4164, 8.8317 ], [ -80.4209, 8.8878 ], [ -80.4107, 8.8798 ], [ -80.3768, 8.8796 ], [ -80.3675, 8.8714 ], [ -80.3659, 8.8615 ], [ -80.2394, 8.9875 ], [ -80.2337, 8.9897 ], [ -80.2312, 8.9788 ], [ -80.2212, 8.9801 ], [ -80.2046, 9.0198 ], [ -80.2058, 9.0463 ], [ -80.1949, 9.058 ], [ -80.1949, 9.0501 ], [ -80.1892, 9.0405 ], [ -80.1831, 9.0409 ], [ -80.1844, 9.0337 ], [ -80.1784, 9.0266 ], [ -80.1852, 9.019 ], [ -80.1818, 9.0154 ], [ -80.1845, 9.009 ], [ -80.177, 8.9976 ], [ -80.1812, 8.9951 ], [ -80.1771, 8.992 ], [ -80.1813, 8.9872 ], [ -80.1771, 8.9826 ], [ -80.1711, 8.9832 ], [ -80.1755, 8.9687 ], [ -80.1664, 8.9715 ], [ -80.1678, 8.9678 ], [ -80.1632, 8.969 ], [ -80.1607, 8.9625 ], [ -80.1525, 8.9663 ], [ -80.1543, 8.9621 ], [ -80.1402, 8.9482 ] ], [ [ -80.3708, 8.4846 ], [ -80.3718, 8.4816 ], [ -80.3695, 8.4824 ], [ -80.3682, 8.4822 ], [ -80.3708, 8.4846 ] ], [ [ -80.369, 8.481 ], [ -80.3714, 8.4817 ], [ -80.3719, 8.4809 ], [ -80.369, 8.481 ] ], [ [ -80.3715, 8.4798 ], [ -80.3743, 8.4751 ], [ -80.3701, 8.4729 ], [ -80.3675, 8.4779 ], [ -80.3701, 8.4754 ], [ -80.3715, 8.4798 ] ], [ [ -80.3863, 8.4576 ], [ -80.3926, 8.4585 ], [ -80.3911, 8.4524 ], [ -80.3863, 8.4576 ] ], [ [ -80.465, 8.4605 ], [ -80.4672, 8.4609 ], [ -80.4664, 8.4595 ], [ -80.465, 8.4605 ] ], [ [ -80.4839, 8.3949 ], [ -80.4857, 8.3949 ], [ -80.4865, 8.3947 ], [ -80.4853, 8.3934 ], [ -80.4839, 8.3949 ] ], [ [ -80.3715, 8.378 ], [ -80.3758, 8.3725 ], [ -80.3754, 8.3685 ], [ -80.3715, 8.3727 ], [ -80.3715, 8.378 ] ], [ [ -80.3712, 8.3694 ], [ -80.3709, 8.3639 ], [ -80.3654, 8.3666 ], [ -80.3657, 8.3675 ], [ -80.3712, 8.3694 ] ], [ [ -80.3814, 8.3609 ], [ -80.3815, 8.3644 ], [ -80.3821, 8.3667 ], [ -80.3834, 8.3646 ], [ -80.3814, 8.3609 ] ], [ [ -80.385, 8.3602 ], [ -80.3862, 8.3619 ], [ -80.3858, 8.3599 ], [ -80.385, 8.3602 ] ], [ [ -80.4024, 8.3584 ], [ -80.4047, 8.361 ], [ -80.4047, 8.358 ], [ -80.4024, 8.3584 ] ], [ [ -80.3851, 8.3584 ], [ -80.384, 8.3575 ], [ -80.3832, 8.359 ], [ -80.3851, 8.3584 ] ], [ [ -80.4197, 8.3535 ], [ -80.4226, 8.3561 ], [ -80.4208, 8.3538 ], [ -80.4197, 8.3535 ] ], [ [ -80.3905, 8.3619 ], [ -80.3885, 8.3625 ], [ -80.3895, 8.3633 ], [ -80.3905, 8.3619 ] ], [ [ -80.1188, 8.4303 ], [ -80.1146, 8.4271 ], [ -80.1183, 8.4325 ], [ -80.1188, 8.4303 ] ], [ [ -80.2253, 8.4158 ], [ -80.2247, 8.4139 ], [ -80.2243, 8.4155 ], [ -80.2253, 8.4158 ] ], [ [ -80.2608, 8.3955 ], [ -80.2603, 8.3973 ], [ -80.2611, 8.3976 ], [ -80.2608, 8.3955 ] ], [ [ -80.2446, 8.385 ], [ -80.2427, 8.3857 ], [ -80.2452, 8.3873 ], [ -80.2446, 8.385 ] ], [ [ -80.1344, 8.3769 ], [ -80.136, 8.3768 ], [ -80.1356, 8.3765 ], [ -80.1344, 8.3769 ] ], [ [ -80.2767, 8.3759 ], [ -80.2786, 8.3731 ], [ -80.2758, 8.3749 ], [ -80.2767, 8.3759 ] ], [ [ -80.2006, 8.3669 ], [ -80.1992, 8.3674 ], [ -80.2004, 8.3688 ], [ -80.2006, 8.3669 ] ], [ [ -80.2101, 8.3666 ], [ -80.2102, 8.3652 ], [ -80.2088, 8.3648 ], [ -80.2101, 8.3666 ] ], [ [ -80.2531, 8.3643 ], [ -80.255, 8.3629 ], [ -80.254, 8.3629 ], [ -80.2531, 8.3643 ] ], [ [ -80.2018, 8.3624 ], [ -80.2026, 8.3542 ], [ -80.1976, 8.3514 ], [ -80.1933, 8.3588 ], [ -80.2019, 8.3569 ], [ -80.2018, 8.3624 ] ], [ [ -80.262, 8.3516 ], [ -80.2641, 8.3544 ], [ -80.2632, 8.3506 ], [ -80.262, 8.3516 ] ], [ [ -80.2724, 8.3568 ], [ -80.2699, 8.3591 ], [ -80.2732, 8.3592 ], [ -80.2724, 8.3568 ] ], [ [ -80.1616, 8.3495 ], [ -80.1623, 8.35 ], [ -80.1627, 8.3491 ], [ -80.1616, 8.3495 ] ], [ [ -80.1619, 8.3487 ], [ -80.1614, 8.3484 ], [ -80.1614, 8.3491 ], [ -80.1619, 8.3487 ] ], [ [ -80.1674, 8.3488 ], [ -80.1631, 8.3492 ], [ -80.1649, 8.3496 ], [ -80.1669, 8.3492 ], [ -80.1674, 8.3488 ] ], [ [ -80.1761, 8.3463 ], [ -80.1722, 8.3466 ], [ -80.1717, 8.3474 ], [ -80.174, 8.3476 ], [ -80.1761, 8.3463 ] ], [ [ -80.1644, 8.3454 ], [ -80.1639, 8.3453 ], [ -80.1635, 8.3461 ], [ -80.1644, 8.3454 ] ], [ [ -80.1766, 8.3386 ], [ -80.1751, 8.3364 ], [ -80.1738, 8.3344 ], [ -80.174, 8.337 ], [ -80.1766, 8.3386 ] ], [ [ -80.3399, 8.3359 ], [ -80.3411, 8.3376 ], [ -80.3423, 8.337 ], [ -80.3399, 8.3359 ] ], [ [ -80.2078, 8.3175 ], [ -80.2084, 8.3175 ], [ -80.2118, 8.317 ], [ -80.2091, 8.3165 ], [ -80.2078, 8.3175 ] ], [ [ -80.2276, 8.3154 ], [ -80.2337, 8.3135 ], [ -80.2371, 8.3056 ], [ -80.2301, 8.3062 ], [ -80.2262, 8.3076 ], [ -80.2293, 8.3076 ], [ -80.2248, 8.3086 ], [ -80.2265, 8.3087 ], [ -80.2285, 8.3098 ], [ -80.2266, 8.3112 ], [ -80.2249, 8.3093 ], [ -80.2208, 8.3103 ], [ -80.2225, 8.3127 ], [ -80.2289, 8.3105 ], [ -80.2276, 8.3154 ] ], [ [ -79.9513, 8.5068 ], [ -79.9487, 8.5016 ], [ -79.9469, 8.5019 ], [ -79.9513, 8.5068 ] ], [ [ -79.9427, 8.5011 ], [ -79.944, 8.4991 ], [ -79.9421, 8.4987 ], [ -79.9427, 8.5011 ] ], [ [ -79.8668, 8.6443 ], [ -79.8693, 8.6438 ], [ -79.869, 8.6423 ], [ -79.8669, 8.6435 ], [ -79.8668, 8.6443 ] ], [ [ -79.8586, 8.5634 ], [ -79.8589, 8.5617 ], [ -79.8581, 8.5621 ], [ -79.8586, 8.5634 ] ], [ [ -79.8589, 8.5592 ], [ -79.8587, 8.5572 ], [ -79.8575, 8.5584 ], [ -79.8589, 8.5592 ] ], [ [ -79.8935, 8.5363 ], [ -79.8899, 8.5352 ], [ -79.8885, 8.536 ], [ -79.8935, 8.5363 ] ] ], [ [ [ -80.2293, 8.3074 ], [ -80.2295, 8.3073 ], [ -80.2303, 8.3074 ], [ -80.2293, 8.3074 ] ] ], [ [ [ -80.2302, 8.3098 ], [ -80.23, 8.3104 ], [ -80.2296, 8.3101 ], [ -80.2302, 8.3098 ] ] ], [ [ [ -80.2254, 8.3105 ], [ -80.225, 8.3111 ], [ -80.2247, 8.311 ], [ -80.2254, 8.3105 ] ] ], [ [ [ -80.2238, 8.3113 ], [ -80.2224, 8.3107 ], [ -80.2239, 8.3111 ], [ -80.2238, 8.3113 ] ] ], [ [ [ -79.7646, 8.594 ], [ -79.7636, 8.5921 ], [ -79.7658, 8.5905 ], [ -79.7646, 8.594 ] ] ], [ [ [ -79.7553, 8.6115 ], [ -79.7544, 8.6132 ], [ -79.7521, 8.6125 ], [ -79.7553, 8.6115 ] ] ] ] } },
{ "type": "Feature", "properties": { "id": "boquete", "name": "Boquete", "tier": "priority", "products": "eco-agrotourism (coffee farms); active tourism (hiking, cycling); events; nightlife; indigenous community experiences", "nature_hooks": "Volcan Baru; cloud forest; coffee landscapes; quetzal birding; rivers", "vocation_en": "Active nature and rural tourism strongly tied to agrotourism, especially coffee estates, with events capable of generating high visitor volumes and an attractive nightlife. It complements David and Tierras Altas, and is expected to diversify into experiences offered by nearby Ngabe communities as these consolidate in the market. Investment must apply sustainability criteria in both concept and operating technology.", "vocation_es": "Destino para el turismo activo en la naturaleza y en el medio rural, muy vinculado al agroturismo, con eventos capaces de generar un elevado volumen de visitantes. Podra diversificarse incluyendo experiencias ofrecidas por las comunidades Ngabe cercanas.", "districts": "Chiriquí/Boquete", "area_km2": 489.7 }, "geometry": { "type": "Polygon", "coordinates": [ [ [ -82.3591, 8.8235 ], [ -82.3441, 8.7999 ], [ -82.3415, 8.8026 ], [ -82.3202, 8.7986 ], [ -82.307, 8.7845 ], [ -82.2593, 8.7807 ], [ -82.2587, 8.7742 ], [ -82.2847, 8.742 ], [ -82.2844, 8.7319 ], [ -82.2906, 8.7238 ], [ -82.287, 8.6917 ], [ -82.2931, 8.6888 ], [ -82.3117, 8.6941 ], [ -82.3334, 8.6875 ], [ -82.3342, 8.6811 ], [ -82.3461, 8.6803 ], [ -82.3512, 8.662 ], [ -82.3415, 8.6531 ], [ -82.3446, 8.6458 ], [ -82.3501, 8.6476 ], [ -82.3572, 8.6402 ], [ -82.3564, 8.6306 ], [ -82.3605, 8.6284 ], [ -82.3558, 8.6193 ], [ -82.3603, 8.6165 ], [ -82.3739, 8.6188 ], [ -82.3961, 8.6478 ], [ -82.395, 8.6327 ], [ -82.3798, 8.6203 ], [ -82.391, 8.6064 ], [ -82.4135, 8.5949 ], [ -82.4359, 8.6172 ], [ -82.4413, 8.6361 ], [ -82.4458, 8.645 ], [ -82.4489, 8.6439 ], [ -82.45, 8.6576 ], [ -82.4563, 8.6616 ], [ -82.4563, 8.673 ], [ -82.4625, 8.681 ], [ -82.4588, 8.6841 ], [ -82.4588, 8.6956 ], [ -82.4728, 8.7281 ], [ -82.4837, 8.7336 ], [ -82.4917, 8.747 ], [ -82.5002, 8.7498 ], [ -82.5061, 8.7659 ], [ -82.5195, 8.7819 ], [ -82.5592, 8.7703 ], [ -82.543, 8.8093 ], [ -82.543, 8.8866 ], [ -82.5295, 8.8677 ], [ -82.5164, 8.8757 ], [ -82.5023, 8.8676 ], [ -82.4871, 8.8669 ], [ -82.4795, 8.86 ], [ -82.4624, 8.8622 ], [ -82.4523, 8.8469 ], [ -82.4396, 8.8439 ], [ -82.4379, 8.8395 ], [ -82.4313, 8.8405 ], [ -82.4272, 8.834 ], [ -82.3948, 8.8271 ], [ -82.3838, 8.8179 ], [ -82.3713, 8.8162 ], [ -82.3661, 8.8235 ], [ -82.3591, 8.8235 ] ], [ [ -82.383, 8.7299 ], [ -82.3809, 8.7288 ], [ -82.381, 8.7304 ], [ -82.383, 8.7299 ] ] ] } },
{ "type": "Feature", "properties": { "id": "tierras_altas", "name": "Tierras Altas - Renacimiento", "tier": "priority", "products": "agrotourism (coffee); adventure & active nature; high-quality gastronomy; cross-border traffic; protected-area nature (PILA)", "nature_hooks": "La Amistad International Park (PILA); cloud forest; coffee landscapes; highland rivers", "vocation_en": "Tierras Altas is an active, adventure and rural destination specialising in agrotourism, particularly coffee plantations, with high-quality gastronomy complementing Boquete and David. In Renacimiento, La Amistad International Park is identified as the major resource with strong potential for intensive nature experiences; cross-border traffic also generates tourism business.", "vocation_es": "Tierras Altas: destino con encanto para turismo activo, aventura en la naturaleza y el medio rural, especializado en el nicho agroturistico, mas especificamente en las plantaciones cafetaleras. En Renacimiento se identifica el PN La Amistad como el gran recurso, con gran potencial para experiencias de contacto intenso con la naturaleza.", "districts": "Chiriquí/Tierras Altas; Chiriquí/Renacimiento", "area_km2": 887.9 }, "geometry": { "type": "Polygon", "coordinates": [ [ [ -82.6947, 8.728 ], [ -82.7006, 8.7179 ], [ -82.7216, 8.7119 ], [ -82.7249, 8.7069 ], [ -82.7223, 8.6999 ], [ -82.731, 8.6963 ], [ -82.7318, 8.6761 ], [ -82.7386, 8.6692 ], [ -82.7351, 8.6508 ], [ -82.7483, 8.6191 ], [ -82.7467, 8.5929 ], [ -82.768, 8.606 ], [ -82.7697, 8.6011 ], [ -82.7805, 8.5983 ], [ -82.7833, 8.5904 ], [ -82.789, 8.5906 ], [ -82.7882, 8.5838 ], [ -82.7963, 8.5732 ], [ -82.8053, 8.5834 ], [ -82.8333, 8.5942 ], [ -82.8265, 8.6005 ], [ -82.8386, 8.6129 ], [ -82.8284, 8.6163 ], [ -82.8352, 8.6465 ], [ -82.8552, 8.6631 ], [ -82.8592, 8.6759 ], [ -82.8644, 8.6792 ], [ -82.8618, 8.6883 ], [ -82.8671, 8.6968 ], [ -82.8804, 8.6969 ], [ -82.8974, 8.7156 ], [ -82.9041, 8.7364 ], [ -82.9167, 8.7412 ], [ -82.9203, 8.7517 ], [ -82.9093, 8.7579 ], [ -82.9194, 8.765 ], [ -82.9067, 8.7748 ], [ -82.8925, 8.7719 ], [ -82.8948, 8.7817 ], [ -82.89, 8.7863 ], [ -82.8916, 8.7937 ], [ -82.8664, 8.8052 ], [ -82.8626, 8.818 ], [ -82.8767, 8.8197 ], [ -82.8842, 8.8296 ], [ -82.8617, 8.853 ], [ -82.8205, 8.8601 ], [ -82.8129, 8.8643 ], [ -82.808, 8.8736 ], [ -82.798, 8.877 ], [ -82.7823, 8.8746 ], [ -82.7731, 8.8782 ], [ -82.7682, 8.8853 ], [ -82.7603, 8.8853 ], [ -82.7513, 8.8928 ], [ -82.7446, 8.9096 ], [ -82.7193, 8.9213 ], [ -82.7122, 8.9223 ], [ -82.7078, 8.9149 ], [ -82.6993, 8.9135 ], [ -82.6934, 8.8976 ], [ -82.6561, 8.9086 ], [ -82.6406, 8.8991 ], [ -82.628, 8.9174 ], [ -82.6241, 8.9158 ], [ -82.6259, 8.9106 ], [ -82.6182, 8.9059 ], [ -82.6003, 8.9082 ], [ -82.5932, 8.9132 ], [ -82.586, 8.9088 ], [ -82.5659, 8.9078 ], [ -82.543, 8.8866 ], [ -82.543, 8.8093 ], [ -82.5832, 8.7876 ], [ -82.5868, 8.8094 ], [ -82.6009, 8.8066 ], [ -82.6107, 8.7978 ], [ -82.6081, 8.7925 ], [ -82.6127, 8.7751 ], [ -82.6199, 8.771 ], [ -82.6223, 8.7627 ], [ -82.6192, 8.7547 ], [ -82.623, 8.734 ], [ -82.6033, 8.6681 ], [ -82.6241, 8.6648 ], [ -82.6243, 8.6683 ], [ -82.6457, 8.6613 ], [ -82.6571, 8.6728 ], [ -82.6735, 8.6708 ], [ -82.6806, 8.65 ], [ -82.6918, 8.6456 ], [ -82.6867, 8.6675 ], [ -82.696, 8.6743 ], [ -82.6998, 8.6846 ], [ -82.6979, 8.6951 ], [ -82.704, 8.701 ], [ -82.6947, 8.728 ] ], [ [ -82.8452, 8.8237 ], [ -82.8513, 8.8238 ], [ -82.8542, 8.8221 ], [ -82.8452, 8.8237 ] ] ] } },
{ "type": "Feature", "properties": { "id": "david_alanje", "name": "David - Pedregal - Alanje", "tier": "priority", "products": "business tourism; cultural tourism; nautical tourism & sport fishing; mangrove tours; cetacean watching; beach (Alanje)", "nature_hooks": "Gulf of Chiriqui mangroves (38,600 ha); cetacean watching; estuarine fisheries", "vocation_en": "David is a coastal urban destination of strong commercial character, developing business and cultural tourism, and acting as a demand hub radiating to Tierras Altas and the Chiriqui coast. Puerto Pedregal is its maritime access point, oriented to sport fishing and recreational marine activity in the vast mangrove system - 38,600 hectares within the Gulf of Chiriqui - with cetacean watching and mangrove tours as strong draws.", "vocation_es": "David: destino urbano costero de fuerte caracter comercial, con turismo de negocios y cultural, con salida al manglar y el mar a traves de Pedregal y a la playa por Alanje. Puerto Pedregal se orienta a la pesca deportiva y actividades marinas recreativas en el inmenso manglar (38,600 hectareas dentro del Golfo de Chiriqui).", "districts": "Chiriquí/David; Chiriquí/Alanje", "area_km2": 1317.7 }, "geometry": { "type": "MultiPolygon", "coordinates": [ [ [ [ -82.4421, 7.8608 ], [ -82.4424, 7.8601 ], [ -82.4428, 7.8605 ], [ -82.4421, 7.8608 ] ] ], [ [ [ -82.4407, 7.8604 ], [ -82.442, 7.8612 ], [ -82.4407, 7.8613 ], [ -82.4407, 7.8604 ] ] ], [ [ [ -82.4394, 7.8625 ], [ -82.4398, 7.862 ], [ -82.4401, 7.8624 ], [ -82.4394, 7.8625 ] ] ], [ [ [ -82.4364, 7.8648 ], [ -82.4439, 7.8634 ], [ -82.4429, 7.8669 ], [ -82.4364, 7.8648 ] ] ], [ [ [ -82.4451, 7.8667 ], [ -82.4484, 7.8683 ], [ -82.4459, 7.8701 ], [ -82.4451, 7.8667 ] ] ], [ [ [ -82.4353, 7.8696 ], [ -82.4335, 7.869 ], [ -82.4345, 7.8679 ], [ -82.4353, 7.8696 ] ] ], [ [ [ -82.4449, 7.8708 ], [ -82.4451, 7.8702 ], [ -82.4456, 7.8708 ], [ -82.4449, 7.8708 ] ] ], [ [ [ -82.4199, 8.2709 ], [ -82.4192, 8.269 ], [ -82.4174, 8.2664 ], [ -82.4177, 8.2647 ], [ -82.4248, 8.2679 ], [ -82.4199, 8.2709 ] ] ], [ [ [ -82.478, 8.2777 ], [ -82.4768, 8.2771 ], [ -82.4774, 8.2756 ], [ -82.478, 8.2777 ] ] ], [ [ [ -82.4888, 8.2782 ], [ -82.4868, 8.2763 ], [ -82.4878, 8.2765 ], [ -82.4888, 8.2782 ] ] ], [ [ [ -82.486, 8.2766 ], [ -82.4877, 8.2784 ], [ -82.4851, 8.2792 ], [ -82.486, 8.2766 ] ] ], [ [ [ -82.4292, 8.2753 ], [ -82.4282, 8.2724 ], [ -82.4391, 8.2747 ], [ -82.4397, 8.2843 ], [ -82.4292, 8.2753 ] ] ], [ [ [ -82.4899, 8.2809 ], [ -82.4879, 8.28 ], [ -82.4896, 8.2796 ], [ -82.4899, 8.2809 ] ] ], [ [ [ -82.4945, 8.2806 ], [ -82.4954, 8.2813 ], [ -82.4939, 8.2815 ], [ -82.4945, 8.2806 ] ] ], [ [ [ -82.4656, 8.286 ], [ -82.463, 8.2885 ], [ -82.4645, 8.2859 ], [ -82.4656, 8.286 ] ] ], [ [ [ -82.4811, 8.3006 ], [ -82.4792, 8.2988 ], [ -82.481, 8.2993 ], [ -82.4811, 8.3006 ] ] ], [ [ [ -82.4818, 8.3008 ], [ -82.4814, 8.299 ], [ -82.4822, 8.2995 ], [ -82.4818, 8.3008 ] ] ], [ [ [ -82.5019, 8.3027 ], [ -82.5023, 8.3015 ], [ -82.5027, 8.3021 ], [ -82.5019, 8.3027 ] ] ], [ [ [ -82.4804, 8.3049 ], [ -82.4789, 8.305 ], [ -82.4788, 8.2998 ], [ -82.4804, 8.3049 ] ] ], [ [ [ -82.5381, 8.3056 ], [ -82.5378, 8.3054 ], [ -82.5383, 8.3052 ], [ -82.5381, 8.3056 ] ] ], [ [ [ -82.4768, 8.3062 ], [ -82.4764, 8.305 ], [ -82.4769, 8.3052 ], [ -82.4768, 8.3062 ] ] ], [ [ [ -82.4757, 8.3078 ], [ -82.4757, 8.3071 ], [ -82.4763, 8.3078 ], [ -82.4757, 8.3078 ] ] ], [ [ [ -82.5059, 8.3103 ], [ -82.5047, 8.3095 ], [ -82.5082, 8.3072 ], [ -82.5059, 8.3103 ] ] ], [ [ [ -82.428, 8.3207 ], [ -82.4249, 8.3051 ], [ -82.4267, 8.3011 ], [ -82.4378, 8.3056 ], [ -82.4443, 8.3211 ], [ -82.4361, 8.3272 ], [ -82.4267, 8.3233 ], [ -82.428, 8.3207 ] ] ], [ [ [ -82.4548, 8.3141 ], [ -82.4532, 8.3166 ], [ -82.4636, 8.322 ], [ -82.4614, 8.3277 ], [ -82.4572, 8.3254 ], [ -82.4557, 8.3261 ], [ -82.4555, 8.3291 ], [ -82.4592, 8.3333 ], [ -82.4582, 8.3341 ], [ -82.4565, 8.332 ], [ -82.4435, 8.3327 ], [ -82.4498, 8.3254 ], [ -82.4494, 8.3148 ], [ -82.4548, 8.3141 ] ] ], [ [ [ -82.6517, 8.3276 ], [ -82.6517, 8.3286 ], [ -82.6504, 8.3284 ], [ -82.6517, 8.3276 ] ] ], [ [ [ -82.6887, 8.3304 ], [ -82.6988, 8.3273 ], [ -82.7011, 8.3303 ], [ -82.6887, 8.3304 ] ] ], [ [ [ -82.6672, 8.3298 ], [ -82.6627, 8.3285 ], [ -82.6602, 8.33 ], [ -82.6576, 8.3275 ], [ -82.6779, 8.3296 ], [ -82.672, 8.3294 ], [ -82.6677, 8.3316 ], [ -82.6677, 8.3327 ], [ -82.6672, 8.3298 ] ] ], [ [ [ -82.6763, 8.3304 ], [ -82.6715, 8.3307 ], [ -82.6728, 8.3298 ], [ -82.6763, 8.3304 ] ] ], [ [ [ -82.7009, 8.3306 ], [ -82.7013, 8.3312 ], [ -82.6971, 8.3318 ], [ -82.7009, 8.3306 ] ] ], [ [ [ -82.7008, 8.3334 ], [ -82.7016, 8.3325 ], [ -82.7019, 8.3331 ], [ -82.7008, 8.3334 ] ] ], [ [ [ -82.443, 8.3352 ], [ -82.4428, 8.3339 ], [ -82.4436, 8.3347 ], [ -82.443, 8.3352 ] ] ], [ [ [ -82.4398, 8.3484 ], [ -82.4393, 8.3472 ], [ -82.4388, 8.347 ], [ -82.4446, 8.3452 ], [ -82.4398, 8.3484 ] ] ], [ [ [ -82.4401, 8.355 ], [ -82.4383, 8.3529 ], [ -82.4397, 8.3524 ], [ -82.4394, 8.3532 ], [ -82.4401, 8.355 ] ] ], [ [ [ -82.4398, 8.3589 ], [ -82.4433, 8.3616 ], [ -82.4388, 8.3625 ], [ -82.4398, 8.3589 ] ] ], [ [ [ -82.6617, 8.4556 ], [ -82.6478, 8.459 ], [ -82.631, 8.4565 ], [ -82.6232, 8.4477 ], [ -82.5829, 8.4559 ], [ -82.5345, 8.4534 ], [ -82.5193, 8.4653 ], [ -82.5231, 8.4676 ], [ -82.5223, 8.4915 ], [ -82.532, 8.5084 ], [ -82.5245, 8.5138 ], [ -82.5254, 8.5732 ], [ -82.5348, 8.608 ], [ -82.5359, 8.6406 ], [ -82.5592, 8.7703 ], [ -82.5346, 8.7471 ], [ -82.5383, 8.6937 ], [ -82.5249, 8.6609 ], [ -82.5269, 8.648 ], [ -82.5147, 8.6327 ], [ -82.5097, 8.609 ], [ -82.4988, 8.5941 ], [ -82.4918, 8.5739 ], [ -82.4463, 8.5213 ], [ -82.4502, 8.5005 ], [ -82.4405, 8.4978 ], [ -82.4355, 8.4842 ], [ -82.4278, 8.4834 ], [ -82.4267, 8.4791 ], [ -82.4198, 8.4827 ], [ -82.4104, 8.4738 ], [ -82.4061, 8.4826 ], [ -82.4095, 8.4927 ], [ -82.4067, 8.5057 ], [ -82.3999, 8.5097 ], [ -82.3907, 8.51 ], [ -82.3812, 8.493 ], [ -82.3743, 8.4947 ], [ -82.3653, 8.4886 ], [ -82.3667, 8.4986 ], [ -82.3726, 8.5026 ], [ -82.369, 8.5154 ], [ -82.3747, 8.5229 ], [ -82.3744, 8.5327 ], [ -82.3834, 8.5404 ], [ -82.3921, 8.5621 ], [ -82.4135, 8.5947 ], [ -82.391, 8.6064 ], [ -82.3798, 8.6203 ], [ -82.395, 8.6328 ], [ -82.3955, 8.648 ], [ -82.3737, 8.6186 ], [ -82.3668, 8.6152 ], [ -82.3531, 8.6173 ], [ -82.3245, 8.5774 ], [ -82.322, 8.5335 ], [ -82.3168, 8.5292 ], [ -82.3141, 8.5141 ], [ -82.3076, 8.5109 ], [ -82.3085, 8.5058 ], [ -82.3014, 8.4989 ], [ -82.3032, 8.4837 ], [ -82.2927, 8.4755 ], [ -82.2841, 8.4579 ], [ -82.2846, 8.4523 ], [ -82.2998, 8.4351 ], [ -82.2928, 8.4343 ], [ -82.2888, 8.4418 ], [ -82.2868, 8.4331 ], [ -82.2729, 8.4387 ], [ -82.2639, 8.4291 ], [ -82.2538, 8.4262 ], [ -82.247, 8.4321 ], [ -82.2385, 8.4265 ], [ -82.2047, 8.4282 ], [ -82.2213, 8.4193 ], [ -82.2229, 8.4135 ], [ -82.2205, 8.405 ], [ -82.2139, 8.4006 ], [ -82.2096, 8.378 ], [ -82.2204, 8.3744 ], [ -82.2228, 8.3702 ], [ -82.2192, 8.3676 ], [ -82.2188, 8.3676 ], [ -82.218, 8.3664 ], [ -82.2227, 8.3592 ], [ -82.2343, 8.3674 ], [ -82.2427, 8.3658 ], [ -82.2282, 8.3595 ], [ -82.2359, 8.3588 ], [ -82.2382, 8.3517 ], [ -82.233, 8.356 ], [ -82.2295, 8.3525 ], [ -82.2259, 8.353 ], [ -82.2241, 8.3467 ], [ -82.2408, 8.3257 ], [ -82.2378, 8.3194 ], [ -82.2448, 8.302 ], [ -82.2577, 8.2949 ], [ -82.2668, 8.296 ], [ -82.2695, 8.29 ], [ -82.2853, 8.3062 ], [ -82.305, 8.31 ], [ -82.3078, 8.3178 ], [ -82.3018, 8.3241 ], [ -82.2983, 8.3211 ], [ -82.2952, 8.319 ], [ -82.2945, 8.3189 ], [ -82.3004, 8.3243 ], [ -82.2925, 8.3241 ], [ -82.2804, 8.3397 ], [ -82.2695, 8.3403 ], [ -82.2635, 8.3425 ], [ -82.2623, 8.3452 ], [ -82.2696, 8.3428 ], [ -82.2669, 8.3439 ], [ -82.2667, 8.3463 ], [ -82.2755, 8.3431 ], [ -82.2753, 8.3484 ], [ -82.2705, 8.3486 ], [ -82.2702, 8.3546 ], [ -82.2722, 8.3496 ], [ -82.2779, 8.3489 ], [ -82.2786, 8.3449 ], [ -82.2795, 8.3483 ], [ -82.2805, 8.3474 ], [ -82.2786, 8.3422 ], [ -82.2827, 8.3406 ], [ -82.2853, 8.3418 ], [ -82.2825, 8.3515 ], [ -82.2846, 8.3546 ], [ -82.2854, 8.3454 ], [ -82.2936, 8.3397 ], [ -82.2965, 8.3431 ], [ -82.2952, 8.3385 ], [ -82.2981, 8.3382 ], [ -82.3001, 8.3397 ], [ -82.2973, 8.3461 ], [ -82.3006, 8.3407 ], [ -82.3017, 8.343 ], [ -82.3028, 8.3444 ], [ -82.3027, 8.3451 ], [ -82.3014, 8.3464 ], [ -82.3011, 8.347 ], [ -82.3013, 8.3477 ], [ -82.3023, 8.349 ], [ -82.303, 8.3443 ], [ -82.3004, 8.3393 ], [ -82.2985, 8.3378 ], [ -82.295, 8.3368 ], [ -82.3007, 8.3305 ], [ -82.3017, 8.3338 ], [ -82.3029, 8.3328 ], [ -82.2999, 8.3373 ], [ -82.3016, 8.34 ], [ -82.3017, 8.3368 ], [ -82.3058, 8.3346 ], [ -82.316, 8.3422 ], [ -82.3116, 8.348 ], [ -82.3165, 8.36 ], [ -82.315, 8.3622 ], [ -82.3145, 8.362 ], [ -82.3157, 8.3643 ], [ -82.3173, 8.3646 ], [ -82.3185, 8.3669 ], [ -82.3198, 8.3676 ], [ -82.3123, 8.3486 ], [ -82.3192, 8.3463 ], [ -82.3143, 8.3367 ], [ -82.3172, 8.3374 ], [ -82.3187, 8.3363 ], [ -82.3237, 8.344 ], [ -82.3249, 8.3444 ], [ -82.327, 8.3437 ], [ -82.3242, 8.3476 ], [ -82.3242, 8.3504 ], [ -82.3252, 8.3523 ], [ -82.3249, 8.3526 ], [ -82.3242, 8.3518 ], [ -82.3237, 8.3519 ], [ -82.323, 8.3539 ], [ -82.3234, 8.3565 ], [ -82.3272, 8.3495 ], [ -82.3245, 8.3474 ], [ -82.3276, 8.3439 ], [ -82.3194, 8.3356 ], [ -82.322, 8.3341 ], [ -82.3215, 8.3354 ], [ -82.3244, 8.3365 ], [ -82.3254, 8.3362 ], [ -82.3221, 8.3338 ], [ -82.3269, 8.3309 ], [ -82.3298, 8.3245 ], [ -82.3373, 8.3238 ], [ -82.3452, 8.3344 ], [ -82.3422, 8.3358 ], [ -82.3489, 8.3351 ], [ -82.3445, 8.3381 ], [ -82.353, 8.338 ], [ -82.3502, 8.3403 ], [ -82.3493, 8.3433 ], [ -82.3494, 8.3438 ], [ -82.3504, 8.3452 ], [ -82.3509, 8.3454 ], [ -82.3533, 8.3382 ], [ -82.3529, 8.3376 ], [ -82.3512, 8.3373 ], [ -82.3488, 8.3377 ], [ -82.3495, 8.3346 ], [ -82.3583, 8.3343 ], [ -82.3563, 8.3357 ], [ -82.3558, 8.3367 ], [ -82.3577, 8.3395 ], [ -82.3555, 8.3392 ], [ -82.3552, 8.3393 ], [ -82.355, 8.3397 ], [ -82.355, 8.3427 ], [ -82.3581, 8.3453 ], [ -82.3553, 8.3394 ], [ -82.3599, 8.34 ], [ -82.3604, 8.3397 ], [ -82.3613, 8.3385 ], [ -82.3612, 8.3394 ], [ -82.3614, 8.3397 ], [ -82.3626, 8.3399 ], [ -82.3616, 8.3407 ], [ -82.3615, 8.3412 ], [ -82.3616, 8.3417 ], [ -82.3625, 8.342 ], [ -82.3633, 8.3415 ], [ -82.3639, 8.3418 ], [ -82.3634, 8.3414 ], [ -82.3617, 8.3415 ], [ -82.3629, 8.3399 ], [ -82.3614, 8.3384 ], [ -82.3561, 8.3366 ], [ -82.3608, 8.3372 ], [ -82.3583, 8.3323 ], [ -82.3655, 8.3281 ], [ -82.3665, 8.3357 ], [ -82.3716, 8.3359 ], [ -82.3679, 8.341 ], [ -82.3714, 8.3458 ], [ -82.3681, 8.347 ], [ -82.3646, 8.3547 ], [ -82.3642, 8.3625 ], [ -82.372, 8.3668 ], [ -82.3719, 8.3717 ], [ -82.3762, 8.3748 ], [ -82.3738, 8.3787 ], [ -82.3749, 8.3791 ], [ -82.3767, 8.3745 ], [ -82.3722, 8.3665 ], [ -82.3646, 8.3626 ], [ -82.3652, 8.3545 ], [ -82.3729, 8.3467 ], [ -82.3697, 8.3402 ], [ -82.3755, 8.3391 ], [ -82.3761, 8.338 ], [ -82.3757, 8.3361 ], [ -82.3792, 8.3372 ], [ -82.3816, 8.328 ], [ -82.3893, 8.3298 ], [ -82.3791, 8.3234 ], [ -82.3808, 8.3218 ], [ -82.384, 8.3232 ], [ -82.3873, 8.3221 ], [ -82.3726, 8.3154 ], [ -82.3752, 8.3128 ], [ -82.3795, 8.3176 ], [ -82.3868, 8.3188 ], [ -82.3905, 8.3155 ], [ -82.3911, 8.3121 ], [ -82.3923, 8.3139 ], [ -82.3938, 8.3141 ], [ -82.394, 8.31 ], [ -82.4022, 8.3095 ], [ -82.4015, 8.3064 ], [ -82.4047, 8.3074 ], [ -82.4106, 8.3035 ], [ -82.4079, 8.3063 ], [ -82.4065, 8.3118 ], [ -82.3999, 8.3138 ], [ -82.3994, 8.3152 ], [ -82.4024, 8.3183 ], [ -82.3959, 8.3208 ], [ -82.394, 8.3238 ], [ -82.3941, 8.3257 ], [ -82.3975, 8.3274 ], [ -82.3954, 8.3265 ], [ -82.3923, 8.3305 ], [ -82.3924, 8.3307 ], [ -82.3924, 8.3309 ], [ -82.3951, 8.3328 ], [ -82.3953, 8.3347 ], [ -82.3909, 8.3352 ], [ -82.3886, 8.3375 ], [ -82.3897, 8.3401 ], [ -82.394, 8.3423 ], [ -82.3951, 8.342 ], [ -82.3951, 8.3398 ], [ -82.397, 8.3389 ], [ -82.3961, 8.3703 ], [ -82.3871, 8.3748 ], [ -82.3834, 8.3822 ], [ -82.3964, 8.3718 ], [ -82.3982, 8.3408 ], [ -82.404, 8.3386 ], [ -82.4073, 8.3471 ], [ -82.4109, 8.3482 ], [ -82.4153, 8.3371 ], [ -82.4161, 8.3373 ], [ -82.416, 8.3392 ], [ -82.4163, 8.3395 ], [ -82.4164, 8.3397 ], [ -82.4216, 8.338 ], [ -82.417, 8.3401 ], [ -82.4169, 8.3405 ], [ -82.4169, 8.3411 ], [ -82.4178, 8.3417 ], [ -82.4167, 8.3418 ], [ -82.4166, 8.3431 ], [ -82.4171, 8.3433 ], [ -82.4257, 8.3363 ], [ -82.4284, 8.3272 ], [ -82.4308, 8.343 ], [ -82.4295, 8.3421 ], [ -82.4299, 8.3456 ], [ -82.432, 8.347 ], [ -82.4245, 8.3475 ], [ -82.424, 8.3487 ], [ -82.4284, 8.3477 ], [ -82.4313, 8.3511 ], [ -82.4299, 8.3513 ], [ -82.4276, 8.3532 ], [ -82.4267, 8.3548 ], [ -82.4279, 8.3553 ], [ -82.4277, 8.3533 ], [ -82.4314, 8.3513 ], [ -82.4326, 8.347 ], [ -82.4301, 8.3451 ], [ -82.4385, 8.3463 ], [ -82.4346, 8.3591 ], [ -82.4336, 8.359 ], [ -82.4322, 8.3603 ], [ -82.4321, 8.3618 ], [ -82.4314, 8.3608 ], [ -82.4303, 8.3605 ], [ -82.4298, 8.3606 ], [ -82.432, 8.362 ], [ -82.4343, 8.3594 ], [ -82.4336, 8.366 ], [ -82.4301, 8.3627 ], [ -82.4262, 8.3666 ], [ -82.4221, 8.3634 ], [ -82.4166, 8.3681 ], [ -82.417, 8.3644 ], [ -82.4155, 8.3634 ], [ -82.4133, 8.3631 ], [ -82.4082, 8.3702 ], [ -82.4135, 8.3634 ], [ -82.4168, 8.3685 ], [ -82.4223, 8.3638 ], [ -82.4262, 8.3672 ], [ -82.43, 8.3631 ], [ -82.4327, 8.3673 ], [ -82.4375, 8.3623 ], [ -82.4415, 8.3738 ], [ -82.4491, 8.3747 ], [ -82.4498, 8.3737 ], [ -82.4496, 8.3715 ], [ -82.4448, 8.3707 ], [ -82.4467, 8.3663 ], [ -82.4463, 8.3652 ], [ -82.4416, 8.3658 ], [ -82.4408, 8.3691 ], [ -82.4385, 8.3632 ], [ -82.4427, 8.3626 ], [ -82.4435, 8.3617 ], [ -82.4433, 8.3604 ], [ -82.4396, 8.3585 ], [ -82.4359, 8.3603 ], [ -82.4378, 8.3538 ], [ -82.4396, 8.3552 ], [ -82.4404, 8.3551 ], [ -82.44, 8.3525 ], [ -82.4405, 8.3541 ], [ -82.4471, 8.3443 ], [ -82.4356, 8.3434 ], [ -82.4325, 8.3364 ], [ -82.4345, 8.3322 ], [ -82.4496, 8.3382 ], [ -82.4464, 8.3355 ], [ -82.4601, 8.3342 ], [ -82.4605, 8.3357 ], [ -82.4566, 8.3366 ], [ -82.4558, 8.3382 ], [ -82.4563, 8.3391 ], [ -82.4569, 8.3394 ], [ -82.4605, 8.3392 ], [ -82.4565, 8.3409 ], [ -82.4559, 8.342 ], [ -82.4566, 8.343 ], [ -82.4589, 8.3438 ], [ -82.4569, 8.3484 ], [ -82.4578, 8.3512 ], [ -82.4584, 8.3516 ], [ -82.4589, 8.3516 ], [ -82.4614, 8.3503 ], [ -82.4572, 8.3488 ], [ -82.4594, 8.3442 ], [ -82.4588, 8.3431 ], [ -82.4566, 8.3427 ], [ -82.4562, 8.3417 ], [ -82.4603, 8.3401 ], [ -82.461, 8.3387 ], [ -82.4561, 8.3378 ], [ -82.4605, 8.3362 ], [ -82.4611, 8.3349 ], [ -82.4557, 8.3271 ], [ -82.4616, 8.3283 ], [ -82.4646, 8.326 ], [ -82.4649, 8.3254 ], [ -82.4651, 8.3244 ], [ -82.4652, 8.3241 ], [ -82.4635, 8.3256 ], [ -82.4639, 8.3229 ], [ -82.4636, 8.322 ], [ -82.4635, 8.3215 ], [ -82.4552, 8.3136 ], [ -82.4494, 8.3104 ], [ -82.4525, 8.3061 ], [ -82.4589, 8.3094 ], [ -82.459, 8.3005 ], [ -82.4617, 8.3005 ], [ -82.4626, 8.3049 ], [ -82.4671, 8.3079 ], [ -82.4623, 8.3006 ], [ -82.4756, 8.2982 ], [ -82.4737, 8.3114 ], [ -82.475, 8.3117 ], [ -82.4743, 8.3109 ], [ -82.4765, 8.3086 ], [ -82.4763, 8.3078 ], [ -82.4762, 8.3071 ], [ -82.4787, 8.3083 ], [ -82.4761, 8.3125 ], [ -82.4766, 8.3142 ], [ -82.4772, 8.3152 ], [ -82.4802, 8.3078 ], [ -82.4847, 8.3168 ], [ -82.4906, 8.314 ], [ -82.4907, 8.3148 ], [ -82.4877, 8.3166 ], [ -82.4874, 8.3175 ], [ -82.4907, 8.3155 ], [ -82.4911, 8.314 ], [ -82.4874, 8.3132 ], [ -82.4849, 8.3164 ], [ -82.4834, 8.3117 ], [ -82.4865, 8.3111 ], [ -82.4868, 8.3104 ], [ -82.4857, 8.309 ], [ -82.4856, 8.309 ], [ -82.4865, 8.3108 ], [ -82.4829, 8.311 ], [ -82.4799, 8.306 ], [ -82.4857, 8.2981 ], [ -82.5003, 8.2999 ], [ -82.4991, 8.3086 ], [ -82.5009, 8.3103 ], [ -82.5045, 8.31 ], [ -82.5028, 8.3123 ], [ -82.5031, 8.3143 ], [ -82.5076, 8.3147 ], [ -82.503, 8.3131 ], [ -82.508, 8.3099 ], [ -82.509, 8.3068 ], [ -82.5013, 8.3096 ], [ -82.5038, 8.3015 ], [ -82.5073, 8.3006 ], [ -82.5088, 8.3034 ], [ -82.5122, 8.305 ], [ -82.5102, 8.3064 ], [ -82.5101, 8.3095 ], [ -82.5107, 8.3095 ], [ -82.5125, 8.308 ], [ -82.5102, 8.3093 ], [ -82.5125, 8.3051 ], [ -82.5074, 8.3001 ], [ -82.5093, 8.2972 ], [ -82.5247, 8.3073 ], [ -82.5225, 8.307 ], [ -82.5202, 8.3089 ], [ -82.527, 8.3086 ], [ -82.5265, 8.3108 ], [ -82.5241, 8.3097 ], [ -82.5236, 8.3098 ], [ -82.5234, 8.3104 ], [ -82.5265, 8.3111 ], [ -82.5392, 8.3062 ], [ -82.5421, 8.3096 ], [ -82.5401, 8.3104 ], [ -82.5379, 8.3137 ], [ -82.5439, 8.3155 ], [ -82.5444, 8.3153 ], [ -82.5448, 8.3149 ], [ -82.5449, 8.3135 ], [ -82.5382, 8.3134 ], [ -82.5441, 8.31 ], [ -82.5397, 8.3057 ], [ -82.5411, 8.3058 ], [ -82.5424, 8.3052 ], [ -82.5421, 8.3025 ], [ -82.5448, 8.3025 ], [ -82.5418, 8.3023 ], [ -82.5412, 8.3055 ], [ -82.5389, 8.3046 ], [ -82.532, 8.3059 ], [ -82.5345, 8.2984 ], [ -82.5294, 8.3069 ], [ -82.5106, 8.2943 ], [ -82.4998, 8.2974 ], [ -82.4898, 8.2939 ], [ -82.4549, 8.2959 ], [ -82.4796, 8.2788 ], [ -82.5024, 8.2858 ], [ -82.5035, 8.2855 ], [ -82.5042, 8.2847 ], [ -82.4874, 8.2759 ], [ -82.4811, 8.2772 ], [ -82.4826, 8.2734 ], [ -82.4769, 8.2747 ], [ -82.475, 8.2792 ], [ -82.4736, 8.275 ], [ -82.4729, 8.2785 ], [ -82.4682, 8.2772 ], [ -82.4837, 8.2701 ], [ -82.6566, 8.3273 ], [ -82.6501, 8.3269 ], [ -82.6497, 8.3282 ], [ -82.651, 8.3291 ], [ -82.6573, 8.328 ], [ -82.6594, 8.331 ], [ -82.6669, 8.3299 ], [ -82.6661, 8.3321 ], [ -82.6624, 8.332 ], [ -82.6609, 8.3341 ], [ -82.6616, 8.3351 ], [ -82.6666, 8.3359 ], [ -82.6674, 8.3369 ], [ -82.6665, 8.3354 ], [ -82.6614, 8.3345 ], [ -82.6628, 8.3322 ], [ -82.6683, 8.3332 ], [ -82.6834, 8.3314 ], [ -82.6871, 8.3336 ], [ -82.6847, 8.3352 ], [ -82.6876, 8.334 ], [ -82.689, 8.3376 ], [ -82.6916, 8.3363 ], [ -82.6929, 8.337 ], [ -82.6909, 8.3373 ], [ -82.6895, 8.339 ], [ -82.6923, 8.3409 ], [ -82.6907, 8.3416 ], [ -82.6907, 8.3422 ], [ -82.6915, 8.3436 ], [ -82.6897, 8.3435 ], [ -82.689, 8.3437 ], [ -82.6888, 8.344 ], [ -82.689, 8.3445 ], [ -82.6912, 8.3455 ], [ -82.6918, 8.3469 ], [ -82.6912, 8.3453 ], [ -82.6889, 8.344 ], [ -82.6917, 8.3437 ], [ -82.6926, 8.3409 ], [ -82.6898, 8.339 ], [ -82.6932, 8.3371 ], [ -82.6876, 8.3327 ], [ -82.7012, 8.3316 ], [ -82.7006, 8.3336 ], [ -82.7077, 8.3383 ], [ -82.7077, 8.3416 ], [ -82.7086, 8.3396 ], [ -82.7078, 8.3478 ], [ -82.7143, 8.3464 ], [ -82.7139, 8.3483 ], [ -82.7156, 8.3529 ], [ -82.7135, 8.3571 ], [ -82.7113, 8.3555 ], [ -82.7107, 8.3553 ], [ -82.7102, 8.3555 ], [ -82.7097, 8.3563 ], [ -82.7095, 8.3574 ], [ -82.7096, 8.3582 ], [ -82.7102, 8.3588 ], [ -82.7103, 8.3556 ], [ -82.7132, 8.3574 ], [ -82.714, 8.357 ], [ -82.7149, 8.3553 ], [ -82.7158, 8.3525 ], [ -82.7144, 8.3461 ], [ -82.7134, 8.3457 ], [ -82.7166, 8.3451 ], [ -82.7197, 8.3532 ], [ -82.7404, 8.3619 ], [ -82.7389, 8.3668 ], [ -82.7553, 8.3704 ], [ -82.7596, 8.3807 ], [ -82.7735, 8.3843 ], [ -82.773, 8.3988 ], [ -82.7783, 8.4003 ], [ -82.7746, 8.4142 ], [ -82.7848, 8.4209 ], [ -82.783, 8.4294 ], [ -82.7884, 8.4296 ], [ -82.7899, 8.4391 ], [ -82.7927, 8.4342 ], [ -82.7978, 8.4349 ], [ -82.7985, 8.4437 ], [ -82.724, 8.4585 ], [ -82.7003, 8.4543 ], [ -82.7002, 8.4484 ], [ -82.686, 8.4493 ], [ -82.6851, 8.4584 ], [ -82.676, 8.463 ], [ -82.6617, 8.4556 ] ], [ [ -82.2208, 8.3683 ], [ -82.223, 8.3681 ], [ -82.2238, 8.3687 ], [ -82.225, 8.3689 ], [ -82.223, 8.3679 ], [ -82.2192, 8.3676 ], [ -82.2208, 8.3683 ] ], [ [ -82.3148, 8.361 ], [ -82.3144, 8.3606 ], [ -82.3144, 8.362 ], [ -82.3145, 8.362 ], [ -82.3148, 8.361 ] ], [ [ -82.3143, 8.3604 ], [ -82.3129, 8.3603 ], [ -82.3125, 8.3605 ], [ -82.3122, 8.3608 ], [ -82.3144, 8.3606 ], [ -82.3143, 8.3604 ] ], [ [ -82.344, 8.3384 ], [ -82.3473, 8.3439 ], [ -82.3479, 8.3435 ], [ -82.3445, 8.3381 ], [ -82.344, 8.3384 ] ], [ [ -82.3446, 8.343 ], [ -82.3406, 8.3434 ], [ -82.3398, 8.3441 ], [ -82.3469, 8.3444 ], [ -82.3473, 8.3439 ], [ -82.3446, 8.343 ] ], [ [ -82.3396, 8.3443 ], [ -82.3396, 8.3451 ], [ -82.3414, 8.348 ], [ -82.3417, 8.348 ], [ -82.3411, 8.3465 ], [ -82.3436, 8.3452 ], [ -82.3398, 8.3441 ], [ -82.3396, 8.3443 ] ], [ [ -82.3424, 8.3481 ], [ -82.3434, 8.3475 ], [ -82.3439, 8.3478 ], [ -82.3434, 8.3473 ], [ -82.3417, 8.348 ], [ -82.3424, 8.3481 ] ], [ [ -82.3423, 8.3521 ], [ -82.3441, 8.3479 ], [ -82.3439, 8.3478 ], [ -82.3423, 8.3521 ] ], [ [ -82.4294, 8.342 ], [ -82.4282, 8.3433 ], [ -82.4273, 8.3422 ], [ -82.4264, 8.3421 ], [ -82.4261, 8.3424 ], [ -82.4263, 8.3427 ], [ -82.4276, 8.3435 ], [ -82.4271, 8.3445 ], [ -82.4272, 8.3446 ], [ -82.4295, 8.3421 ], [ -82.4294, 8.342 ] ], [ [ -82.4266, 8.3436 ], [ -82.4247, 8.3422 ], [ -82.4242, 8.3425 ], [ -82.424, 8.3428 ], [ -82.4248, 8.3438 ], [ -82.4232, 8.3437 ], [ -82.4271, 8.3445 ], [ -82.4266, 8.3436 ] ], [ [ -82.4238, 8.349 ], [ -82.4249, 8.3511 ], [ -82.4247, 8.3516 ], [ -82.424, 8.351 ], [ -82.4234, 8.3514 ], [ -82.4246, 8.3524 ], [ -82.4229, 8.3539 ], [ -82.4237, 8.3558 ], [ -82.4252, 8.3507 ], [ -82.424, 8.3487 ], [ -82.4238, 8.349 ] ], [ [ -82.4225, 8.3546 ], [ -82.421, 8.3539 ], [ -82.4196, 8.3538 ], [ -82.4237, 8.356 ], [ -82.4237, 8.3558 ], [ -82.4225, 8.3546 ] ], [ [ -82.4405, 8.3545 ], [ -82.4446, 8.3548 ], [ -82.4493, 8.3528 ], [ -82.4494, 8.353 ], [ -82.4489, 8.3537 ], [ -82.4488, 8.3552 ], [ -82.4501, 8.3561 ], [ -82.4495, 8.3528 ], [ -82.4482, 8.3523 ], [ -82.4405, 8.3541 ], [ -82.4405, 8.3545 ] ], [ [ -82.4664, 8.3251 ], [ -82.4667, 8.3248 ], [ -82.4668, 8.3242 ], [ -82.4652, 8.324 ], [ -82.4652, 8.3241 ], [ -82.4664, 8.3251 ] ], [ [ -82.4872, 8.3177 ], [ -82.4877, 8.3187 ], [ -82.4888, 8.32 ], [ -82.4919, 8.3205 ], [ -82.4909, 8.3222 ], [ -82.4914, 8.3233 ], [ -82.4921, 8.3203 ], [ -82.4874, 8.3175 ], [ -82.4872, 8.3177 ] ], [ [ -82.5043, 8.3154 ], [ -82.5024, 8.3172 ], [ -82.5014, 8.3145 ], [ -82.5005, 8.3143 ], [ -82.4945, 8.3189 ], [ -82.5002, 8.3215 ], [ -82.5025, 8.3192 ], [ -82.5013, 8.3219 ], [ -82.5016, 8.3227 ], [ -82.5023, 8.3226 ], [ -82.5047, 8.3205 ], [ -82.5016, 8.3225 ], [ -82.5028, 8.319 ], [ -82.5014, 8.3188 ], [ -82.5001, 8.3211 ], [ -82.4979, 8.3169 ], [ -82.5027, 8.3176 ], [ -82.508, 8.3148 ], [ -82.5076, 8.3147 ], [ -82.5043, 8.3154 ] ], [ [ -82.5074, 8.3236 ], [ -82.508, 8.3237 ], [ -82.5083, 8.3234 ], [ -82.5073, 8.3219 ], [ -82.5084, 8.3223 ], [ -82.5089, 8.322 ], [ -82.5051, 8.3202 ], [ -82.5047, 8.3205 ], [ -82.5074, 8.3236 ] ], [ [ -82.6625, 8.3386 ], [ -82.6614, 8.3399 ], [ -82.6601, 8.34 ], [ -82.6599, 8.3403 ], [ -82.6613, 8.3402 ], [ -82.6676, 8.3371 ], [ -82.6674, 8.3369 ], [ -82.6625, 8.3386 ] ], [ [ -82.5451, 8.3156 ], [ -82.5485, 8.3179 ], [ -82.5474, 8.3196 ], [ -82.5481, 8.3205 ], [ -82.5487, 8.3179 ], [ -82.546, 8.3135 ], [ -82.5456, 8.3135 ], [ -82.5451, 8.3156 ] ], [ [ -82.508, 8.3857 ], [ -82.5073, 8.3852 ], [ -82.5063, 8.3893 ], [ -82.508, 8.3857 ] ], [ [ -82.5371, 8.365 ], [ -82.5366, 8.3666 ], [ -82.5377, 8.3657 ], [ -82.5371, 8.365 ] ], [ [ -82.6136, 8.3213 ], [ -82.615, 8.3215 ], [ -82.6153, 8.3207 ], [ -82.6136, 8.3213 ] ], [ [ -82.5509, 8.2971 ], [ -82.5284, 8.2905 ], [ -82.5218, 8.2898 ], [ -82.5509, 8.2971 ] ], [ [ -82.4571, 8.4217 ], [ -82.4579, 8.4208 ], [ -82.4574, 8.4205 ], [ -82.4539, 8.421 ], [ -82.4515, 8.422 ], [ -82.4571, 8.4217 ] ], [ [ -82.3111, 8.4903 ], [ -82.3112, 8.489 ], [ -82.3093, 8.4879 ], [ -82.3111, 8.4903 ] ] ], [ [ [ -82.4435, 8.3703 ], [ -82.4416, 8.3668 ], [ -82.4459, 8.3654 ], [ -82.4445, 8.3687 ], [ -82.4448, 8.3707 ], [ -82.4449, 8.3715 ], [ -82.4493, 8.374 ], [ -82.4419, 8.3735 ], [ -82.4435, 8.3703 ] ] ], [ [ [ -82.442, 8.3726 ], [ -82.4409, 8.3713 ], [ -82.4431, 8.3701 ], [ -82.442, 8.3726 ] ] ], [ [ [ -82.456, 8.421 ], [ -82.456, 8.4209 ], [ -82.457, 8.4208 ], [ -82.456, 8.421 ] ] ], [ [ [ -82.3718, 8.1026 ], [ -82.3708, 8.102 ], [ -82.3721, 8.1013 ], [ -82.3718, 8.1026 ] ] ], [ [ [ -82.367, 8.1079 ], [ -82.3683, 8.1063 ], [ -82.367, 8.1089 ], [ -82.367, 8.1079 ] ] ], [ [ [ -82.3631, 8.1241 ], [ -82.3635, 8.1225 ], [ -82.367, 8.1223 ], [ -82.3631, 8.1241 ] ] ], [ [ [ -82.3739, 8.2315 ], [ -82.3729, 8.2315 ], [ -82.3734, 8.231 ], [ -82.3739, 8.2315 ] ] ], [ [ [ -82.3679, 8.2342 ], [ -82.3686, 8.2341 ], [ -82.3678, 8.2345 ], [ -82.3679, 8.2342 ] ] ], [ [ [ -82.3645, 8.2353 ], [ -82.3661, 8.2348 ], [ -82.3652, 8.2353 ], [ -82.3645, 8.2353 ] ] ], [ [ [ -82.3568, 8.2366 ], [ -82.3567, 8.2363 ], [ -82.3581, 8.2361 ], [ -82.3568, 8.2366 ] ] ], [ [ [ -82.3436, 8.2663 ], [ -82.3506, 8.2617 ], [ -82.3444, 8.259 ], [ -82.3479, 8.2544 ], [ -82.3417, 8.259 ], [ -82.3158, 8.2461 ], [ -82.3394, 8.249 ], [ -82.3416, 8.2482 ], [ -82.3491, 8.2436 ], [ -82.3496, 8.2484 ], [ -82.3517, 8.251 ], [ -82.3549, 8.2511 ], [ -82.3582, 8.2496 ], [ -82.3592, 8.2478 ], [ -82.359, 8.2501 ], [ -82.3618, 8.2509 ], [ -82.3594, 8.2477 ], [ -82.3573, 8.2484 ], [ -82.3593, 8.2448 ], [ -82.3665, 8.254 ], [ -82.3679, 8.2511 ], [ -82.3604, 8.2441 ], [ -82.3573, 8.2448 ], [ -82.3532, 8.2499 ], [ -82.3487, 8.2412 ], [ -82.3374, 8.2471 ], [ -82.3239, 8.2376 ], [ -82.341, 8.2339 ], [ -82.3563, 8.2377 ], [ -82.3743, 8.2337 ], [ -82.3753, 8.2396 ], [ -82.3726, 8.2392 ], [ -82.3744, 8.2385 ], [ -82.3734, 8.2375 ], [ -82.3732, 8.2361 ], [ -82.3728, 8.2357 ], [ -82.3724, 8.2394 ], [ -82.383, 8.2449 ], [ -82.3855, 8.2447 ], [ -82.3762, 8.2387 ], [ -82.3735, 8.2296 ], [ -82.3867, 8.2251 ], [ -82.3903, 8.2198 ], [ -82.4331, 8.2577 ], [ -82.4311, 8.2607 ], [ -82.4212, 8.257 ], [ -82.4058, 8.2597 ], [ -82.4019, 8.2537 ], [ -82.3935, 8.2537 ], [ -82.3929, 8.2498 ], [ -82.3916, 8.2516 ], [ -82.3931, 8.2535 ], [ -82.3916, 8.257 ], [ -82.392, 8.2583 ], [ -82.3941, 8.259 ], [ -82.3957, 8.2581 ], [ -82.3967, 8.2566 ], [ -82.3969, 8.2539 ], [ -82.4027, 8.2575 ], [ -82.3855, 8.2755 ], [ -82.3782, 8.2706 ], [ -82.3742, 8.2779 ], [ -82.3675, 8.2722 ], [ -82.3583, 8.2797 ], [ -82.3436, 8.2663 ] ], [ [ -82.4105, 8.2434 ], [ -82.4109, 8.2433 ], [ -82.4099, 8.2412 ], [ -82.4105, 8.2434 ] ], [ [ -82.3429, 8.2351 ], [ -82.3419, 8.2381 ], [ -82.3421, 8.2381 ], [ -82.3429, 8.2351 ] ] ], [ [ [ -82.3935, 8.2541 ], [ -82.3961, 8.2549 ], [ -82.3945, 8.2582 ], [ -82.3935, 8.2541 ] ] ], [ [ [ -82.3531, 8.2851 ], [ -82.3384, 8.2886 ], [ -82.3315, 8.2826 ], [ -82.3221, 8.2819 ], [ -82.3197, 8.2703 ], [ -82.3266, 8.258 ], [ -82.3413, 8.2614 ], [ -82.3422, 8.2683 ], [ -82.3495, 8.2767 ], [ -82.3583, 8.2812 ], [ -82.3654, 8.2777 ], [ -82.3742, 8.2883 ], [ -82.381, 8.2856 ], [ -82.3959, 8.2683 ], [ -82.4106, 8.2623 ], [ -82.4175, 8.2639 ], [ -82.4173, 8.2665 ], [ -82.4212, 8.274 ], [ -82.3974, 8.2788 ], [ -82.3939, 8.2869 ], [ -82.3673, 8.2894 ], [ -82.3531, 8.2851 ] ] ], [ [ [ -82.3804, 8.2753 ], [ -82.38, 8.2746 ], [ -82.3808, 8.2745 ], [ -82.3804, 8.2753 ] ] ], [ [ [ -82.3822, 8.2752 ], [ -82.382, 8.2758 ], [ -82.3816, 8.2755 ], [ -82.3822, 8.2752 ] ] ], [ [ [ -82.3779, 8.2759 ], [ -82.3779, 8.275 ], [ -82.3787, 8.2754 ], [ -82.3779, 8.2759 ] ] ], [ [ [ -82.3818, 8.2774 ], [ -82.3835, 8.2788 ], [ -82.3797, 8.2797 ], [ -82.3818, 8.2774 ] ] ], [ [ [ -82.377, 8.28 ], [ -82.3778, 8.2794 ], [ -82.3778, 8.28 ], [ -82.377, 8.28 ] ] ], [ [ [ -82.3811, 8.28 ], [ -82.3795, 8.2802 ], [ -82.3795, 8.2799 ], [ -82.3811, 8.28 ] ] ], [ [ [ -82.3783, 8.2804 ], [ -82.378, 8.2799 ], [ -82.3793, 8.28 ], [ -82.3783, 8.2804 ] ] ], [ [ [ -82.3789, 8.2822 ], [ -82.3783, 8.2813 ], [ -82.3797, 8.2815 ], [ -82.3789, 8.2822 ] ] ], [ [ [ -82.3812, 8.2825 ], [ -82.3802, 8.2827 ], [ -82.3803, 8.2809 ], [ -82.3812, 8.2825 ] ] ], [ [ [ -82.3762, 8.2824 ], [ -82.3752, 8.2823 ], [ -82.3752, 8.2814 ], [ -82.3762, 8.2824 ] ] ], [ [ [ -82.3782, 8.2813 ], [ -82.3786, 8.2826 ], [ -82.3772, 8.2831 ], [ -82.3782, 8.2813 ] ] ], [ [ [ -82.3754, 8.284 ], [ -82.3752, 8.2825 ], [ -82.3761, 8.2828 ], [ -82.3754, 8.284 ] ] ], [ [ [ -82.3975, 8.3061 ], [ -82.3909, 8.2939 ], [ -82.406, 8.2862 ], [ -82.4196, 8.2865 ], [ -82.4182, 8.2957 ], [ -82.4175, 8.2935 ], [ -82.415, 8.2944 ], [ -82.4177, 8.3062 ], [ -82.4087, 8.3025 ], [ -82.3975, 8.3061 ] ] ], [ [ [ -82.3513, 8.2998 ], [ -82.3533, 8.2996 ], [ -82.3547, 8.2983 ], [ -82.3474, 8.296 ], [ -82.3507, 8.2892 ], [ -82.3528, 8.292 ], [ -82.3623, 8.2925 ], [ -82.3671, 8.3032 ], [ -82.3551, 8.3051 ], [ -82.3513, 8.2998 ] ] ], [ [ [ -82.4066, 8.3039 ], [ -82.4078, 8.3035 ], [ -82.4078, 8.3038 ], [ -82.4066, 8.3039 ] ] ], [ [ [ -82.379, 8.3152 ], [ -82.3745, 8.3115 ], [ -82.3657, 8.2925 ], [ -82.39, 8.2926 ], [ -82.3917, 8.2991 ], [ -82.3878, 8.3 ], [ -82.3877, 8.3004 ], [ -82.3887, 8.3013 ], [ -82.3874, 8.3019 ], [ -82.3874, 8.3027 ], [ -82.3923, 8.2995 ], [ -82.3974, 8.3086 ], [ -82.3936, 8.3099 ], [ -82.3935, 8.3139 ], [ -82.3908, 8.3117 ], [ -82.3866, 8.3183 ], [ -82.3833, 8.3133 ], [ -82.382, 8.3124 ], [ -82.3804, 8.3122 ], [ -82.379, 8.3152 ] ] ], [ [ [ -82.3996, 8.308 ], [ -82.4001, 8.3061 ], [ -82.4007, 8.3064 ], [ -82.3996, 8.308 ] ] ], [ [ [ -82.3983, 8.3081 ], [ -82.3983, 8.3071 ], [ -82.3989, 8.3075 ], [ -82.3983, 8.3081 ] ] ], [ [ [ -82.3807, 8.3123 ], [ -82.3839, 8.3146 ], [ -82.3823, 8.3161 ], [ -82.3791, 8.3157 ], [ -82.3807, 8.3123 ] ] ], [ [ [ -82.3833, 8.3159 ], [ -82.3839, 8.3154 ], [ -82.3841, 8.3159 ], [ -82.3833, 8.3159 ] ] ], [ [ [ -82.3644, 8.325 ], [ -82.3499, 8.3318 ], [ -82.3433, 8.3291 ], [ -82.3423, 8.3269 ], [ -82.346, 8.3283 ], [ -82.3449, 8.3273 ], [ -82.3471, 8.3252 ], [ -82.3477, 8.3224 ], [ -82.3485, 8.3253 ], [ -82.3497, 8.3263 ], [ -82.3505, 8.3262 ], [ -82.351, 8.3256 ], [ -82.3513, 8.3245 ], [ -82.3509, 8.3237 ], [ -82.3521, 8.3248 ], [ -82.3527, 8.3246 ], [ -82.3509, 8.3235 ], [ -82.3496, 8.3261 ], [ -82.3478, 8.3218 ], [ -82.3445, 8.3262 ], [ -82.3376, 8.3154 ], [ -82.3443, 8.2985 ], [ -82.3545, 8.3058 ], [ -82.3615, 8.3047 ], [ -82.3592, 8.3082 ], [ -82.3598, 8.3104 ], [ -82.3619, 8.3049 ], [ -82.3709, 8.3079 ], [ -82.3724, 8.3117 ], [ -82.3665, 8.3152 ], [ -82.3626, 8.3217 ], [ -82.3713, 8.3134 ], [ -82.3722, 8.3173 ], [ -82.377, 8.3212 ], [ -82.3706, 8.3219 ], [ -82.3685, 8.327 ], [ -82.3708, 8.3221 ], [ -82.3802, 8.3216 ], [ -82.3782, 8.3236 ], [ -82.3815, 8.3276 ], [ -82.3784, 8.3353 ], [ -82.3644, 8.325 ] ] ], [ [ [ -82.4046, 8.3167 ], [ -82.4045, 8.3196 ], [ -82.4014, 8.317 ], [ -82.4046, 8.3167 ] ] ], [ [ [ -82.3951, 8.3398 ], [ -82.395, 8.3398 ], [ -82.3943, 8.3421 ], [ -82.3892, 8.3379 ], [ -82.3953, 8.3347 ], [ -82.3955, 8.3346 ], [ -82.3957, 8.3335 ], [ -82.3948, 8.3321 ], [ -82.3924, 8.3307 ], [ -82.3976, 8.3276 ], [ -82.3975, 8.3274 ], [ -82.3957, 8.3217 ], [ -82.4046, 8.3198 ], [ -82.4047, 8.3165 ], [ -82.4004, 8.3144 ], [ -82.407, 8.3127 ], [ -82.4102, 8.306 ], [ -82.4187, 8.3078 ], [ -82.426, 8.2935 ], [ -82.4361, 8.2977 ], [ -82.4381, 8.3036 ], [ -82.4248, 8.3005 ], [ -82.4244, 8.3164 ], [ -82.42, 8.3142 ], [ -82.4119, 8.314 ], [ -82.4116, 8.3266 ], [ -82.4066, 8.3258 ], [ -82.4037, 8.3276 ], [ -82.4044, 8.3289 ], [ -82.4071, 8.3308 ], [ -82.4041, 8.3328 ], [ -82.4039, 8.3344 ], [ -82.4045, 8.3363 ], [ -82.4133, 8.3353 ], [ -82.4118, 8.3448 ], [ -82.408, 8.3452 ], [ -82.4046, 8.3377 ], [ -82.3975, 8.3384 ], [ -82.3951, 8.3398 ] ] ], [ [ [ -82.3777, 8.3204 ], [ -82.3775, 8.3189 ], [ -82.3782, 8.3193 ], [ -82.3777, 8.3204 ] ] ], [ [ [ -82.3807, 8.3203 ], [ -82.3782, 8.3208 ], [ -82.3786, 8.3191 ], [ -82.3807, 8.3203 ] ] ], [ [ [ -82.4046, 8.336 ], [ -82.4048, 8.3326 ], [ -82.4114, 8.3328 ], [ -82.4039, 8.3278 ], [ -82.4116, 8.3266 ], [ -82.4118, 8.3266 ], [ -82.4122, 8.3144 ], [ -82.4199, 8.3149 ], [ -82.4275, 8.3208 ], [ -82.4229, 8.3291 ], [ -82.4237, 8.3355 ], [ -82.4186, 8.3334 ], [ -82.4046, 8.336 ] ] ], [ [ [ -82.4192, 8.3349 ], [ -82.4209, 8.3369 ], [ -82.4163, 8.3395 ], [ -82.4162, 8.3373 ], [ -82.4152, 8.3368 ], [ -82.4192, 8.3349 ] ] ], [ [ [ -82.3742, 8.3389 ], [ -82.3712, 8.3375 ], [ -82.3728, 8.336 ], [ -82.3742, 8.3389 ] ] ], [ [ [ -82.3319, 8.0757 ], [ -82.3322, 8.0748 ], [ -82.3328, 8.0751 ], [ -82.3319, 8.0757 ] ] ], [ [ [ -82.3369, 8.0776 ], [ -82.3365, 8.0771 ], [ -82.3372, 8.0767 ], [ -82.3369, 8.0776 ] ] ], [ [ [ -82.3104, 8.0785 ], [ -82.3109, 8.079 ], [ -82.3087, 8.079 ], [ -82.3104, 8.0785 ] ] ], [ [ [ -82.3078, 8.0826 ], [ -82.3075, 8.0825 ], [ -82.3093, 8.0816 ], [ -82.3078, 8.0826 ] ] ], [ [ [ -82.3396, 8.0816 ], [ -82.3404, 8.0817 ], [ -82.3397, 8.0837 ], [ -82.3396, 8.0816 ] ] ], [ [ [ -82.3261, 8.0837 ], [ -82.3267, 8.0837 ], [ -82.3268, 8.0841 ], [ -82.3261, 8.0837 ] ] ], [ [ [ -82.3278, 8.0826 ], [ -82.3289, 8.0822 ], [ -82.3282, 8.0856 ], [ -82.3278, 8.0826 ] ] ], [ [ [ -82.3328, 8.0844 ], [ -82.3333, 8.0847 ], [ -82.3332, 8.0848 ], [ -82.3328, 8.0844 ] ] ], [ [ [ -82.3354, 8.0837 ], [ -82.3333, 8.0817 ], [ -82.3372, 8.0805 ], [ -82.3378, 8.0895 ], [ -82.3331, 8.0908 ], [ -82.3354, 8.0837 ] ] ], [ [ [ -82.3514, 8.0857 ], [ -82.3525, 8.0853 ], [ -82.351, 8.0868 ], [ -82.3514, 8.0857 ] ] ], [ [ [ -82.3496, 8.0866 ], [ -82.3502, 8.086 ], [ -82.3506, 8.0867 ], [ -82.3496, 8.0866 ] ] ], [ [ [ -82.3125, 8.0871 ], [ -82.3146, 8.0875 ], [ -82.3128, 8.0878 ], [ -82.3125, 8.0871 ] ] ], [ [ [ -82.3099, 8.0894 ], [ -82.3137, 8.0905 ], [ -82.3103, 8.0915 ], [ -82.3099, 8.0894 ] ] ], [ [ [ -82.3094, 8.0934 ], [ -82.3105, 8.0945 ], [ -82.3069, 8.0944 ], [ -82.3094, 8.0934 ] ] ], [ [ [ -82.3148, 8.0999 ], [ -82.3162, 8.0985 ], [ -82.3175, 8.1001 ], [ -82.3148, 8.0999 ] ] ], [ [ [ -82.3235, 8.1389 ], [ -82.3187, 8.136 ], [ -82.324, 8.1327 ], [ -82.3212, 8.1301 ], [ -82.3265, 8.13 ], [ -82.3294, 8.1228 ], [ -82.3245, 8.1174 ], [ -82.3277, 8.1112 ], [ -82.3189, 8.1051 ], [ -82.3323, 8.1112 ], [ -82.3293, 8.1067 ], [ -82.3363, 8.1074 ], [ -82.3303, 8.104 ], [ -82.3265, 8.0931 ], [ -82.3426, 8.0964 ], [ -82.3396, 8.0904 ], [ -82.3445, 8.0867 ], [ -82.3451, 8.0926 ], [ -82.3493, 8.0941 ], [ -82.352, 8.0932 ], [ -82.3511, 8.0911 ], [ -82.3529, 8.0902 ], [ -82.3556, 8.0973 ], [ -82.3581, 8.0984 ], [ -82.3614, 8.0989 ], [ -82.3671, 8.0906 ], [ -82.3698, 8.0985 ], [ -82.3627, 8.1052 ], [ -82.3647, 8.1122 ], [ -82.3453, 8.1189 ], [ -82.3462, 8.134 ], [ -82.337, 8.1375 ], [ -82.3369, 8.1333 ], [ -82.3212, 8.1414 ], [ -82.3235, 8.1389 ] ] ], [ [ [ -82.3232, 8.1193 ], [ -82.3227, 8.1185 ], [ -82.3238, 8.1189 ], [ -82.3232, 8.1193 ] ] ], [ [ [ -82.3151, 8.125 ], [ -82.3194, 8.1263 ], [ -82.3156, 8.1282 ], [ -82.3151, 8.125 ] ] ], [ [ [ -82.3538, 8.2349 ], [ -82.3567, 8.2356 ], [ -82.3554, 8.2362 ], [ -82.3538, 8.2349 ] ] ], [ [ [ -82.3456, 8.2449 ], [ -82.3454, 8.2447 ], [ -82.3472, 8.2425 ], [ -82.3456, 8.2449 ] ] ], [ [ [ -82.3503, 8.2476 ], [ -82.3508, 8.247 ], [ -82.3511, 8.2475 ], [ -82.3503, 8.2476 ] ] ], [ [ [ -82.3508, 8.249 ], [ -82.3511, 8.2475 ], [ -82.3512, 8.2472 ], [ -82.352, 8.2481 ], [ -82.3508, 8.249 ] ] ], [ [ [ -82.3435, 8.2608 ], [ -82.3437, 8.2606 ], [ -82.3445, 8.2608 ], [ -82.3435, 8.2608 ] ] ], [ [ [ -82.3252, 8.2585 ], [ -82.316, 8.2718 ], [ -82.3117, 8.2651 ], [ -82.317, 8.2572 ], [ -82.3252, 8.2585 ] ] ], [ [ [ -82.3523, 8.288 ], [ -82.3524, 8.2878 ], [ -82.3531, 8.2881 ], [ -82.3523, 8.288 ] ] ], [ [ [ -82.3511, 8.2888 ], [ -82.3519, 8.2879 ], [ -82.3526, 8.2888 ], [ -82.3511, 8.2888 ] ] ], [ [ [ -82.3452, 8.289 ], [ -82.3456, 8.2888 ], [ -82.3459, 8.2892 ], [ -82.3452, 8.289 ] ] ], [ [ [ -82.3434, 8.2897 ], [ -82.3445, 8.289 ], [ -82.3445, 8.2894 ], [ -82.3434, 8.2897 ] ] ], [ [ [ -82.3544, 8.29 ], [ -82.3544, 8.291 ], [ -82.3534, 8.2908 ], [ -82.3544, 8.29 ] ] ], [ [ [ -82.3068, 8.2962 ], [ -82.2947, 8.2871 ], [ -82.3002, 8.2829 ], [ -82.3357, 8.2918 ], [ -82.3393, 8.3056 ], [ -82.3311, 8.3173 ], [ -82.3153, 8.3122 ], [ -82.3068, 8.2962 ] ] ], [ [ [ -82.3325, 8.3176 ], [ -82.3332, 8.3149 ], [ -82.3337, 8.3156 ], [ -82.3325, 8.3176 ] ] ], [ [ [ -82.3236, 8.3158 ], [ -82.325, 8.3177 ], [ -82.3167, 8.3153 ], [ -82.3236, 8.3158 ] ] ], [ [ [ -82.3216, 8.328 ], [ -82.3237, 8.3298 ], [ -82.3201, 8.3315 ], [ -82.3216, 8.328 ] ] ], [ [ [ -82.3239, 8.3301 ], [ -82.3241, 8.3288 ], [ -82.3265, 8.3294 ], [ -82.3239, 8.3301 ] ] ], [ [ [ -82.3102, 8.3249 ], [ -82.3211, 8.3282 ], [ -82.3187, 8.3332 ], [ -82.3199, 8.3341 ], [ -82.3182, 8.3336 ], [ -82.3182, 8.3356 ], [ -82.317, 8.3344 ], [ -82.3166, 8.3358 ], [ -82.3145, 8.336 ], [ -82.3134, 8.3373 ], [ -82.3066, 8.333 ], [ -82.3102, 8.3249 ] ] ], [ [ [ -82.3231, 8.3311 ], [ -82.3238, 8.3307 ], [ -82.3238, 8.3311 ], [ -82.3231, 8.3311 ] ] ], [ [ [ -82.3223, 8.3327 ], [ -82.3219, 8.3326 ], [ -82.3223, 8.332 ], [ -82.3223, 8.3327 ] ] ], [ [ [ -82.3214, 8.3326 ], [ -82.322, 8.3329 ], [ -82.3204, 8.3337 ], [ -82.3198, 8.3333 ], [ -82.3214, 8.3326 ] ] ], [ [ [ -82.3172, 8.3364 ], [ -82.3163, 8.3367 ], [ -82.3147, 8.3362 ], [ -82.3172, 8.3364 ] ] ], [ [ [ -82.2941, 8.063 ], [ -82.2945, 8.0627 ], [ -82.2949, 8.0631 ], [ -82.2941, 8.063 ] ] ], [ [ [ -82.2951, 8.0633 ], [ -82.2974, 8.0634 ], [ -82.2973, 8.0644 ], [ -82.2951, 8.0633 ] ] ], [ [ [ -82.292, 8.0693 ], [ -82.2957, 8.0695 ], [ -82.2939, 8.071 ], [ -82.292, 8.0693 ] ] ], [ [ [ -82.2843, 8.0761 ], [ -82.2842, 8.076 ], [ -82.2858, 8.0762 ], [ -82.2843, 8.0761 ] ] ], [ [ [ -82.2869, 8.0777 ], [ -82.2847, 8.0771 ], [ -82.2851, 8.0765 ], [ -82.2869, 8.0777 ] ] ], [ [ [ -82.2857, 8.0778 ], [ -82.2867, 8.0784 ], [ -82.2862, 8.0793 ], [ -82.2855, 8.0805 ], [ -82.2857, 8.0778 ] ] ], [ [ [ -82.2877, 8.0793 ], [ -82.2882, 8.0798 ], [ -82.2862, 8.0793 ], [ -82.2877, 8.0793 ] ] ], [ [ [ -82.2699, 8.0804 ], [ -82.271, 8.0804 ], [ -82.272, 8.0826 ], [ -82.2699, 8.0804 ] ] ], [ [ [ -82.2582, 8.0849 ], [ -82.2613, 8.0851 ], [ -82.2609, 8.0883 ], [ -82.2582, 8.0849 ] ] ], [ [ [ -82.2661, 8.0868 ], [ -82.2653, 8.0864 ], [ -82.2655, 8.0862 ], [ -82.2661, 8.0868 ] ] ], [ [ [ -82.3042, 8.0863 ], [ -82.3049, 8.0864 ], [ -82.3049, 8.087 ], [ -82.3042, 8.0863 ] ] ], [ [ [ -82.2578, 8.0887 ], [ -82.2578, 8.0895 ], [ -82.2573, 8.0896 ], [ -82.2567, 8.0894 ], [ -82.2578, 8.0887 ] ] ], [ [ [ -82.3082, 8.0904 ], [ -82.3083, 8.091 ], [ -82.3074, 8.0907 ], [ -82.3082, 8.0904 ] ] ], [ [ [ -82.2612, 8.0952 ], [ -82.2637, 8.0869 ], [ -82.2689, 8.0923 ], [ -82.2612, 8.0952 ] ] ], [ [ [ -82.2517, 8.1144 ], [ -82.2523, 8.1146 ], [ -82.2522, 8.1149 ], [ -82.2517, 8.1144 ] ] ], [ [ [ -82.3056, 8.1235 ], [ -82.306, 8.1241 ], [ -82.3039, 8.1245 ], [ -82.3056, 8.1235 ] ] ], [ [ [ -82.2583, 8.1248 ], [ -82.2575, 8.1243 ], [ -82.2579, 8.1239 ], [ -82.2583, 8.1248 ] ] ], [ [ [ -82.2906, 8.2634 ], [ -82.3057, 8.2534 ], [ -82.2825, 8.2799 ], [ -82.2906, 8.2634 ] ] ], [ [ [ -82.277, 8.2749 ], [ -82.2793, 8.2736 ], [ -82.2787, 8.2745 ], [ -82.277, 8.2749 ] ] ], [ [ [ -82.3016, 8.3298 ], [ -82.3035, 8.3299 ], [ -82.303, 8.3324 ], [ -82.3016, 8.3298 ] ] ], [ [ [ -82.3054, 8.3327 ], [ -82.3043, 8.3327 ], [ -82.3036, 8.3335 ], [ -82.3048, 8.3312 ], [ -82.3054, 8.3327 ] ] ], [ [ [ -82.3041, 8.3348 ], [ -82.3038, 8.3348 ], [ -82.3042, 8.3341 ], [ -82.3041, 8.3348 ] ] ], [ [ [ -82.3025, 8.3349 ], [ -82.3036, 8.3336 ], [ -82.304, 8.3342 ], [ -82.3025, 8.3349 ] ] ], [ [ [ -82.3015, 8.3355 ], [ -82.3022, 8.335 ], [ -82.3017, 8.3359 ], [ -82.3015, 8.3355 ] ] ], [ [ [ -82.3022, 8.3357 ], [ -82.3031, 8.3354 ], [ -82.3028, 8.3359 ], [ -82.3022, 8.3357 ] ] ], [ [ [ -82.2949, 8.3393 ], [ -82.2947, 8.3402 ], [ -82.2937, 8.3395 ], [ -82.2949, 8.3393 ] ] ], [ [ [ -82.2683, 8.3425 ], [ -82.267, 8.3423 ], [ -82.2697, 8.3415 ], [ -82.2683, 8.3425 ] ] ], [ [ [ -82.2779, 8.3431 ], [ -82.2775, 8.344 ], [ -82.2766, 8.3438 ], [ -82.2779, 8.3431 ] ] ], [ [ [ -82.2778, 8.3448 ], [ -82.2782, 8.344 ], [ -82.2784, 8.3445 ], [ -82.2778, 8.3448 ] ] ], [ [ [ -82.2763, 8.347 ], [ -82.2762, 8.3444 ], [ -82.2766, 8.3445 ], [ -82.2763, 8.347 ] ] ], [ [ [ -82.2293, 8.3529 ], [ -82.233, 8.3568 ], [ -82.2291, 8.3583 ], [ -82.2293, 8.3529 ] ] ], [ [ [ -82.2289, 8.358 ], [ -82.2275, 8.3592 ], [ -82.2249, 8.3581 ], [ -82.2271, 8.3548 ], [ -82.2289, 8.358 ] ] ], [ [ [ -82.2229, 8.359 ], [ -82.2237, 8.3587 ], [ -82.2238, 8.3589 ], [ -82.2229, 8.359 ] ] ], [ [ [ -82.2349, 8.3651 ], [ -82.2343, 8.364 ], [ -82.2348, 8.3643 ], [ -82.2349, 8.3651 ] ] ], [ [ [ -82.2337, 8.364 ], [ -82.235, 8.3656 ], [ -82.2364, 8.3663 ], [ -82.2339, 8.3658 ], [ -82.2337, 8.364 ] ] ] ] } },
{ "type": "Feature", "properties": { "id": "pedasi_tonosi", "name": "Pedasi - Tonosi - Cambutal", "tier": "priority", "products": "sun & beach; surf; sport fishing; marine wildlife watching; diving & snorkelling; small luxury cruise; gastronomy", "nature_hooks": "Isla Iguana; Isla Canas turtle nesting; Pacific surf breaks; marine wildlife", "vocation_en": "Pedasi is a sun-and-beach and active marine destination - surf, sport fishing, marine wildlife watching, diving and snorkelling - also targeting small luxury cruises, reinforced by gastronomy and cultural synergies with Chitre, Las Tablas and Guarare. Cambutal is a beach destination with a stronger active and nature-contact component. Infrastructure and facility investment must meet sustainability criteria.", "vocation_es": "Pedasi: destino de sol y playa y turismo activo en el mar (surf, pesca deportiva, observacion de fauna marina, buceo y esnorquel), tambien orientado a pequenos cruceros de lujo. Cambutal: destino de sol y playa con un componente mas activo y de contacto con la naturaleza.", "districts": "Los Santos/Pedasí; Los Santos/Tonosí", "area_km2": 1661.6 }, "geometry": { "type": "MultiPolygon", "coordinates": [ [ [ [ -80.5705, 7.2378 ], [ -80.5703, 7.238 ], [ -80.5701, 7.2376 ], [ -80.5705, 7.2378 ] ] ], [ [ [ -80.5317, 7.2398 ], [ -80.5317, 7.24 ], [ -80.5308, 7.2399 ], [ -80.5317, 7.2398 ] ] ], [ [ [ -80.4384, 7.2403 ], [ -80.4386, 7.2411 ], [ -80.4379, 7.2409 ], [ -80.4384, 7.2403 ] ] ], [ [ [ -80.4716, 7.2463 ], [ -80.4702, 7.2462 ], [ -80.4704, 7.246 ], [ -80.4716, 7.2463 ] ] ], [ [ [ -80.4238, 7.2693 ], [ -80.4236, 7.2693 ], [ -80.4239, 7.2686 ], [ -80.4238, 7.2693 ] ] ], [ [ [ -80.3932, 7.2931 ], [ -80.3929, 7.2937 ], [ -80.3925, 7.2933 ], [ -80.3932, 7.2931 ] ] ], [ [ [ -80.3662, 7.3575 ], [ -80.3657, 7.3595 ], [ -80.3671, 7.3621 ], [ -80.3635, 7.3573 ], [ -80.3662, 7.3575 ] ] ], [ [ [ -80.3682, 7.4933 ], [ -80.3518, 7.4678 ], [ -80.3233, 7.509 ], [ -80.2732, 7.5111 ], [ -80.2574, 7.4984 ], [ -80.2627, 7.4864 ], [ -80.2577, 7.4803 ], [ -80.26, 7.4747 ], [ -80.2535, 7.4779 ], [ -80.2388, 7.4754 ], [ -80.2161, 7.5192 ], [ -80.1815, 7.5617 ], [ -80.1829, 7.5541 ], [ -80.171, 7.5301 ], [ -80.1532, 7.5271 ], [ -80.1472, 7.5311 ], [ -80.1451, 7.5278 ], [ -80.1376, 7.5299 ], [ -80.1347, 7.5466 ], [ -80.1259, 7.5463 ], [ -80.1216, 7.5527 ], [ -80.1252, 7.5555 ], [ -80.1184, 7.5552 ], [ -80.119, 7.5676 ], [ -80.1235, 7.5708 ], [ -80.1203, 7.5869 ], [ -80.1041, 7.5952 ], [ -80.0914, 7.5963 ], [ -80.0911, 7.6202 ], [ -80.0843, 7.6232 ], [ -80.0782, 7.6361 ], [ -80.0695, 7.6383 ], [ -80.0751, 7.6422 ], [ -80.0688, 7.644 ], [ -80.0654, 7.6509 ], [ -80.0472, 7.6358 ], [ -80.049, 7.628 ], [ -80.0329, 7.5963 ], [ -80.0282, 7.5684 ], [ -80.0069, 7.5453 ], [ -80.003, 7.5292 ], [ -79.9928, 7.5138 ], [ -80.0023, 7.5017 ], [ -79.9979, 7.4842 ], [ -80.0024, 7.4776 ], [ -80.002, 7.4736 ], [ -79.9983, 7.4742 ], [ -80.0012, 7.4662 ], [ -80.0311, 7.4496 ], [ -80.0521, 7.4535 ], [ -80.0644, 7.4508 ], [ -80.069, 7.4414 ], [ -80.0905, 7.4358 ], [ -80.0956, 7.4291 ], [ -80.1285, 7.4328 ], [ -80.1332, 7.4262 ], [ -80.1454, 7.4238 ], [ -80.1467, 7.4164 ], [ -80.1602, 7.4173 ], [ -80.1615, 7.4113 ], [ -80.1695, 7.4109 ], [ -80.1745, 7.4117 ], [ -80.1767, 7.4182 ], [ -80.1872, 7.4182 ], [ -80.1861, 7.428 ], [ -80.1963, 7.4328 ], [ -80.2061, 7.4303 ], [ -80.205, 7.4226 ], [ -80.2115, 7.4255 ], [ -80.2188, 7.4168 ], [ -80.2303, 7.4252 ], [ -80.244, 7.4238 ], [ -80.2589, 7.4356 ], [ -80.2661, 7.4311 ], [ -80.2768, 7.4362 ], [ -80.2772, 7.4333 ], [ -80.2861, 7.4329 ], [ -80.3016, 7.4219 ], [ -80.3037, 7.4224 ], [ -80.3022, 7.4283 ], [ -80.3027, 7.4294 ], [ -80.3035, 7.4299 ], [ -80.3041, 7.4219 ], [ -80.3175, 7.4172 ], [ -80.3206, 7.4181 ], [ -80.3229, 7.4251 ], [ -80.3243, 7.4262 ], [ -80.3254, 7.4262 ], [ -80.3228, 7.4238 ], [ -80.3269, 7.4231 ], [ -80.3213, 7.4181 ], [ -80.325, 7.4139 ], [ -80.3239, 7.4116 ], [ -80.3266, 7.4104 ], [ -80.3287, 7.4076 ], [ -80.3317, 7.4068 ], [ -80.3323, 7.4063 ], [ -80.333, 7.4053 ], [ -80.3341, 7.4057 ], [ -80.3358, 7.4059 ], [ -80.3363, 7.4056 ], [ -80.3365, 7.4051 ], [ -80.3329, 7.405 ], [ -80.3316, 7.4067 ], [ -80.3286, 7.4074 ], [ -80.3238, 7.4109 ], [ -80.3214, 7.4172 ], [ -80.3166, 7.4162 ], [ -80.2993, 7.42 ], [ -80.2961, 7.4177 ], [ -80.2741, 7.4274 ], [ -80.2595, 7.4267 ], [ -80.3185, 7.4073 ], [ -80.3469, 7.3855 ], [ -80.3635, 7.3635 ], [ -80.359, 7.3849 ], [ -80.3583, 7.3853 ], [ -80.3562, 7.3847 ], [ -80.3549, 7.3851 ], [ -80.3597, 7.3902 ], [ -80.351, 7.3956 ], [ -80.3498, 7.394 ], [ -80.3483, 7.3937 ], [ -80.3446, 7.3957 ], [ -80.3414, 7.3986 ], [ -80.3415, 7.4011 ], [ -80.3389, 7.3994 ], [ -80.337, 7.4008 ], [ -80.3413, 7.4015 ], [ -80.3489, 7.3942 ], [ -80.3517, 7.4023 ], [ -80.3572, 7.4062 ], [ -80.3538, 7.4069 ], [ -80.3508, 7.4115 ], [ -80.3493, 7.4092 ], [ -80.3479, 7.409 ], [ -80.3464, 7.4137 ], [ -80.344, 7.411 ], [ -80.3396, 7.4112 ], [ -80.3397, 7.4122 ], [ -80.3422, 7.4139 ], [ -80.3422, 7.4129 ], [ -80.3399, 7.4115 ], [ -80.3464, 7.4141 ], [ -80.3479, 7.4094 ], [ -80.3509, 7.4119 ], [ -80.3595, 7.4054 ], [ -80.3623, 7.4057 ], [ -80.3612, 7.4093 ], [ -80.363, 7.41 ], [ -80.3626, 7.4058 ], [ -80.3571, 7.4014 ], [ -80.3518, 7.4016 ], [ -80.3532, 7.3947 ], [ -80.3674, 7.3914 ], [ -80.3645, 7.3959 ], [ -80.3674, 7.4024 ], [ -80.3693, 7.403 ], [ -80.3738, 7.4012 ], [ -80.3764, 7.3985 ], [ -80.3763, 7.3983 ], [ -80.3677, 7.4024 ], [ -80.365, 7.3958 ], [ -80.3684, 7.3916 ], [ -80.3656, 7.3907 ], [ -80.3607, 7.3912 ], [ -80.3619, 7.3883 ], [ -80.3659, 7.3903 ], [ -80.3669, 7.3904 ], [ -80.3676, 7.39 ], [ -80.3696, 7.3864 ], [ -80.3687, 7.3865 ], [ -80.3667, 7.3902 ], [ -80.3616, 7.3873 ], [ -80.3672, 7.3676 ], [ -80.369, 7.3687 ], [ -80.369, 7.3736 ], [ -80.3703, 7.3755 ], [ -80.3725, 7.3741 ], [ -80.3728, 7.3702 ], [ -80.3756, 7.3698 ], [ -80.3764, 7.3751 ], [ -80.3826, 7.3797 ], [ -80.3867, 7.3806 ], [ -80.3864, 7.3848 ], [ -80.3878, 7.3853 ], [ -80.3894, 7.3848 ], [ -80.3901, 7.3868 ], [ -80.3882, 7.3858 ], [ -80.3875, 7.3863 ], [ -80.3871, 7.3872 ], [ -80.3886, 7.39 ], [ -80.3912, 7.3893 ], [ -80.3896, 7.3905 ], [ -80.3894, 7.3919 ], [ -80.3916, 7.392 ], [ -80.3928, 7.3912 ], [ -80.391, 7.3888 ], [ -80.3885, 7.3896 ], [ -80.3903, 7.3867 ], [ -80.3895, 7.3845 ], [ -80.3867, 7.3846 ], [ -80.3874, 7.3827 ], [ -80.3867, 7.3801 ], [ -80.377, 7.375 ], [ -80.3757, 7.3693 ], [ -80.3724, 7.3697 ], [ -80.3699, 7.3745 ], [ -80.3699, 7.3697 ], [ -80.3662, 7.3571 ], [ -80.3518, 7.3464 ], [ -80.3547, 7.3335 ], [ -80.3416, 7.3199 ], [ -80.3741, 7.314 ], [ -80.3923, 7.3049 ], [ -80.4006, 7.2861 ], [ -80.3986, 7.2793 ], [ -80.4214, 7.2727 ], [ -80.4244, 7.2692 ], [ -80.4246, 7.2643 ], [ -80.4202, 7.2614 ], [ -80.4278, 7.255 ], [ -80.4248, 7.2498 ], [ -80.4369, 7.2403 ], [ -80.4379, 7.2409 ], [ -80.4394, 7.2418 ], [ -80.4427, 7.2408 ], [ -80.459, 7.2475 ], [ -80.5072, 7.2511 ], [ -80.5215, 7.2376 ], [ -80.5308, 7.2399 ], [ -80.5446, 7.2432 ], [ -80.5655, 7.2444 ], [ -80.5801, 7.2278 ], [ -80.5837, 7.2332 ], [ -80.5947, 7.2359 ], [ -80.6026, 7.2304 ], [ -80.6141, 7.2327 ], [ -80.6119, 7.2611 ], [ -80.6174, 7.2971 ], [ -80.6352, 7.2978 ], [ -80.6503, 7.3049 ], [ -80.6598, 7.317 ], [ -80.6597, 7.3245 ], [ -80.6704, 7.3301 ], [ -80.678, 7.327 ], [ -80.6818, 7.3186 ], [ -80.6801, 7.3268 ], [ -80.6673, 7.337 ], [ -80.6696, 7.3518 ], [ -80.6641, 7.3541 ], [ -80.6692, 7.3584 ], [ -80.6693, 7.3732 ], [ -80.684, 7.3933 ], [ -80.7152, 7.4075 ], [ -80.7194, 7.4138 ], [ -80.7015, 7.4287 ], [ -80.7091, 7.4368 ], [ -80.7148, 7.4564 ], [ -80.7208, 7.4572 ], [ -80.7314, 7.469 ], [ -80.7156, 7.4926 ], [ -80.7227, 7.5069 ], [ -80.7301, 7.5113 ], [ -80.7291, 7.5202 ], [ -80.7359, 7.5246 ], [ -80.7275, 7.5355 ], [ -80.7192, 7.5402 ], [ -80.6288, 7.542 ], [ -80.5135, 7.5618 ], [ -80.376, 7.5371 ], [ -80.3682, 7.4933 ] ], [ [ -80.34, 7.4138 ], [ -80.3374, 7.4151 ], [ -80.3373, 7.4157 ], [ -80.3377, 7.4175 ], [ -80.3369, 7.4165 ], [ -80.3347, 7.4173 ], [ -80.3347, 7.4177 ], [ -80.3378, 7.4179 ], [ -80.3422, 7.4141 ], [ -80.3422, 7.4139 ], [ -80.34, 7.4138 ] ], [ [ -80.3347, 7.4213 ], [ -80.3365, 7.4225 ], [ -80.3387, 7.4223 ], [ -80.339, 7.4221 ], [ -80.3347, 7.4177 ], [ -80.3347, 7.4213 ] ], [ [ -80.3762, 7.4003 ], [ -80.3788, 7.4021 ], [ -80.3764, 7.3985 ], [ -80.3762, 7.4003 ] ], [ [ -80.3707, 7.3893 ], [ -80.3734, 7.3902 ], [ -80.3734, 7.3899 ], [ -80.3706, 7.3889 ], [ -80.3703, 7.3863 ], [ -80.3696, 7.3864 ], [ -80.3707, 7.3893 ] ], [ [ -80.3733, 7.3918 ], [ -80.3738, 7.3925 ], [ -80.3743, 7.3925 ], [ -80.3766, 7.3897 ], [ -80.3763, 7.3897 ], [ -80.3739, 7.3924 ], [ -80.3734, 7.3902 ], [ -80.3733, 7.3918 ] ] ], [ [ [ -80.358, 7.4031 ], [ -80.3578, 7.4052 ], [ -80.3547, 7.4032 ], [ -80.358, 7.4031 ] ] ], [ [ [ -80.324, 7.4129 ], [ -80.3234, 7.4136 ], [ -80.3234, 7.4124 ], [ -80.324, 7.4129 ] ] ], [ [ [ -80.2819, 7.43 ], [ -80.2867, 7.4304 ], [ -80.2854, 7.4317 ], [ -80.2819, 7.43 ] ] ], [ [ [ -80.1393, 7.3383 ], [ -80.1391, 7.3365 ], [ -80.1402, 7.3371 ], [ -80.1393, 7.3383 ] ] ], [ [ [ -80.1401, 7.3391 ], [ -80.1419, 7.3385 ], [ -80.1418, 7.3391 ], [ -80.1401, 7.3391 ] ] ], [ [ [ -80.1548, 7.371 ], [ -80.1548, 7.3723 ], [ -80.1536, 7.3719 ], [ -80.1548, 7.371 ] ] ], [ [ [ -80.1806, 7.4148 ], [ -80.181, 7.4162 ], [ -80.1806, 7.4166 ], [ -80.1773, 7.4148 ], [ -80.1806, 7.4148 ] ] ], [ [ [ -80.1544, 7.4156 ], [ -80.1544, 7.4164 ], [ -80.154, 7.4162 ], [ -80.1544, 7.4156 ] ] ], [ [ [ -80.1383, 7.4204 ], [ -80.1392, 7.4208 ], [ -80.1389, 7.423 ], [ -80.1383, 7.4204 ] ] ], [ [ [ -80.1896, 7.4233 ], [ -80.1872, 7.4238 ], [ -80.1876, 7.4225 ], [ -80.1896, 7.4233 ] ] ], [ [ [ -80.0461, 7.4485 ], [ -80.0457, 7.4495 ], [ -80.0448, 7.4484 ], [ -80.0461, 7.4485 ] ] ], [ [ [ -79.9989, 7.6229 ], [ -80.0024, 7.6215 ], [ -79.9996, 7.6352 ], [ -79.9989, 7.6229 ] ] ] ] } },
{ "type": "Feature", "properties": { "id": "bocas_del_toro", "name": "Bocas del Toro", "tier": "priority", "products": "low-impact island ecotourism; nautical activities; small cruise; beach; scientific tourism; community & local culture", "nature_hooks": "coral reefs; mangroves; Bastimentos Island Marine NP; sea turtles; archipelago", "vocation_en": "A low-impact island ecotourism destination specialising in nautical activities, small cruises and beach as a complement to ecotourism, with ecotourism as the governing product. It should also develop scientific tourism and strengthen local community participation. The plan explicitly flags the fragility of its marine ecosystems as requiring a sustainability-led approach to both experiences and investment.", "vocation_es": "Destino de ecoturismo insular de bajo impacto y con especializacion en actividades nauticas, pequenos cruceros y playa como complemento al ecoturismo. Debera orientarse tambien hacia el turismo cientifico y fortalecer la participacion de las comunidades locales. Por la fragilidad de sus ecosistemas marinos, el desarrollo de las experiencias y de las inversiones deberan tener un enfoque de sostenibilidad.", "districts": "Bocas del Toro/Bocas del Toro", "area_km2": 284.9 }, "geometry": { "type": "MultiPolygon", "coordinates": [ [ [ [ -82.2211, 9.1601 ], [ -82.2212, 9.161 ], [ -82.2206, 9.16 ], [ -82.2211, 9.1601 ] ] ], [ [ [ -82.2459, 9.1638 ], [ -82.2473, 9.1623 ], [ -82.2482, 9.163 ], [ -82.2459, 9.1638 ] ] ], [ [ [ -82.2421, 9.163 ], [ -82.2421, 9.1637 ], [ -82.2419, 9.1639 ], [ -82.2421, 9.163 ] ] ], [ [ [ -82.2434, 9.1632 ], [ -82.2437, 9.1637 ], [ -82.2431, 9.1635 ], [ -82.2434, 9.1632 ] ] ], [ [ [ -82.2323, 9.1687 ], [ -82.2313, 9.1684 ], [ -82.2318, 9.1677 ], [ -82.2323, 9.1687 ] ] ], [ [ [ -82.2291, 9.1683 ], [ -82.2284, 9.1687 ], [ -82.2282, 9.1685 ], [ -82.2291, 9.1683 ] ] ], [ [ [ -82.2335, 9.1696 ], [ -82.2327, 9.1691 ], [ -82.2336, 9.1691 ], [ -82.2335, 9.1696 ] ] ], [ [ [ -82.241, 9.17 ], [ -82.2399, 9.1699 ], [ -82.2409, 9.1695 ], [ -82.241, 9.17 ] ] ], [ [ [ -82.2663, 9.186 ], [ -82.2658, 9.1855 ], [ -82.2663, 9.1855 ], [ -82.2663, 9.186 ] ] ], [ [ [ -82.2911, 9.2265 ], [ -82.2868, 9.217 ], [ -82.2734, 9.2024 ], [ -82.2811, 9.1896 ], [ -82.2735, 9.1832 ], [ -82.2684, 9.1867 ], [ -82.2621, 9.1797 ], [ -82.2488, 9.1875 ], [ -82.2479, 9.194 ], [ -82.2552, 9.2048 ], [ -82.2489, 9.1997 ], [ -82.2477, 9.2038 ], [ -82.2524, 9.2067 ], [ -82.2481, 9.2102 ], [ -82.242, 9.2 ], [ -82.2453, 9.1968 ], [ -82.2394, 9.1899 ], [ -82.2316, 9.1895 ], [ -82.2208, 9.1982 ], [ -82.2301, 9.21 ], [ -82.221, 9.2233 ], [ -82.2135, 9.2251 ], [ -82.2177, 9.2197 ], [ -82.214, 9.2123 ], [ -82.2102, 9.2141 ], [ -82.2101, 9.2085 ], [ -82.2085, 9.2155 ], [ -82.2035, 9.212 ], [ -82.2069, 9.2201 ], [ -82.1975, 9.2183 ], [ -82.205, 9.2061 ], [ -82.1934, 9.2052 ], [ -82.1872, 9.1875 ], [ -82.1831, 9.1884 ], [ -82.1836, 9.1958 ], [ -82.1822, 9.1929 ], [ -82.174, 9.1977 ], [ -82.1718, 9.1956 ], [ -82.1765, 9.189 ], [ -82.1806, 9.1907 ], [ -82.185, 9.1768 ], [ -82.1799, 9.1763 ], [ -82.1775, 9.1656 ], [ -82.1709, 9.1678 ], [ -82.1752, 9.1638 ], [ -82.1708, 9.1552 ], [ -82.1752, 9.1491 ], [ -82.1847, 9.1463 ], [ -82.183, 9.1496 ], [ -82.1898, 9.1518 ], [ -82.1953, 9.1615 ], [ -82.2022, 9.1594 ], [ -82.2043, 9.1707 ], [ -82.2079, 9.1677 ], [ -82.2125, 9.1703 ], [ -82.2157, 9.1659 ], [ -82.2342, 9.1742 ], [ -82.256, 9.1692 ], [ -82.2837, 9.182 ], [ -82.2896, 9.1798 ], [ -82.2924, 9.1916 ], [ -82.2861, 9.2011 ], [ -82.2813, 9.2013 ], [ -82.2936, 9.2176 ], [ -82.2911, 9.2265 ] ] ], [ [ [ -82.2716, 9.1895 ], [ -82.2728, 9.1891 ], [ -82.273, 9.1896 ], [ -82.2716, 9.1895 ] ] ], [ [ [ -82.2711, 9.1913 ], [ -82.2721, 9.1899 ], [ -82.2725, 9.1916 ], [ -82.2711, 9.1913 ] ] ], [ [ [ -82.2761, 9.1911 ], [ -82.2752, 9.1913 ], [ -82.2753, 9.1909 ], [ -82.2761, 9.1911 ] ] ], [ [ [ -82.2734, 9.1922 ], [ -82.274, 9.1915 ], [ -82.2741, 9.1919 ], [ -82.2734, 9.1922 ] ] ], [ [ [ -82.271, 9.1928 ], [ -82.2722, 9.1917 ], [ -82.2728, 9.1931 ], [ -82.271, 9.1928 ] ] ], [ [ [ -82.276, 9.1952 ], [ -82.2733, 9.1928 ], [ -82.2765, 9.1944 ], [ -82.276, 9.1952 ] ] ], [ [ [ -82.2732, 9.2003 ], [ -82.2727, 9.1982 ], [ -82.2745, 9.1994 ], [ -82.2732, 9.2003 ] ] ], [ [ [ -82.2257, 9.2028 ], [ -82.2265, 9.2032 ], [ -82.2259, 9.2036 ], [ -82.2257, 9.2028 ] ] ], [ [ [ -82.2558, 9.2062 ], [ -82.2545, 9.2065 ], [ -82.2557, 9.2059 ], [ -82.2558, 9.2062 ] ] ], [ [ [ -82.2564, 9.2064 ], [ -82.2561, 9.2067 ], [ -82.2562, 9.2064 ], [ -82.2564, 9.2064 ] ] ], [ [ [ -82.2887, 9.2083 ], [ -82.2878, 9.2083 ], [ -82.2876, 9.208 ], [ -82.2887, 9.2083 ] ] ], [ [ [ -82.2525, 9.2095 ], [ -82.2522, 9.2086 ], [ -82.2523, 9.2085 ], [ -82.2525, 9.2095 ] ] ], [ [ [ -82.2552, 9.2112 ], [ -82.2537, 9.2101 ], [ -82.255, 9.2094 ], [ -82.2552, 9.2112 ] ] ], [ [ [ -82.2927, 9.2134 ], [ -82.2919, 9.2135 ], [ -82.2921, 9.2131 ], [ -82.2927, 9.2134 ] ] ], [ [ [ -82.2516, 9.218 ], [ -82.2455, 9.2149 ], [ -82.2473, 9.2105 ], [ -82.2538, 9.2117 ], [ -82.2516, 9.218 ] ] ], [ [ [ -82.241, 9.217 ], [ -82.2429, 9.2146 ], [ -82.2429, 9.217 ], [ -82.241, 9.217 ] ] ], [ [ [ -82.293, 9.2207 ], [ -82.2935, 9.2212 ], [ -82.2929, 9.2213 ], [ -82.293, 9.2207 ] ] ], [ [ [ -82.283, 9.2243 ], [ -82.2846, 9.2243 ], [ -82.2827, 9.2256 ], [ -82.283, 9.2243 ] ] ], [ [ [ -82.2258, 9.2294 ], [ -82.2241, 9.2312 ], [ -82.2254, 9.2284 ], [ -82.2258, 9.2294 ] ] ], [ [ [ -82.2223, 9.2328 ], [ -82.2197, 9.2287 ], [ -82.2203, 9.2281 ], [ -82.2223, 9.2328 ] ] ], [ [ [ -82.23, 9.2343 ], [ -82.2294, 9.2338 ], [ -82.23, 9.2338 ], [ -82.23, 9.2343 ] ] ], [ [ [ -82.226, 9.2335 ], [ -82.2262, 9.2359 ], [ -82.2252, 9.2346 ], [ -82.226, 9.2335 ] ] ], [ [ [ -82.2264, 9.2385 ], [ -82.2299, 9.2384 ], [ -82.2298, 9.2427 ], [ -82.2268, 9.2427 ], [ -82.2264, 9.2385 ] ] ], [ [ [ -82.2325, 9.2414 ], [ -82.2363, 9.2367 ], [ -82.2345, 9.2403 ], [ -82.2371, 9.2396 ], [ -82.2389, 9.2413 ], [ -82.2325, 9.2414 ] ] ], [ [ [ -82.226, 9.2449 ], [ -82.2237, 9.2412 ], [ -82.2175, 9.2354 ], [ -82.2249, 9.2378 ], [ -82.226, 9.2449 ] ] ], [ [ [ -82.2378, 9.2421 ], [ -82.2369, 9.2421 ], [ -82.2372, 9.2415 ], [ -82.2378, 9.2421 ] ] ], [ [ [ -82.2172, 9.244 ], [ -82.2187, 9.245 ], [ -82.2186, 9.2453 ], [ -82.2172, 9.244 ] ] ], [ [ [ -82.2344, 9.2454 ], [ -82.2345, 9.2448 ], [ -82.235, 9.2451 ], [ -82.2344, 9.2454 ] ] ], [ [ [ -82.2205, 9.2454 ], [ -82.2215, 9.2445 ], [ -82.2219, 9.2462 ], [ -82.2205, 9.2454 ] ] ], [ [ [ -82.2338, 9.2463 ], [ -82.228, 9.2471 ], [ -82.2282, 9.2457 ], [ -82.2338, 9.2463 ] ] ], [ [ [ -82.2396, 9.2505 ], [ -82.2332, 9.2522 ], [ -82.2357, 9.2428 ], [ -82.2396, 9.2505 ] ] ], [ [ [ -82.2216, 9.2488 ], [ -82.2251, 9.2476 ], [ -82.2236, 9.2503 ], [ -82.2216, 9.2488 ] ] ], [ [ [ -82.2918, 9.299 ], [ -82.2852, 9.2911 ], [ -82.2906, 9.2833 ], [ -82.2868, 9.2857 ], [ -82.2856, 9.2808 ], [ -82.2819, 9.2896 ], [ -82.2696, 9.286 ], [ -82.2695, 9.2951 ], [ -82.2622, 9.2954 ], [ -82.2582, 9.2777 ], [ -82.2496, 9.2759 ], [ -82.2496, 9.2691 ], [ -82.2438, 9.2623 ], [ -82.2454, 9.2662 ], [ -82.2448, 9.2691 ], [ -82.2417, 9.2624 ], [ -82.2427, 9.2566 ], [ -82.2359, 9.2553 ], [ -82.24, 9.2542 ], [ -82.2368, 9.2531 ], [ -82.2408, 9.2508 ], [ -82.2394, 9.2424 ], [ -82.2434, 9.2408 ], [ -82.2432, 9.2467 ], [ -82.2482, 9.2414 ], [ -82.252, 9.2452 ], [ -82.2611, 9.2347 ], [ -82.2681, 9.2352 ], [ -82.2625, 9.2302 ], [ -82.26, 9.2325 ], [ -82.2611, 9.2264 ], [ -82.2528, 9.2197 ], [ -82.2552, 9.214 ], [ -82.267, 9.2126 ], [ -82.2812, 9.2199 ], [ -82.2837, 9.2228 ], [ -82.2799, 9.2278 ], [ -82.2889, 9.2319 ], [ -82.2852, 9.2358 ], [ -82.2954, 9.2382 ], [ -82.2929, 9.2447 ], [ -82.2855, 9.2422 ], [ -82.2811, 9.2459 ], [ -82.2943, 9.2493 ], [ -82.299, 9.2578 ], [ -82.2919, 9.2694 ], [ -82.2969, 9.2708 ], [ -82.2968, 9.2828 ], [ -82.2932, 9.2852 ], [ -82.2918, 9.299 ] ] ], [ [ [ -82.2437, 9.2692 ], [ -82.2445, 9.2695 ], [ -82.244, 9.2698 ], [ -82.2437, 9.2692 ] ] ], [ [ [ -82.2496, 9.2793 ], [ -82.2471, 9.2764 ], [ -82.2488, 9.2759 ], [ -82.2496, 9.2793 ] ] ], [ [ [ -82.247, 9.3366 ], [ -82.2464, 9.3363 ], [ -82.2469, 9.3361 ], [ -82.247, 9.3366 ] ] ], [ [ [ -82.2272, 9.3525 ], [ -82.2319, 9.3388 ], [ -82.2363, 9.3383 ], [ -82.2311, 9.3535 ], [ -82.2272, 9.3525 ] ] ], [ [ [ -82.2568, 9.3469 ], [ -82.2586, 9.3485 ], [ -82.2581, 9.349 ], [ -82.2568, 9.3469 ] ] ], [ [ [ -82.2975, 9.3797 ], [ -82.2992, 9.3791 ], [ -82.2973, 9.3801 ], [ -82.2975, 9.3797 ] ] ], [ [ [ -82.3082, 9.4284 ], [ -82.2745, 9.4407 ], [ -82.2597, 9.4336 ], [ -82.2525, 9.4093 ], [ -82.2349, 9.3905 ], [ -82.2394, 9.3784 ], [ -82.2383, 9.3641 ], [ -82.248, 9.3614 ], [ -82.2555, 9.3528 ], [ -82.2503, 9.3445 ], [ -82.2392, 9.3419 ], [ -82.24, 9.3351 ], [ -82.248, 9.3392 ], [ -82.2475, 9.3357 ], [ -82.2462, 9.3349 ], [ -82.2519, 9.3296 ], [ -82.2591, 9.3396 ], [ -82.252, 9.3444 ], [ -82.2621, 9.3599 ], [ -82.2621, 9.354 ], [ -82.2698, 9.3595 ], [ -82.262, 9.3493 ], [ -82.2748, 9.359 ], [ -82.2709, 9.3634 ], [ -82.2779, 9.3613 ], [ -82.2712, 9.366 ], [ -82.276, 9.3683 ], [ -82.2752, 9.3725 ], [ -82.2805, 9.3658 ], [ -82.2834, 9.37 ], [ -82.2834, 9.3634 ], [ -82.2904, 9.3736 ], [ -82.299, 9.3742 ], [ -82.2936, 9.381 ], [ -82.2983, 9.3808 ], [ -82.3028, 9.3783 ], [ -82.2985, 9.3866 ], [ -82.3051, 9.3854 ], [ -82.3115, 9.3933 ], [ -82.3105, 9.4019 ], [ -82.3276, 9.4043 ], [ -82.3324, 9.4136 ], [ -82.3222, 9.4188 ], [ -82.3236, 9.4286 ], [ -82.3082, 9.4284 ] ], [ [ -82.2485, 9.3668 ], [ -82.2511, 9.3642 ], [ -82.2497, 9.3628 ], [ -82.2485, 9.3668 ] ] ], [ [ [ -82.3137, 9.3994 ], [ -82.3148, 9.3974 ], [ -82.3156, 9.4002 ], [ -82.3137, 9.3994 ] ] ], [ [ [ -82.2759, 9.4409 ], [ -82.2752, 9.4415 ], [ -82.275, 9.4408 ], [ -82.2759, 9.4409 ] ] ], [ [ [ -82.1888, 9.1477 ], [ -82.1879, 9.1477 ], [ -82.1879, 9.1473 ], [ -82.1888, 9.1477 ] ] ], [ [ [ -82.1992, 9.1481 ], [ -82.1982, 9.148 ], [ -82.199, 9.1474 ], [ -82.1992, 9.1481 ] ] ], [ [ [ -82.1903, 9.1481 ], [ -82.1894, 9.149 ], [ -82.1892, 9.1484 ], [ -82.1903, 9.1481 ] ] ], [ [ [ -82.1885, 9.1485 ], [ -82.1882, 9.1494 ], [ -82.1876, 9.1484 ], [ -82.1885, 9.1485 ] ] ], [ [ [ -82.1896, 9.15 ], [ -82.1891, 9.1503 ], [ -82.1892, 9.1496 ], [ -82.1896, 9.15 ] ] ], [ [ [ -82.1905, 9.1507 ], [ -82.1895, 9.1505 ], [ -82.1903, 9.1502 ], [ -82.1905, 9.1507 ] ] ], [ [ [ -82.1916, 9.1508 ], [ -82.1929, 9.1502 ], [ -82.1928, 9.1513 ], [ -82.1916, 9.1508 ] ] ], [ [ [ -82.1997, 9.1517 ], [ -82.1995, 9.1528 ], [ -82.199, 9.1512 ], [ -82.1997, 9.1517 ] ] ], [ [ [ -82.1925, 9.1523 ], [ -82.1937, 9.1528 ], [ -82.1921, 9.153 ], [ -82.1925, 9.1523 ] ] ], [ [ [ -82.1934, 9.1544 ], [ -82.193, 9.1539 ], [ -82.1934, 9.1539 ], [ -82.1934, 9.1544 ] ] ], [ [ [ -82.1997, 9.155 ], [ -82.1987, 9.1545 ], [ -82.1994, 9.1544 ], [ -82.1997, 9.155 ] ] ], [ [ [ -82.2078, 9.1548 ], [ -82.209, 9.1553 ], [ -82.2078, 9.1555 ], [ -82.2078, 9.1548 ] ] ], [ [ [ -82.2006, 9.1556 ], [ -82.2, 9.1561 ], [ -82.1999, 9.1556 ], [ -82.2006, 9.1556 ] ] ], [ [ [ -82.2137, 9.1578 ], [ -82.2132, 9.1572 ], [ -82.2137, 9.1572 ], [ -82.2137, 9.1578 ] ] ], [ [ [ -82.2052, 9.1566 ], [ -82.2053, 9.1591 ], [ -82.2041, 9.1564 ], [ -82.2052, 9.1566 ] ] ], [ [ [ -82.207, 9.163 ], [ -82.204, 9.1643 ], [ -82.2063, 9.1584 ], [ -82.2074, 9.1612 ], [ -82.2135, 9.1588 ], [ -82.2093, 9.1649 ], [ -82.207, 9.163 ] ] ], [ [ [ -82.2065, 9.1647 ], [ -82.2076, 9.1652 ], [ -82.2059, 9.1652 ], [ -82.2065, 9.1647 ] ] ], [ [ [ -82.2113, 9.1688 ], [ -82.2108, 9.1692 ], [ -82.2108, 9.1689 ], [ -82.2113, 9.1688 ] ] ], [ [ [ -82.2112, 9.2244 ], [ -82.2093, 9.2168 ], [ -82.2111, 9.2175 ], [ -82.2123, 9.2172 ], [ -82.2093, 9.216 ], [ -82.2141, 9.2142 ], [ -82.2107, 9.2158 ], [ -82.2153, 9.2174 ], [ -82.2112, 9.2244 ] ] ], [ [ [ -82.1833, 9.2234 ], [ -82.1867, 9.2188 ], [ -82.1903, 9.2225 ], [ -82.1925, 9.2205 ], [ -82.1937, 9.2204 ], [ -82.1907, 9.2233 ], [ -82.1833, 9.2234 ] ] ], [ [ [ -82.2073, 9.2234 ], [ -82.206, 9.2215 ], [ -82.209, 9.2228 ], [ -82.2073, 9.2234 ] ] ], [ [ [ -82.1923, 9.2222 ], [ -82.1929, 9.2222 ], [ -82.1914, 9.2238 ], [ -82.1923, 9.2222 ] ] ], [ [ [ -82.2172, 9.2278 ], [ -82.2119, 9.2277 ], [ -82.2133, 9.2252 ], [ -82.2172, 9.2278 ] ] ], [ [ [ -82.2166, 9.2349 ], [ -82.2162, 9.2357 ], [ -82.216, 9.2355 ], [ -82.2166, 9.2349 ] ] ], [ [ [ -82.1894, 9.2594 ], [ -82.1882, 9.2591 ], [ -82.1891, 9.2586 ], [ -82.1894, 9.2594 ] ] ], [ [ [ -82.1906, 9.2607 ], [ -82.1931, 9.26 ], [ -82.1913, 9.2618 ], [ -82.1906, 9.2607 ] ] ], [ [ [ -82.1887, 9.2631 ], [ -82.1876, 9.2627 ], [ -82.1884, 9.2621 ], [ -82.1887, 9.2631 ] ] ], [ [ [ -82.1929, 9.2634 ], [ -82.192, 9.2633 ], [ -82.1925, 9.2629 ], [ -82.1929, 9.2634 ] ] ], [ [ [ -82.1898, 9.2628 ], [ -82.1918, 9.2634 ], [ -82.1918, 9.2651 ], [ -82.1898, 9.2628 ] ] ], [ [ [ -82.1918, 9.2661 ], [ -82.1909, 9.2663 ], [ -82.1917, 9.2658 ], [ -82.1918, 9.2661 ] ] ], [ [ [ -82.1944, 9.2881 ], [ -82.1939, 9.287 ], [ -82.1951, 9.2885 ], [ -82.1944, 9.2881 ] ] ], [ [ [ -82.1938, 9.2906 ], [ -82.1923, 9.2893 ], [ -82.1911, 9.2879 ], [ -82.1938, 9.2906 ] ] ], [ [ [ -82.1943, 9.2922 ], [ -82.1958, 9.2914 ], [ -82.1958, 9.2922 ], [ -82.1943, 9.2922 ] ] ], [ [ [ -82.2012, 9.2944 ], [ -82.1962, 9.2939 ], [ -82.1958, 9.2923 ], [ -82.2012, 9.2944 ] ] ], [ [ [ -82.1954, 9.2938 ], [ -82.1948, 9.2945 ], [ -82.194, 9.294 ], [ -82.1954, 9.2938 ] ] ], [ [ [ -82.1989, 9.2964 ], [ -82.1981, 9.2945 ], [ -82.2003, 9.2966 ], [ -82.1989, 9.2964 ] ] ], [ [ [ -82.2017, 9.2964 ], [ -82.2012, 9.2964 ], [ -82.2013, 9.2957 ], [ -82.2017, 9.2964 ] ] ], [ [ [ -82.2012, 9.2972 ], [ -82.2003, 9.2968 ], [ -82.2009, 9.2967 ], [ -82.2012, 9.2972 ] ] ], [ [ [ -82.1966, 9.3003 ], [ -82.1915, 9.2965 ], [ -82.1915, 9.2941 ], [ -82.1966, 9.3003 ] ] ], [ [ [ -82.1902, 9.3009 ], [ -82.1886, 9.2963 ], [ -82.1932, 9.2998 ], [ -82.1902, 9.3009 ] ] ], [ [ [ -82.2018, 9.2991 ], [ -82.2035, 9.2988 ], [ -82.2035, 9.2996 ], [ -82.2018, 9.2991 ] ] ], [ [ [ -82.1926, 9.3013 ], [ -82.1939, 9.3 ], [ -82.1944, 9.3014 ], [ -82.1926, 9.3013 ] ] ], [ [ [ -82.1886, 9.3018 ], [ -82.1884, 9.3011 ], [ -82.1889, 9.3013 ], [ -82.1886, 9.3018 ] ] ], [ [ [ -82.1908, 9.3034 ], [ -82.1902, 9.3034 ], [ -82.1902, 9.3026 ], [ -82.1908, 9.3034 ] ] ], [ [ [ -82.1958, 9.3052 ], [ -82.1947, 9.302 ], [ -82.1976, 9.3049 ], [ -82.1958, 9.3052 ] ] ], [ [ [ -82.1912, 9.304 ], [ -82.1926, 9.3045 ], [ -82.1923, 9.305 ], [ -82.1912, 9.304 ] ] ], [ [ [ -82.2044, 9.3084 ], [ -82.2041, 9.3089 ], [ -82.2038, 9.3084 ], [ -82.2044, 9.3084 ] ] ], [ [ [ -82.2096, 9.3118 ], [ -82.2107, 9.3106 ], [ -82.211, 9.3117 ], [ -82.2096, 9.3118 ] ] ], [ [ [ -82.2067, 9.3136 ], [ -82.2077, 9.3152 ], [ -82.2063, 9.3138 ], [ -82.2067, 9.3136 ] ] ], [ [ [ -82.2196, 9.3346 ], [ -82.1773, 9.314 ], [ -82.1788, 9.308 ], [ -82.1734, 9.3075 ], [ -82.1706, 9.2983 ], [ -82.1852, 9.3067 ], [ -82.1855, 9.3033 ], [ -82.1901, 9.3057 ], [ -82.1966, 9.3056 ], [ -82.1952, 9.3117 ], [ -82.1998, 9.3062 ], [ -82.2032, 9.3133 ], [ -82.2074, 9.3083 ], [ -82.2095, 9.312 ], [ -82.2025, 9.3157 ], [ -82.2106, 9.3168 ], [ -82.2209, 9.3302 ], [ -82.2196, 9.3346 ] ] ], [ [ [ -82.1902, 9.3295 ], [ -82.1895, 9.3301 ], [ -82.1893, 9.3294 ], [ -82.1902, 9.3295 ] ] ], [ [ [ -82.1893, 9.331 ], [ -82.1887, 9.3316 ], [ -82.1886, 9.3313 ], [ -82.1893, 9.331 ] ] ], [ [ [ -82.1789, 9.1449 ], [ -82.178, 9.1447 ], [ -82.1787, 9.1444 ], [ -82.1789, 9.1449 ] ] ], [ [ [ -82.1854, 9.1453 ], [ -82.1871, 9.1445 ], [ -82.1874, 9.1449 ], [ -82.1854, 9.1453 ] ] ], [ [ [ -82.1791, 9.1756 ], [ -82.1783, 9.1754 ], [ -82.1789, 9.1751 ], [ -82.1791, 9.1756 ] ] ], [ [ [ -82.1812, 9.1784 ], [ -82.1808, 9.1789 ], [ -82.181, 9.1783 ], [ -82.1812, 9.1784 ] ] ], [ [ [ -82.1797, 9.188 ], [ -82.1793, 9.1882 ], [ -82.1793, 9.188 ], [ -82.1797, 9.188 ] ] ], [ [ [ -82.1771, 9.2216 ], [ -82.1776, 9.2179 ], [ -82.179, 9.2189 ], [ -82.1771, 9.2216 ] ] ], [ [ [ -82.1815, 9.2203 ], [ -82.1795, 9.2207 ], [ -82.1815, 9.2197 ], [ -82.1815, 9.2203 ] ] ], [ [ [ -82.181, 9.2218 ], [ -82.18, 9.2235 ], [ -82.1801, 9.2215 ], [ -82.181, 9.2218 ] ] ], [ [ [ -82.1871, 9.2616 ], [ -82.18, 9.2577 ], [ -82.1845, 9.2599 ], [ -82.1819, 9.2569 ], [ -82.183, 9.2551 ], [ -82.1871, 9.2616 ] ] ], [ [ [ -82.1774, 9.2597 ], [ -82.1763, 9.2608 ], [ -82.1771, 9.2596 ], [ -82.1774, 9.2597 ] ] ], [ [ [ -82.1806, 9.2612 ], [ -82.1811, 9.2618 ], [ -82.1804, 9.2619 ], [ -82.1806, 9.2612 ] ] ], [ [ [ -82.1768, 9.2627 ], [ -82.18, 9.2622 ], [ -82.1762, 9.2654 ], [ -82.1768, 9.2627 ] ] ], [ [ [ -82.1794, 9.2666 ], [ -82.1797, 9.2654 ], [ -82.1803, 9.2665 ], [ -82.1794, 9.2666 ] ] ], [ [ [ -82.1756, 9.2659 ], [ -82.1782, 9.2649 ], [ -82.1747, 9.2676 ], [ -82.1756, 9.2659 ] ] ], [ [ [ -82.1839, 9.2667 ], [ -82.1848, 9.2676 ], [ -82.1835, 9.2675 ], [ -82.1839, 9.2667 ] ] ], [ [ [ -82.1781, 9.2685 ], [ -82.1795, 9.2671 ], [ -82.1802, 9.2669 ], [ -82.1781, 9.2685 ] ] ], [ [ [ -82.1841, 9.2694 ], [ -82.1838, 9.2703 ], [ -82.1836, 9.2696 ], [ -82.1841, 9.2694 ] ] ], [ [ [ -82.1758, 9.2727 ], [ -82.1785, 9.2725 ], [ -82.1763, 9.2733 ], [ -82.1758, 9.2727 ] ] ], [ [ [ -82.1754, 9.2815 ], [ -82.1749, 9.2812 ], [ -82.1753, 9.2809 ], [ -82.1754, 9.2815 ] ] ], [ [ [ -82.1778, 9.2834 ], [ -82.1777, 9.2826 ], [ -82.1779, 9.2827 ], [ -82.1778, 9.2834 ] ] ], [ [ [ -82.1792, 9.2848 ], [ -82.1782, 9.2843 ], [ -82.1782, 9.2838 ], [ -82.1792, 9.2848 ] ] ], [ [ [ -82.1775, 9.2862 ], [ -82.1779, 9.2869 ], [ -82.1776, 9.2869 ], [ -82.1775, 9.2862 ] ] ], [ [ [ -82.1754, 9.286 ], [ -82.1767, 9.2872 ], [ -82.1749, 9.2868 ], [ -82.1754, 9.286 ] ] ], [ [ [ -82.1804, 9.288 ], [ -82.1801, 9.2862 ], [ -82.1824, 9.2884 ], [ -82.1804, 9.288 ] ] ], [ [ [ -82.1856, 9.2897 ], [ -82.1849, 9.2898 ], [ -82.1848, 9.2891 ], [ -82.1856, 9.2897 ] ] ], [ [ [ -82.1873, 9.294 ], [ -82.1872, 9.2953 ], [ -82.1865, 9.2945 ], [ -82.1873, 9.294 ] ] ], [ [ [ -82.1827, 9.2944 ], [ -82.1831, 9.2953 ], [ -82.1824, 9.2948 ], [ -82.1827, 9.2944 ] ] ], [ [ [ -82.1806, 9.296 ], [ -82.1788, 9.2951 ], [ -82.1826, 9.2964 ], [ -82.1822, 9.2971 ], [ -82.1806, 9.296 ] ] ], [ [ [ -82.1779, 9.2974 ], [ -82.1781, 9.2954 ], [ -82.179, 9.2972 ], [ -82.1779, 9.2974 ] ] ], [ [ [ -82.1801, 9.2966 ], [ -82.1814, 9.2975 ], [ -82.1808, 9.2978 ], [ -82.1801, 9.2966 ] ] ], [ [ [ -82.1868, 9.2973 ], [ -82.1865, 9.2983 ], [ -82.1861, 9.2973 ], [ -82.1868, 9.2973 ] ] ], [ [ [ -82.1799, 9.2976 ], [ -82.1801, 9.2984 ], [ -82.179, 9.2979 ], [ -82.1799, 9.2976 ] ] ], [ [ [ -82.1817, 9.2976 ], [ -82.1811, 9.2988 ], [ -82.1806, 9.298 ], [ -82.1817, 9.2976 ] ] ], [ [ [ -82.1795, 9.299 ], [ -82.1802, 9.2988 ], [ -82.1803, 9.2991 ], [ -82.1795, 9.299 ] ] ], [ [ [ -82.1782, 9.2999 ], [ -82.1771, 9.2977 ], [ -82.1785, 9.2984 ], [ -82.1782, 9.2999 ] ] ], [ [ [ -82.1858, 9.299 ], [ -82.1845, 9.2988 ], [ -82.185, 9.2984 ], [ -82.1858, 9.299 ] ] ], [ [ [ -82.1862, 9.2998 ], [ -82.1878, 9.3004 ], [ -82.1877, 9.3008 ], [ -82.1862, 9.2998 ] ] ], [ [ [ -82.179, 9.2998 ], [ -82.1791, 9.3006 ], [ -82.1785, 9.3004 ], [ -82.179, 9.2998 ] ] ], [ [ [ -82.1812, 9.3015 ], [ -82.1823, 9.2996 ], [ -82.1827, 9.3013 ], [ -82.1812, 9.3015 ] ] ], [ [ [ -82.1807, 9.3006 ], [ -82.1805, 9.3014 ], [ -82.1799, 9.3009 ], [ -82.1807, 9.3006 ] ] ], [ [ [ -82.1854, 9.3022 ], [ -82.186, 9.3011 ], [ -82.1863, 9.3019 ], [ -82.1854, 9.3022 ] ] ], [ [ [ -82.1868, 9.3026 ], [ -82.1875, 9.3023 ], [ -82.1876, 9.3028 ], [ -82.1868, 9.3026 ] ] ], [ [ [ -82.1825, 9.3029 ], [ -82.1844, 9.3024 ], [ -82.1842, 9.3032 ], [ -82.1825, 9.3029 ] ] ], [ [ [ -82.1759, 9.3108 ], [ -82.175, 9.3113 ], [ -82.1753, 9.3107 ], [ -82.1759, 9.3108 ] ] ], [ [ [ -82.1752, 9.3246 ], [ -82.176, 9.3245 ], [ -82.1759, 9.3253 ], [ -82.1752, 9.3246 ] ] ], [ [ [ -82.1831, 9.33 ], [ -82.1824, 9.3299 ], [ -82.1826, 9.3295 ], [ -82.1831, 9.33 ] ] ], [ [ [ -82.175, 9.3315 ], [ -82.1774, 9.3308 ], [ -82.1777, 9.3312 ], [ -82.175, 9.3315 ] ] ], [ [ [ -82.1836, 9.3312 ], [ -82.1847, 9.3302 ], [ -82.1853, 9.3314 ], [ -82.1836, 9.3312 ] ] ], [ [ [ -82.1843, 9.3332 ], [ -82.186, 9.3314 ], [ -82.1865, 9.3335 ], [ -82.1843, 9.3332 ] ] ], [ [ [ -82.1876, 9.3336 ], [ -82.1872, 9.3333 ], [ -82.1876, 9.3331 ], [ -82.1876, 9.3336 ] ] ], [ [ [ -82.1879, 9.3331 ], [ -82.1882, 9.3338 ], [ -82.1877, 9.3338 ], [ -82.1879, 9.3331 ] ] ], [ [ [ -82.1836, 9.338 ], [ -82.183, 9.3375 ], [ -82.1838, 9.3375 ], [ -82.1836, 9.338 ] ] ], [ [ [ -82.1694, 9.1603 ], [ -82.1697, 9.1595 ], [ -82.1713, 9.16 ], [ -82.1694, 9.1603 ] ] ], [ [ [ -82.1699, 9.161 ], [ -82.1694, 9.1614 ], [ -82.1697, 9.1609 ], [ -82.1699, 9.161 ] ] ], [ [ [ -82.1717, 9.162 ], [ -82.1713, 9.1635 ], [ -82.1708, 9.1621 ], [ -82.1717, 9.162 ] ] ], [ [ [ -82.17, 9.1624 ], [ -82.1702, 9.1633 ], [ -82.169, 9.1628 ], [ -82.17, 9.1624 ] ] ], [ [ [ -82.1709, 9.1651 ], [ -82.1706, 9.1646 ], [ -82.1711, 9.1649 ], [ -82.1709, 9.1651 ] ] ], [ [ [ -82.1724, 9.1689 ], [ -82.1718, 9.1687 ], [ -82.172, 9.1684 ], [ -82.1724, 9.1689 ] ] ], [ [ [ -82.1705, 9.1685 ], [ -82.1704, 9.1703 ], [ -82.1701, 9.1704 ], [ -82.1705, 9.1685 ] ] ], [ [ [ -82.1721, 9.1841 ], [ -82.1737, 9.1829 ], [ -82.1738, 9.1845 ], [ -82.1721, 9.1841 ] ] ], [ [ [ -82.1736, 9.1862 ], [ -82.1726, 9.1865 ], [ -82.1724, 9.186 ], [ -82.1736, 9.1862 ] ] ], [ [ [ -82.1731, 9.1873 ], [ -82.1724, 9.1872 ], [ -82.1726, 9.187 ], [ -82.1731, 9.1873 ] ] ], [ [ [ -82.1712, 9.1914 ], [ -82.1682, 9.1887 ], [ -82.1718, 9.1871 ], [ -82.1712, 9.1914 ] ] ], [ [ [ -82.1699, 9.2218 ], [ -82.1703, 9.216 ], [ -82.1738, 9.2159 ], [ -82.1699, 9.2218 ] ] ], [ [ [ -82.1744, 9.2351 ], [ -82.1764, 9.2335 ], [ -82.1766, 9.2369 ], [ -82.1744, 9.2351 ] ] ], [ [ [ -82.1689, 9.2402 ], [ -82.1725, 9.2413 ], [ -82.1678, 9.2417 ], [ -82.1689, 9.2402 ] ] ], [ [ [ -82.1722, 9.2592 ], [ -82.1726, 9.2599 ], [ -82.1721, 9.26 ], [ -82.1722, 9.2592 ] ] ], [ [ [ -82.1735, 9.2667 ], [ -82.1733, 9.2632 ], [ -82.1751, 9.2664 ], [ -82.1735, 9.2667 ] ] ], [ [ [ -82.1727, 9.2663 ], [ -82.1729, 9.2674 ], [ -82.1723, 9.2665 ], [ -82.1727, 9.2663 ] ] ], [ [ [ -82.1728, 9.2715 ], [ -82.1721, 9.2711 ], [ -82.1724, 9.2708 ], [ -82.1728, 9.2715 ] ] ], [ [ [ -82.1738, 9.2717 ], [ -82.1737, 9.2711 ], [ -82.1745, 9.2709 ], [ -82.1738, 9.2717 ] ] ], [ [ [ -82.173, 9.2752 ], [ -82.174, 9.2748 ], [ -82.1739, 9.2753 ], [ -82.173, 9.2752 ] ] ], [ [ [ -82.1714, 9.2758 ], [ -82.1705, 9.2752 ], [ -82.1706, 9.2748 ], [ -82.1714, 9.2758 ] ] ], [ [ [ -82.1716, 9.2775 ], [ -82.1718, 9.2757 ], [ -82.1721, 9.2742 ], [ -82.1716, 9.2775 ] ] ], [ [ [ -82.1728, 9.279 ], [ -82.1719, 9.2789 ], [ -82.172, 9.2781 ], [ -82.1728, 9.279 ] ] ], [ [ [ -82.1714, 9.2788 ], [ -82.1707, 9.2788 ], [ -82.1707, 9.2784 ], [ -82.1714, 9.2788 ] ] ], [ [ [ -82.1726, 9.2799 ], [ -82.1719, 9.2813 ], [ -82.172, 9.2796 ], [ -82.1726, 9.2799 ] ] ], [ [ [ -82.1709, 9.2801 ], [ -82.1705, 9.2805 ], [ -82.1704, 9.2802 ], [ -82.1709, 9.2801 ] ] ], [ [ [ -82.1741, 9.2807 ], [ -82.1737, 9.281 ], [ -82.1739, 9.2804 ], [ -82.1741, 9.2807 ] ] ], [ [ [ -82.1708, 9.2811 ], [ -82.171, 9.2823 ], [ -82.1702, 9.2814 ], [ -82.1708, 9.2811 ] ] ], [ [ [ -82.1721, 9.2823 ], [ -82.1714, 9.2827 ], [ -82.1717, 9.2821 ], [ -82.1721, 9.2823 ] ] ], [ [ [ -82.1735, 9.2823 ], [ -82.1731, 9.2838 ], [ -82.1732, 9.2819 ], [ -82.1735, 9.2823 ] ] ], [ [ [ -82.171, 9.2836 ], [ -82.1702, 9.2834 ], [ -82.1704, 9.2822 ], [ -82.171, 9.2836 ] ] ], [ [ [ -82.1727, 9.285 ], [ -82.1723, 9.2844 ], [ -82.1727, 9.2842 ], [ -82.1727, 9.285 ] ] ], [ [ [ -82.1749, 9.2848 ], [ -82.1754, 9.2857 ], [ -82.1741, 9.285 ], [ -82.1749, 9.2848 ] ] ], [ [ [ -82.1734, 9.2859 ], [ -82.1729, 9.2855 ], [ -82.1735, 9.2854 ], [ -82.1734, 9.2859 ] ] ], [ [ [ -82.1737, 9.2868 ], [ -82.1738, 9.2873 ], [ -82.1736, 9.2873 ], [ -82.1737, 9.2868 ] ] ], [ [ [ -82.175, 9.2877 ], [ -82.1743, 9.288 ], [ -82.1745, 9.2869 ], [ -82.175, 9.2877 ] ] ], [ [ [ -82.1727, 9.2886 ], [ -82.1724, 9.29 ], [ -82.172, 9.2888 ], [ -82.1727, 9.2886 ] ] ], [ [ [ -82.1715, 9.2894 ], [ -82.1719, 9.2899 ], [ -82.1712, 9.2894 ], [ -82.1715, 9.2894 ] ] ], [ [ [ -82.1742, 9.2899 ], [ -82.1735, 9.2898 ], [ -82.1736, 9.2896 ], [ -82.1742, 9.2899 ] ] ], [ [ [ -82.1741, 9.2915 ], [ -82.1747, 9.2907 ], [ -82.1754, 9.2915 ], [ -82.1741, 9.2915 ] ] ], [ [ [ -82.1734, 9.2952 ], [ -82.1728, 9.2947 ], [ -82.1735, 9.2946 ], [ -82.1734, 9.2952 ] ] ], [ [ [ -82.1744, 9.2976 ], [ -82.1749, 9.2955 ], [ -82.176, 9.2974 ], [ -82.1744, 9.2976 ] ] ], [ [ [ -82.1716, 9.2968 ], [ -82.1727, 9.2967 ], [ -82.1734, 9.2981 ], [ -82.1723, 9.298 ], [ -82.1716, 9.2968 ] ] ], [ [ [ -82.1741, 9.2988 ], [ -82.1738, 9.2981 ], [ -82.1743, 9.2983 ], [ -82.1741, 9.2988 ] ] ], [ [ [ -82.1698, 9.3057 ], [ -82.1694, 9.3006 ], [ -82.1712, 9.3054 ], [ -82.1698, 9.3057 ] ] ], [ [ [ -82.1728, 9.3058 ], [ -82.172, 9.3069 ], [ -82.1716, 9.3067 ], [ -82.1728, 9.3058 ] ] ], [ [ [ -82.1716, 9.3139 ], [ -82.1712, 9.313 ], [ -82.1715, 9.3128 ], [ -82.1716, 9.3139 ] ] ], [ [ [ -82.1699, 9.3139 ], [ -82.1702, 9.3134 ], [ -82.1704, 9.3138 ], [ -82.1699, 9.3139 ] ] ], [ [ [ -82.1729, 9.3139 ], [ -82.1724, 9.3138 ], [ -82.1729, 9.3132 ], [ -82.1729, 9.3139 ] ] ], [ [ [ -82.1718, 9.3233 ], [ -82.1711, 9.3246 ], [ -82.1707, 9.3237 ], [ -82.1718, 9.3233 ] ] ], [ [ [ -82.1733, 9.3283 ], [ -82.1727, 9.3286 ], [ -82.173, 9.3282 ], [ -82.1733, 9.3283 ] ] ], [ [ [ -82.1723, 9.3293 ], [ -82.1716, 9.3296 ], [ -82.1716, 9.3287 ], [ -82.1723, 9.3293 ] ] ], [ [ [ -82.1545, 9.1523 ], [ -82.1578, 9.1521 ], [ -82.1573, 9.1476 ], [ -82.1531, 9.1448 ], [ -82.1611, 9.1402 ], [ -82.1575, 9.1323 ], [ -82.1742, 9.1455 ], [ -82.1732, 9.1514 ], [ -82.1646, 9.1476 ], [ -82.1665, 9.1523 ], [ -82.1645, 9.1553 ], [ -82.1624, 9.1526 ], [ -82.1609, 9.1589 ], [ -82.1545, 9.1523 ] ] ], [ [ [ -82.1687, 9.1529 ], [ -82.1681, 9.1532 ], [ -82.1683, 9.1526 ], [ -82.1687, 9.1529 ] ] ], [ [ [ -82.1677, 9.155 ], [ -82.1669, 9.1551 ], [ -82.167, 9.1544 ], [ -82.1677, 9.155 ] ] ], [ [ [ -82.1668, 9.1558 ], [ -82.1659, 9.1559 ], [ -82.1664, 9.1552 ], [ -82.1668, 9.1558 ] ] ], [ [ [ -82.1662, 9.1566 ], [ -82.1652, 9.1566 ], [ -82.1654, 9.156 ], [ -82.1662, 9.1566 ] ] ], [ [ [ -82.168, 9.1571 ], [ -82.1666, 9.1582 ], [ -82.1673, 9.1562 ], [ -82.168, 9.1571 ] ] ], [ [ [ -82.1678, 9.16 ], [ -82.1664, 9.1596 ], [ -82.1679, 9.1593 ], [ -82.1678, 9.16 ] ] ], [ [ [ -82.1625, 9.1609 ], [ -82.1649, 9.1587 ], [ -82.1637, 9.1627 ], [ -82.1625, 9.1609 ] ] ], [ [ [ -82.1686, 9.1608 ], [ -82.1675, 9.1607 ], [ -82.1679, 9.1601 ], [ -82.1686, 9.1608 ] ] ], [ [ [ -82.1676, 9.1617 ], [ -82.167, 9.1617 ], [ -82.1674, 9.1613 ], [ -82.1676, 9.1617 ] ] ], [ [ [ -82.1652, 9.1625 ], [ -82.1643, 9.1628 ], [ -82.1651, 9.162 ], [ -82.1652, 9.1625 ] ] ], [ [ [ -82.1692, 9.1636 ], [ -82.1682, 9.164 ], [ -82.1684, 9.1629 ], [ -82.1692, 9.1636 ] ] ], [ [ [ -82.1631, 9.1684 ], [ -82.1627, 9.1678 ], [ -82.1632, 9.1677 ], [ -82.1631, 9.1684 ] ] ], [ [ [ -82.1693, 9.1696 ], [ -82.1684, 9.1706 ], [ -82.1687, 9.1695 ], [ -82.1693, 9.1696 ] ] ], [ [ [ -82.1619, 9.17 ], [ -82.1615, 9.1702 ], [ -82.1616, 9.1699 ], [ -82.1619, 9.17 ] ] ], [ [ [ -82.163, 9.1728 ], [ -82.1622, 9.1726 ], [ -82.163, 9.1724 ], [ -82.163, 9.1728 ] ] ], [ [ [ -82.1679, 9.176 ], [ -82.1673, 9.1768 ], [ -82.1675, 9.1757 ], [ -82.1679, 9.176 ] ] ], [ [ [ -82.1648, 9.1768 ], [ -82.1638, 9.1779 ], [ -82.1648, 9.1765 ], [ -82.1648, 9.1768 ] ] ], [ [ [ -82.1652, 9.1803 ], [ -82.1644, 9.1804 ], [ -82.1644, 9.1802 ], [ -82.1652, 9.1803 ] ] ], [ [ [ -82.1697, 9.1861 ], [ -82.1697, 9.1834 ], [ -82.1709, 9.1843 ], [ -82.1697, 9.1861 ] ] ], [ [ [ -82.1675, 9.1875 ], [ -82.1631, 9.1861 ], [ -82.1634, 9.1834 ], [ -82.1672, 9.1841 ], [ -82.1668, 9.1856 ], [ -82.1675, 9.1875 ] ] ], [ [ [ -82.1679, 9.1865 ], [ -82.1674, 9.1866 ], [ -82.1676, 9.1861 ], [ -82.1679, 9.1865 ] ] ], [ [ [ -82.1684, 9.1859 ], [ -82.1682, 9.1886 ], [ -82.1673, 9.1888 ], [ -82.1684, 9.1859 ] ] ], [ [ [ -82.1633, 9.211 ], [ -82.1615, 9.2069 ], [ -82.1618, 9.2063 ], [ -82.1633, 9.211 ] ] ], [ [ [ -82.167, 9.2153 ], [ -82.1675, 9.2137 ], [ -82.1689, 9.2142 ], [ -82.167, 9.2153 ] ] ], [ [ [ -82.1642, 9.233 ], [ -82.1613, 9.2324 ], [ -82.1615, 9.232 ], [ -82.1642, 9.233 ] ] ], [ [ [ -82.1646, 9.246 ], [ -82.1636, 9.2437 ], [ -82.167, 9.2454 ], [ -82.1646, 9.246 ] ] ], [ [ [ -82.1646, 9.2478 ], [ -82.1636, 9.2497 ], [ -82.1634, 9.2496 ], [ -82.1646, 9.2478 ] ] ], [ [ [ -82.1674, 9.2597 ], [ -82.1665, 9.2599 ], [ -82.1666, 9.2593 ], [ -82.1674, 9.2597 ] ] ], [ [ [ -82.1629, 9.2627 ], [ -82.1627, 9.2599 ], [ -82.1657, 9.2623 ], [ -82.1629, 9.2627 ] ] ], [ [ [ -82.1695, 9.2635 ], [ -82.1676, 9.2613 ], [ -82.1695, 9.26 ], [ -82.1695, 9.2635 ] ] ], [ [ [ -82.1666, 9.2704 ], [ -82.1633, 9.2701 ], [ -82.1623, 9.2689 ], [ -82.1653, 9.2681 ], [ -82.1666, 9.2704 ] ] ], [ [ [ -82.1696, 9.2712 ], [ -82.1688, 9.2721 ], [ -82.1692, 9.2709 ], [ -82.1696, 9.2712 ] ] ], [ [ [ -82.1639, 9.278 ], [ -82.1633, 9.2785 ], [ -82.1637, 9.2779 ], [ -82.1639, 9.278 ] ] ], [ [ [ -82.1698, 9.2819 ], [ -82.1694, 9.2816 ], [ -82.1699, 9.2817 ], [ -82.1698, 9.2819 ] ] ], [ [ [ -82.168, 9.2827 ], [ -82.1672, 9.2828 ], [ -82.1676, 9.282 ], [ -82.168, 9.2827 ] ] ], [ [ [ -82.1628, 9.2849 ], [ -82.1642, 9.2849 ], [ -82.1632, 9.2861 ], [ -82.1628, 9.2849 ] ] ], [ [ [ -82.1634, 9.2924 ], [ -82.1643, 9.2913 ], [ -82.1644, 9.2918 ], [ -82.1634, 9.2924 ] ] ], [ [ [ -82.1663, 9.293 ], [ -82.165, 9.2937 ], [ -82.1658, 9.2924 ], [ -82.1663, 9.293 ] ] ], [ [ [ -82.1643, 9.2933 ], [ -82.163, 9.2938 ], [ -82.1642, 9.293 ], [ -82.1643, 9.2933 ] ] ], [ [ [ -82.1673, 9.294 ], [ -82.1667, 9.295 ], [ -82.1664, 9.2937 ], [ -82.1673, 9.294 ] ] ], [ [ [ -82.1651, 9.2953 ], [ -82.1657, 9.2951 ], [ -82.1663, 9.2955 ], [ -82.1651, 9.2953 ] ] ], [ [ [ -82.168, 9.2962 ], [ -82.1688, 9.2952 ], [ -82.1691, 9.2961 ], [ -82.168, 9.2962 ] ] ], [ [ [ -82.1669, 9.2964 ], [ -82.1663, 9.2969 ], [ -82.1663, 9.296 ], [ -82.1669, 9.2964 ] ] ], [ [ [ -82.1682, 9.2977 ], [ -82.1676, 9.297 ], [ -82.1682, 9.2971 ], [ -82.1682, 9.2977 ] ] ], [ [ [ -82.1688, 9.312 ], [ -82.1684, 9.3128 ], [ -82.1678, 9.3135 ], [ -82.1688, 9.312 ] ] ], [ [ [ -82.1687, 9.3148 ], [ -82.1679, 9.3149 ], [ -82.1681, 9.3141 ], [ -82.1687, 9.3148 ] ] ], [ [ [ -82.1665, 9.3218 ], [ -82.1615, 9.32 ], [ -82.1635, 9.3172 ], [ -82.1665, 9.3218 ] ] ], [ [ [ -82.1688, 9.3193 ], [ -82.1696, 9.32 ], [ -82.1683, 9.3194 ], [ -82.1688, 9.3193 ] ] ], [ [ [ -82.1666, 9.3196 ], [ -82.1662, 9.3205 ], [ -82.1657, 9.3204 ], [ -82.1666, 9.3196 ] ] ], [ [ [ -82.1659, 9.3237 ], [ -82.1683, 9.3253 ], [ -82.1689, 9.3229 ], [ -82.1702, 9.3242 ], [ -82.1678, 9.3258 ], [ -82.1659, 9.3237 ] ] ], [ [ [ -82.1682, 9.3498 ], [ -82.1681, 9.351 ], [ -82.1673, 9.3499 ], [ -82.1682, 9.3498 ] ] ], [ [ [ -82.1469, 9.1503 ], [ -82.1458, 9.1501 ], [ -82.1465, 9.1493 ], [ -82.1469, 9.1503 ] ] ], [ [ [ -82.1483, 9.1516 ], [ -82.1502, 9.1486 ], [ -82.1509, 9.1492 ], [ -82.1483, 9.1516 ] ] ], [ [ [ -82.161, 9.1592 ], [ -82.1622, 9.1601 ], [ -82.1613, 9.1605 ], [ -82.161, 9.1592 ] ] ], [ [ [ -82.1611, 9.1663 ], [ -82.1601, 9.1661 ], [ -82.1601, 9.1658 ], [ -82.1611, 9.1663 ] ] ], [ [ [ -82.1578, 9.1665 ], [ -82.1572, 9.1693 ], [ -82.1567, 9.1668 ], [ -82.1578, 9.1665 ] ] ], [ [ [ -82.1591, 9.1686 ], [ -82.1615, 9.1683 ], [ -82.1616, 9.1691 ], [ -82.1591, 9.1686 ] ] ], [ [ [ -82.1595, 9.1698 ], [ -82.1593, 9.1706 ], [ -82.1586, 9.17 ], [ -82.1595, 9.1698 ] ] ], [ [ [ -82.159, 9.173 ], [ -82.1581, 9.1708 ], [ -82.1604, 9.1732 ], [ -82.159, 9.173 ] ] ], [ [ [ -82.1581, 9.177 ], [ -82.1576, 9.1765 ], [ -82.158, 9.1763 ], [ -82.1581, 9.177 ] ] ], [ [ [ -82.1597, 9.1812 ], [ -82.1593, 9.1806 ], [ -82.1597, 9.1806 ], [ -82.1597, 9.1812 ] ] ], [ [ [ -82.1471, 9.2107 ], [ -82.1472, 9.2093 ], [ -82.1449, 9.2024 ], [ -82.1554, 9.2032 ], [ -82.1493, 9.205 ], [ -82.1471, 9.2107 ] ] ], [ [ [ -82.144, 9.2128 ], [ -82.1441, 9.2135 ], [ -82.1438, 9.2138 ], [ -82.144, 9.2128 ] ] ], [ [ [ -82.1499, 9.2158 ], [ -82.1495, 9.2156 ], [ -82.1496, 9.2153 ], [ -82.1499, 9.2158 ] ] ], [ [ [ -82.1459, 9.2188 ], [ -82.147, 9.2181 ], [ -82.1478, 9.2187 ], [ -82.1459, 9.2188 ] ] ], [ [ [ -82.1505, 9.2175 ], [ -82.1534, 9.2187 ], [ -82.1539, 9.2204 ], [ -82.1505, 9.2175 ] ] ], [ [ [ -82.1515, 9.2215 ], [ -82.1518, 9.2221 ], [ -82.1514, 9.2219 ], [ -82.1515, 9.2215 ] ] ], [ [ [ -82.1474, 9.2254 ], [ -82.1469, 9.2258 ], [ -82.1468, 9.2248 ], [ -82.1474, 9.2254 ] ] ], [ [ [ -82.1605, 9.23 ], [ -82.1582, 9.2239 ], [ -82.16, 9.2234 ], [ -82.1605, 9.23 ] ] ], [ [ [ -82.1443, 9.2283 ], [ -82.144, 9.229 ], [ -82.1435, 9.2282 ], [ -82.1443, 9.2283 ] ] ], [ [ [ -82.1505, 9.243 ], [ -82.1539, 9.2389 ], [ -82.16, 9.2404 ], [ -82.1582, 9.2438 ], [ -82.1505, 9.243 ] ] ], [ [ [ -82.1526, 9.2455 ], [ -82.1534, 9.2472 ], [ -82.1525, 9.2475 ], [ -82.1526, 9.2455 ] ] ], [ [ [ -82.1618, 9.2537 ], [ -82.1616, 9.2542 ], [ -82.1606, 9.2538 ], [ -82.1618, 9.2537 ] ] ], [ [ [ -82.1594, 9.2614 ], [ -82.1608, 9.262 ], [ -82.1591, 9.2623 ], [ -82.1594, 9.2614 ] ] ], [ [ [ -82.1575, 9.2647 ], [ -82.1571, 9.2641 ], [ -82.1574, 9.264 ], [ -82.1575, 9.2647 ] ] ], [ [ [ -82.1584, 9.2643 ], [ -82.1608, 9.2652 ], [ -82.1579, 9.2657 ], [ -82.1584, 9.2643 ] ] ], [ [ [ -82.1588, 9.2664 ], [ -82.1597, 9.2663 ], [ -82.1598, 9.2666 ], [ -82.1588, 9.2664 ] ] ], [ [ [ -82.1544, 9.2699 ], [ -82.154, 9.2696 ], [ -82.1546, 9.2694 ], [ -82.1544, 9.2699 ] ] ], [ [ [ -82.1585, 9.2709 ], [ -82.1583, 9.2715 ], [ -82.1579, 9.271 ], [ -82.1585, 9.2709 ] ] ], [ [ [ -82.16, 9.2708 ], [ -82.1598, 9.2716 ], [ -82.1595, 9.2708 ], [ -82.16, 9.2708 ] ] ], [ [ [ -82.1576, 9.2722 ], [ -82.1572, 9.2702 ], [ -82.1579, 9.2714 ], [ -82.1576, 9.2722 ] ] ], [ [ [ -82.1527, 9.2717 ], [ -82.154, 9.2715 ], [ -82.154, 9.2722 ], [ -82.1527, 9.2717 ] ] ], [ [ [ -82.1569, 9.2727 ], [ -82.1565, 9.2722 ], [ -82.1568, 9.2721 ], [ -82.1569, 9.2727 ] ] ], [ [ [ -82.1584, 9.2746 ], [ -82.1594, 9.2719 ], [ -82.1613, 9.273 ], [ -82.1584, 9.2746 ] ] ], [ [ [ -82.1573, 9.275 ], [ -82.1572, 9.2755 ], [ -82.1567, 9.2751 ], [ -82.1573, 9.275 ] ] ], [ [ [ -82.1578, 9.2753 ], [ -82.1609, 9.2759 ], [ -82.1576, 9.277 ], [ -82.1578, 9.2753 ] ] ], [ [ [ -82.1529, 9.2756 ], [ -82.1548, 9.2768 ], [ -82.1524, 9.2766 ], [ -82.1529, 9.2756 ] ] ], [ [ [ -82.1618, 9.2772 ], [ -82.1617, 9.2777 ], [ -82.1616, 9.2767 ], [ -82.1618, 9.2772 ] ] ], [ [ [ -82.1518, 9.277 ], [ -82.152, 9.2777 ], [ -82.1516, 9.2782 ], [ -82.1518, 9.277 ] ] ], [ [ [ -82.1606, 9.2782 ], [ -82.1608, 9.2791 ], [ -82.1606, 9.279 ], [ -82.1606, 9.2782 ] ] ], [ [ [ -82.1545, 9.2811 ], [ -82.1535, 9.282 ], [ -82.1539, 9.2806 ], [ -82.1545, 9.2811 ] ] ], [ [ [ -82.1585, 9.2853 ], [ -82.1578, 9.2855 ], [ -82.1583, 9.2846 ], [ -82.1585, 9.2853 ] ] ], [ [ [ -82.1999, 9.361 ], [ -82.2007, 9.3545 ], [ -82.1927, 9.3483 ], [ -82.1858, 9.3501 ], [ -82.1734, 9.3435 ], [ -82.1644, 9.3495 ], [ -82.1455, 9.3425 ], [ -82.1404, 9.3304 ], [ -82.1284, 9.3192 ], [ -82.1202, 9.3161 ], [ -82.11, 9.3202 ], [ -82.0903, 9.3087 ], [ -82.0811, 9.2904 ], [ -82.1112, 9.2897 ], [ -82.1245, 9.2784 ], [ -82.1277, 9.2796 ], [ -82.1336, 9.2774 ], [ -82.1307, 9.2747 ], [ -82.1342, 9.2697 ], [ -82.1415, 9.27 ], [ -82.1381, 9.2656 ], [ -82.146, 9.2623 ], [ -82.1459, 9.2565 ], [ -82.1376, 9.2491 ], [ -82.1474, 9.2478 ], [ -82.1562, 9.2601 ], [ -82.1599, 9.2598 ], [ -82.1504, 9.2726 ], [ -82.1498, 9.2818 ], [ -82.1565, 9.2833 ], [ -82.1581, 9.2987 ], [ -82.1621, 9.297 ], [ -82.1629, 9.3001 ], [ -82.1656, 9.3019 ], [ -82.1639, 9.2972 ], [ -82.1683, 9.2993 ], [ -82.1671, 9.3052 ], [ -82.1727, 9.31 ], [ -82.1551, 9.3063 ], [ -82.1507, 9.3105 ], [ -82.1573, 9.3136 ], [ -82.1603, 9.3206 ], [ -82.1741, 9.3336 ], [ -82.1808, 9.3335 ], [ -82.1754, 9.3347 ], [ -82.1774, 9.3374 ], [ -82.1825, 9.3348 ], [ -82.1813, 9.3401 ], [ -82.1863, 9.3359 ], [ -82.1859, 9.3339 ], [ -82.1873, 9.3373 ], [ -82.1954, 9.3355 ], [ -82.2067, 9.3393 ], [ -82.2091, 9.348 ], [ -82.2147, 9.3473 ], [ -82.1999, 9.361 ] ], [ [ -82.1449, 9.3278 ], [ -82.1425, 9.3223 ], [ -82.1416, 9.3241 ], [ -82.143, 9.3267 ], [ -82.1449, 9.3278 ] ] ], [ [ [ -82.1573, 9.3086 ], [ -82.1574, 9.3079 ], [ -82.1578, 9.308 ], [ -82.1573, 9.3086 ] ] ], [ [ [ -82.1597, 9.3091 ], [ -82.1592, 9.3088 ], [ -82.16, 9.3082 ], [ -82.1597, 9.3091 ] ] ], [ [ [ -82.1609, 9.3096 ], [ -82.1604, 9.3101 ], [ -82.1606, 9.3095 ], [ -82.1609, 9.3096 ] ] ], [ [ [ -82.1531, 9.3107 ], [ -82.1533, 9.3111 ], [ -82.153, 9.3111 ], [ -82.1531, 9.3107 ] ] ], [ [ [ -82.1568, 9.3126 ], [ -82.1563, 9.3121 ], [ -82.1569, 9.3122 ], [ -82.1568, 9.3126 ] ] ], [ [ [ -82.1613, 9.3144 ], [ -82.1627, 9.3131 ], [ -82.1627, 9.3145 ], [ -82.1613, 9.3144 ] ] ], [ [ [ -82.1603, 9.3146 ], [ -82.1594, 9.3155 ], [ -82.1594, 9.3145 ], [ -82.1603, 9.3146 ] ] ], [ [ [ -82.1614, 9.3155 ], [ -82.1607, 9.3159 ], [ -82.1607, 9.3153 ], [ -82.1614, 9.3155 ] ] ], [ [ [ -82.1616, 9.3185 ], [ -82.161, 9.3196 ], [ -82.1615, 9.3181 ], [ -82.1616, 9.3185 ] ] ], [ [ [ -82.1611, 9.3201 ], [ -82.1604, 9.3203 ], [ -82.1603, 9.32 ], [ -82.1611, 9.3201 ] ] ], [ [ [ -81.5368, 9.0883 ], [ -81.5361, 9.0885 ], [ -81.5366, 9.0877 ], [ -81.5368, 9.0883 ] ] ], [ [ [ -81.5381, 9.089 ], [ -81.5374, 9.0887 ], [ -81.5376, 9.0883 ], [ -81.5381, 9.089 ] ] ], [ [ [ -81.5737, 9.1046 ], [ -81.5601, 9.1014 ], [ -81.5523, 9.1047 ], [ -81.5464, 9.1019 ], [ -81.5488, 9.101 ], [ -81.5487, 9.0995 ], [ -81.5402, 9.0898 ], [ -81.5648, 9.0926 ], [ -81.5712, 9.0897 ], [ -81.5737, 9.1046 ] ] ], [ [ [ -81.5468, 9.0987 ], [ -81.544, 9.0978 ], [ -81.5445, 9.0967 ], [ -81.5468, 9.0987 ] ] ], [ [ [ -81.5462, 9.0995 ], [ -81.5461, 9.1 ], [ -81.5456, 9.0997 ], [ -81.5462, 9.0995 ] ] ], [ [ [ -81.5465, 9.1007 ], [ -81.5468, 9.0999 ], [ -81.5479, 9.1004 ], [ -81.5476, 9.1006 ], [ -81.5465, 9.1007 ] ] ], [ [ [ -81.5541, 9.1054 ], [ -81.5549, 9.1052 ], [ -81.5555, 9.1055 ], [ -81.5541, 9.1054 ] ] ], [ [ [ -81.5674, 9.1061 ], [ -81.5681, 9.1062 ], [ -81.5677, 9.1055 ], [ -81.5685, 9.1065 ], [ -81.5679, 9.1065 ], [ -81.5674, 9.1061 ] ] ], [ [ [ -81.5538, 9.107 ], [ -81.5541, 9.1063 ], [ -81.5544, 9.1071 ], [ -81.5538, 9.107 ] ] ], [ [ [ -82.1385, 9.1491 ], [ -82.1367, 9.1455 ], [ -82.1393, 9.1469 ], [ -82.1385, 9.1491 ] ] ], [ [ [ -82.0953, 9.1531 ], [ -82.0967, 9.1517 ], [ -82.0976, 9.1526 ], [ -82.0953, 9.1531 ] ] ], [ [ [ -82.0958, 9.156 ], [ -82.0962, 9.1533 ], [ -82.0981, 9.1547 ], [ -82.0958, 9.156 ] ] ], [ [ [ -82.0967, 9.1569 ], [ -82.098, 9.1563 ], [ -82.098, 9.1571 ], [ -82.0967, 9.1569 ] ] ], [ [ [ -82.0514, 9.1832 ], [ -82.0385, 9.17 ], [ -82.0303, 9.1691 ], [ -82.0312, 9.1611 ], [ -82.0223, 9.1545 ], [ -82.0222, 9.1486 ], [ -82.0132, 9.1489 ], [ -82.0071, 9.1437 ], [ -82.0146, 9.1425 ], [ -82.0197, 9.1336 ], [ -82.0287, 9.1305 ], [ -82.0602, 9.1526 ], [ -82.0536, 9.169 ], [ -82.0537, 9.1806 ], [ -82.0514, 9.1832 ] ] ], [ [ [ -82.093, 9.1622 ], [ -82.0948, 9.1567 ], [ -82.0977, 9.1588 ], [ -82.093, 9.1622 ] ] ], [ [ [ -82.0893, 9.1601 ], [ -82.0905, 9.16 ], [ -82.0905, 9.1605 ], [ -82.0893, 9.1601 ] ] ], [ [ [ -82.0892, 9.1609 ], [ -82.0884, 9.1604 ], [ -82.0888, 9.1596 ], [ -82.0892, 9.1609 ] ] ], [ [ [ -82.089, 9.163 ], [ -82.0904, 9.1618 ], [ -82.0902, 9.1629 ], [ -82.089, 9.163 ] ] ], [ [ [ -82.0833, 9.18 ], [ -82.0714, 9.1774 ], [ -82.0717, 9.1739 ], [ -82.0808, 9.1742 ], [ -82.0814, 9.1748 ], [ -82.0813, 9.1761 ], [ -82.0833, 9.18 ] ] ], [ [ [ -82.1035, 9.1814 ], [ -82.1048, 9.1823 ], [ -82.1027, 9.1822 ], [ -82.1035, 9.1814 ] ] ], [ [ [ -82.0848, 9.1817 ], [ -82.0851, 9.1824 ], [ -82.0843, 9.1823 ], [ -82.0848, 9.1817 ] ] ], [ [ [ -82.0882, 9.1825 ], [ -82.0878, 9.1819 ], [ -82.0884, 9.1822 ], [ -82.0882, 9.1825 ] ] ], [ [ [ -82.0899, 9.1826 ], [ -82.0891, 9.182 ], [ -82.0897, 9.182 ], [ -82.0899, 9.1826 ] ] ], [ [ [ -82.133, 9.2339 ], [ -82.1265, 9.2267 ], [ -82.1172, 9.2315 ], [ -82.1071, 9.2221 ], [ -82.1086, 9.2099 ], [ -82.0978, 9.196 ], [ -82.1029, 9.1915 ], [ -82.1152, 9.1955 ], [ -82.1146, 9.1891 ], [ -82.1111, 9.1921 ], [ -82.1019, 9.1891 ], [ -82.1105, 9.1886 ], [ -82.1091, 9.1811 ], [ -82.1002, 9.1799 ], [ -82.0979, 9.1832 ], [ -82.099, 9.1767 ], [ -82.0848, 9.1808 ], [ -82.0815, 9.1754 ], [ -82.0889, 9.1677 ], [ -82.0909, 9.1724 ], [ -82.0944, 9.1676 ], [ -82.0898, 9.1669 ], [ -82.09, 9.1647 ], [ -82.0957, 9.1644 ], [ -82.1003, 9.1576 ], [ -82.0975, 9.149 ], [ -82.1006, 9.1466 ], [ -82.0973, 9.1468 ], [ -82.0953, 9.1386 ], [ -82.1004, 9.1336 ], [ -82.0982, 9.1297 ], [ -82.1139, 9.136 ], [ -82.1122, 9.1414 ], [ -82.1192, 9.1366 ], [ -82.1298, 9.141 ], [ -82.1418, 9.1539 ], [ -82.1505, 9.1514 ], [ -82.1536, 9.1481 ], [ -82.1529, 9.1531 ], [ -82.1608, 9.1621 ], [ -82.157, 9.1659 ], [ -82.1539, 9.1593 ], [ -82.1521, 9.1629 ], [ -82.1589, 9.1916 ], [ -82.1534, 9.1914 ], [ -82.1537, 9.1866 ], [ -82.1505, 9.1976 ], [ -82.1405, 9.1907 ], [ -82.1332, 9.1999 ], [ -82.1435, 9.201 ], [ -82.1403, 9.2064 ], [ -82.146, 9.2077 ], [ -82.1432, 9.2141 ], [ -82.1484, 9.2134 ], [ -82.1489, 9.2172 ], [ -82.1462, 9.2142 ], [ -82.1425, 9.2189 ], [ -82.1439, 9.22 ], [ -82.1418, 9.2203 ], [ -82.1422, 9.2226 ], [ -82.1442, 9.2227 ], [ -82.1423, 9.2249 ], [ -82.1493, 9.2209 ], [ -82.1402, 9.2296 ], [ -82.1416, 9.2322 ], [ -82.133, 9.2339 ] ] ], [ [ [ -82.0847, 9.183 ], [ -82.0841, 9.1827 ], [ -82.0852, 9.1827 ], [ -82.0847, 9.183 ] ] ], [ [ [ -82.0928, 9.1841 ], [ -82.0921, 9.1843 ], [ -82.0925, 9.1839 ], [ -82.0928, 9.1841 ] ] ], [ [ [ -82.1042, 9.1845 ], [ -82.1035, 9.1843 ], [ -82.1041, 9.1841 ], [ -82.1042, 9.1845 ] ] ], [ [ [ -82.1032, 9.1852 ], [ -82.1027, 9.1847 ], [ -82.1032, 9.1846 ], [ -82.1032, 9.1852 ] ] ], [ [ [ -82.0945, 9.1853 ], [ -82.0955, 9.1862 ], [ -82.0941, 9.1861 ], [ -82.0945, 9.1853 ] ] ], [ [ [ -82.0884, 9.1861 ], [ -82.0892, 9.1858 ], [ -82.0891, 9.1868 ], [ -82.0884, 9.1861 ] ] ], [ [ [ -82.0927, 9.1853 ], [ -82.0896, 9.185 ], [ -82.0898, 9.1845 ], [ -82.0927, 9.1853 ] ] ], [ [ [ -82.0974, 9.1862 ], [ -82.1, 9.1857 ], [ -82.0984, 9.1883 ], [ -82.0974, 9.1862 ] ] ], [ [ [ -82.0891, 9.187 ], [ -82.0905, 9.1874 ], [ -82.0899, 9.1882 ], [ -82.0891, 9.187 ] ] ], [ [ [ -82.0964, 9.1883 ], [ -82.0976, 9.1879 ], [ -82.0976, 9.1887 ], [ -82.0964, 9.1883 ] ] ], [ [ [ -82.1397, 9.1954 ], [ -82.1404, 9.1956 ], [ -82.1397, 9.1959 ], [ -82.1397, 9.1954 ] ] ], [ [ [ -82.1396, 9.1972 ], [ -82.1399, 9.1961 ], [ -82.1415, 9.1974 ], [ -82.1396, 9.1972 ] ] ], [ [ [ -82.1388, 9.1984 ], [ -82.1393, 9.1977 ], [ -82.1401, 9.1984 ], [ -82.1388, 9.1984 ] ] ], [ [ [ -82.1363, 9.1979 ], [ -82.1358, 9.1985 ], [ -82.1359, 9.1979 ], [ -82.1363, 9.1979 ] ] ], [ [ [ -82.1383, 9.1989 ], [ -82.1374, 9.1987 ], [ -82.1383, 9.1985 ], [ -82.1383, 9.1989 ] ] ], [ [ [ -82.1408, 9.1989 ], [ -82.1403, 9.1995 ], [ -82.1405, 9.1982 ], [ -82.1408, 9.1989 ] ] ], [ [ [ -82.1432, 9.2218 ], [ -82.1429, 9.2204 ], [ -82.1446, 9.2207 ], [ -82.1432, 9.2218 ] ] ], [ [ [ -82.1255, 9.2285 ], [ -82.1246, 9.228 ], [ -82.1248, 9.2279 ], [ -82.1255, 9.2285 ] ] ], [ [ [ -82.1425, 9.2309 ], [ -82.1422, 9.2304 ], [ -82.1425, 9.2305 ], [ -82.1425, 9.2309 ] ] ], [ [ [ -82.1199, 9.2336 ], [ -82.1194, 9.2318 ], [ -82.1215, 9.2324 ], [ -82.1199, 9.2336 ] ] ], [ [ [ -82.1263, 9.2375 ], [ -82.1222, 9.2292 ], [ -82.1316, 9.234 ], [ -82.1263, 9.2375 ] ] ], [ [ [ -82.1374, 9.2456 ], [ -82.1386, 9.2426 ], [ -82.1398, 9.2438 ], [ -82.1374, 9.2456 ] ] ], [ [ [ -82.0328, 9.2519 ], [ -82.0408, 9.2538 ], [ -82.0412, 9.2558 ], [ -82.035, 9.2547 ], [ -82.0328, 9.2519 ] ] ], [ [ [ -82.1434, 9.256 ], [ -82.1424, 9.2564 ], [ -82.1429, 9.2553 ], [ -82.1434, 9.256 ] ] ], [ [ [ -82.0508, 9.2639 ], [ -82.0582, 9.2659 ], [ -82.0585, 9.2669 ], [ -82.0508, 9.2639 ] ] ], [ [ [ -82.1341, 9.2684 ], [ -82.1327, 9.2669 ], [ -82.1348, 9.2676 ], [ -82.1341, 9.2684 ] ] ], [ [ [ -82.1327, 9.2692 ], [ -82.1307, 9.2699 ], [ -82.1305, 9.2692 ], [ -82.1327, 9.2692 ] ] ], [ [ [ -82.1277, 9.2786 ], [ -82.128, 9.2781 ], [ -82.1281, 9.2785 ], [ -82.1277, 9.2786 ] ] ] ] } },
{ "type": "Feature", "properties": { "id": "chitre_parita", "name": "Chitre - Parita", "tier": "priority", "products": "cultural tourism & folklore; tradition-based events; rural accommodation; MICE (convention centre); religious & historic heritage", "nature_hooks": "Parita Bay wetlands (shorebird site); dry forest; coastal mangrove", "vocation_en": "A culture-led destination built on local folklore and tradition-based events, with rural accommodation, aimed mainly at short-stay national and regional visitors, plus meetings and events tourism at the existing convention centre. Investment must apply sustainability criteria in concept and operating technology.", "vocation_es": "Destino basado en actividades culturales principalmente basados en el folklore local y eventos basados en la tradicion, con alojamiento rural, principalmente para un mercado de corta estancia del visitante nacional o de paises de la region. Igualmente, se impulsara el turismo de eventos y reuniones en el Centro de Convenciones existente.", "districts": "Herrera/Chitré; Herrera/Parita", "area_km2": 440.3 }, "geometry": { "type": "Polygon", "coordinates": [ [ [ -80.4657, 8.0528 ], [ -80.4437, 8.0223 ], [ -80.4296, 8.0211 ], [ -80.4041, 8.0023 ], [ -80.395, 8.0033 ], [ -80.387, 7.997 ], [ -80.3955, 7.9932 ], [ -80.3941, 7.9876 ], [ -80.3983, 7.9928 ], [ -80.402, 7.9926 ], [ -80.398, 7.9876 ], [ -80.4021, 7.9868 ], [ -80.4012, 7.9781 ], [ -80.3957, 7.9753 ], [ -80.3941, 7.9782 ], [ -80.3894, 7.9712 ], [ -80.3994, 7.9597 ], [ -80.4051, 7.9589 ], [ -80.4036, 7.9533 ], [ -80.4176, 7.9495 ], [ -80.423, 7.9398 ], [ -80.4249, 7.9434 ], [ -80.4358, 7.939 ], [ -80.4428, 7.9414 ], [ -80.449, 7.9362 ], [ -80.4591, 7.9454 ], [ -80.4586, 7.934 ], [ -80.4623, 7.9329 ], [ -80.4651, 7.9433 ], [ -80.4727, 7.9483 ], [ -80.4798, 7.9472 ], [ -80.4971, 7.9329 ], [ -80.5075, 7.9334 ], [ -80.5119, 7.9363 ], [ -80.5062, 7.9547 ], [ -80.5544, 7.9618 ], [ -80.5823, 7.9807 ], [ -80.5834, 7.9764 ], [ -80.5934, 7.9719 ], [ -80.593, 7.9675 ], [ -80.6027, 7.96 ], [ -80.5999, 7.9556 ], [ -80.6062, 7.952 ], [ -80.6145, 7.9581 ], [ -80.6274, 7.9571 ], [ -80.6503, 7.9474 ], [ -80.6597, 7.9791 ], [ -80.6708, 7.9908 ], [ -80.6748, 7.9908 ], [ -80.6755, 7.9912 ], [ -80.676, 7.992 ], [ -80.675, 7.9962 ], [ -80.6754, 7.9914 ], [ -80.671, 7.9946 ], [ -80.6777, 7.999 ], [ -80.6771, 8.0228 ], [ -80.7027, 8.0457 ], [ -80.7096, 8.0472 ], [ -80.7074, 8.0514 ], [ -80.7137, 8.057 ], [ -80.7098, 8.0585 ], [ -80.72, 8.0656 ], [ -80.7088, 8.0841 ], [ -80.7003, 8.0894 ], [ -80.6856, 8.0867 ], [ -80.6788, 8.0957 ], [ -80.6641, 8.0968 ], [ -80.6524, 8.0913 ], [ -80.6384, 8.0947 ], [ -80.6263, 8.0891 ], [ -80.6166, 8.0948 ], [ -80.5862, 8.0898 ], [ -80.5796, 8.0954 ], [ -80.5677, 8.0918 ], [ -80.5556, 8.0998 ], [ -80.5577, 8.103 ], [ -80.5514, 8.1176 ], [ -80.5405, 8.1133 ], [ -80.5391, 8.124 ], [ -80.5318, 8.1211 ], [ -80.5335, 8.1157 ], [ -80.5269, 8.1173 ], [ -80.5256, 8.1239 ], [ -80.5257, 8.1109 ], [ -80.5174, 8.1102 ], [ -80.517, 8.101 ], [ -80.5101, 8.1019 ], [ -80.5107, 8.11 ], [ -80.5061, 8.1119 ], [ -80.5052, 8.1052 ], [ -80.4977, 8.1027 ], [ -80.4977, 8.0948 ], [ -80.4845, 8.0912 ], [ -80.47, 8.0756 ], [ -80.4657, 8.0528 ] ], [ [ -80.4637, 8.0058 ], [ -80.4654, 8.0049 ], [ -80.4631, 8.0053 ], [ -80.4637, 8.0058 ] ], [ [ -80.4816, 7.9885 ], [ -80.4821, 7.9899 ], [ -80.4827, 7.9894 ], [ -80.4816, 7.9885 ] ], [ [ -80.4821, 7.9875 ], [ -80.4833, 7.9848 ], [ -80.4822, 7.9846 ], [ -80.4821, 7.9875 ] ], [ [ -80.4133, 7.9875 ], [ -80.4113, 7.9867 ], [ -80.4133, 7.9878 ], [ -80.4133, 7.9875 ] ], [ [ -80.485, 7.981 ], [ -80.4849, 7.9781 ], [ -80.4834, 7.9788 ], [ -80.485, 7.981 ] ], [ [ -80.4867, 7.977 ], [ -80.4874, 7.9755 ], [ -80.4857, 7.9761 ], [ -80.4867, 7.977 ] ], [ [ -80.6256, 8.0763 ], [ -80.6264, 8.0722 ], [ -80.6259, 8.0719 ], [ -80.6244, 8.0728 ], [ -80.6256, 8.0763 ] ], [ [ -80.523, 8.0762 ], [ -80.5222, 8.0754 ], [ -80.5221, 8.0757 ], [ -80.523, 8.0762 ] ], [ [ -80.516, 8.0695 ], [ -80.5185, 8.0664 ], [ -80.5135, 8.0656 ], [ -80.516, 8.0695 ] ], [ [ -80.5228, 8.0653 ], [ -80.5216, 8.0665 ], [ -80.523, 8.0667 ], [ -80.5228, 8.0653 ] ], [ [ -80.671, 8.0646 ], [ -80.6748, 8.0662 ], [ -80.6721, 8.0619 ], [ -80.671, 8.0646 ] ], [ [ -80.5038, 8.0556 ], [ -80.5039, 8.0528 ], [ -80.5004, 8.0522 ], [ -80.5038, 8.0556 ] ], [ [ -80.5567, 8.0525 ], [ -80.5579, 8.0499 ], [ -80.5573, 8.0497 ], [ -80.5567, 8.0525 ] ], [ [ -80.6374, 8.0517 ], [ -80.6345, 8.0526 ], [ -80.6363, 8.0534 ], [ -80.6374, 8.0517 ] ], [ [ -80.6901, 8.0473 ], [ -80.6883, 8.0476 ], [ -80.6903, 8.0478 ], [ -80.6901, 8.0473 ] ], [ [ -80.5638, 8.0423 ], [ -80.5646, 8.0404 ], [ -80.5641, 8.0402 ], [ -80.5638, 8.0423 ] ], [ [ -80.684, 8.0404 ], [ -80.6856, 8.0413 ], [ -80.6848, 8.0394 ], [ -80.684, 8.0404 ] ], [ [ -80.6738, 8.0372 ], [ -80.6744, 8.0352 ], [ -80.6728, 8.0347 ], [ -80.6738, 8.0372 ] ], [ [ -80.6713, 8.0353 ], [ -80.6724, 8.0341 ], [ -80.6693, 8.0339 ], [ -80.6713, 8.0353 ] ], [ [ -80.4742, 8.0254 ], [ -80.4839, 8.0235 ], [ -80.4811, 8.0164 ], [ -80.4753, 8.016 ], [ -80.4742, 8.0254 ] ], [ [ -80.6735, 8.0133 ], [ -80.6754, 8.0156 ], [ -80.6751, 8.013 ], [ -80.6735, 8.0133 ] ], [ [ -80.6755, 8.0163 ], [ -80.6698, 8.0224 ], [ -80.6747, 8.0245 ], [ -80.6755, 8.0163 ] ], [ [ -80.595, 8.0128 ], [ -80.594, 8.009 ], [ -80.5911, 8.0114 ], [ -80.595, 8.0128 ] ], [ [ -80.4897, 7.9969 ], [ -80.4924, 7.997 ], [ -80.4933, 7.996 ], [ -80.4897, 7.9969 ] ] ] } },
{ "type": "Feature", "properties": { "id": "pacifico_veraguense", "name": "Pacifico Veraguense - Golfo de Montijo - Santa Catalina - Mariato", "tier": "priority", "products": "gateway to Coiba NP; diving & snorkelling; surf; low-impact beach; community-based rural tourism; cetacean watching; sport fishing; scientific tourism; mangrove & wetland experiences", "nature_hooks": "Coiba National Park (UNESCO WHS); Golfo de Montijo Ramsar wetland; mangroves; cetaceans; Isla Cebaco; surf breaks", "vocation_en": "Santa Catalina-Pixvae is to consolidate as the access point to Coiba National Park and as a low-impact beach, surf, adventure and ecotourism destination - with the plan requiring especially strict sustainability criteria because it adjoins one of the country's most important nature reserves. Golfo de Montijo-Santiago-Atalaya is a coastal destination for intense contact with nature (mangrove and ocean) and local communities, scientific tourism, cetacean watching and sport fishing, with strong local community involvement as the guarantor of authenticity. Mariato is a beach destination for surf and wildlife watching (birds, monkeys, turtles, cetaceans) with a community-based rural tourism focus.", "vocation_es": "Santa Catalina-Pixvae: fortalecer su posicionamiento como punto de acceso al Parque Nacional Coiba, destino de playa de bajo impacto, surf, turismo de aventura y ecoturismo. Las inversiones deberan planificarse con criterios de sostenibilidad especialmente estrictos en tanto que se estara desarrollando un destino anexo a una de las reservas naturales mas importantes del pais. Golfo de Montijo-Santiago-Atalaya: destino costero de contacto intenso con la naturaleza (mangle y oceano) y las comunidades locales, turismo cientifico, observacion de cetaceos y pesca deportiva.", "districts": "Veraguas/Mariato; Veraguas/Montijo; Veraguas/Soná; Veraguas/Santiago; Veraguas/Atalaya; Veraguas/Río de Jesús", "area_km2": 5086.4 }, "geometry": { "type": "MultiPolygon", "coordinates": [ [ [ [ -81.8015, 7.2126 ], [ -81.7966, 7.2051 ], [ -81.804, 7.2089 ], [ -81.8063, 7.2214 ], [ -81.803, 7.2218 ], [ -81.8015, 7.2126 ] ] ], [ [ [ -81.8068, 7.2286 ], [ -81.8061, 7.2281 ], [ -81.8067, 7.2279 ], [ -81.8068, 7.2286 ] ] ], [ [ [ -81.8172, 7.2445 ], [ -81.8168, 7.245 ], [ -81.8164, 7.2448 ], [ -81.8172, 7.2445 ] ] ], [ [ [ -81.7892, 7.2911 ], [ -81.7837, 7.2865 ], [ -81.7711, 7.2912 ], [ -81.7681, 7.2846 ], [ -81.7857, 7.2743 ], [ -81.7854, 7.2663 ], [ -81.8019, 7.2419 ], [ -81.7989, 7.2328 ], [ -81.8026, 7.2282 ], [ -81.824, 7.2731 ], [ -81.8197, 7.2824 ], [ -81.8205, 7.2943 ], [ -81.8125, 7.2893 ], [ -81.7892, 7.2911 ] ] ], [ [ [ -81.8267, 7.2741 ], [ -81.826, 7.2744 ], [ -81.8265, 7.2731 ], [ -81.8267, 7.2741 ] ] ], [ [ [ -81.8248, 7.2843 ], [ -81.8245, 7.2843 ], [ -81.8246, 7.2836 ], [ -81.8248, 7.2843 ] ] ], [ [ [ -81.8278, 7.2846 ], [ -81.8268, 7.2845 ], [ -81.8273, 7.2837 ], [ -81.8278, 7.2846 ] ] ], [ [ [ -81.826, 7.2861 ], [ -81.8249, 7.2868 ], [ -81.824, 7.2851 ], [ -81.826, 7.2861 ] ] ], [ [ [ -81.6992, 7.3361 ], [ -81.6986, 7.336 ], [ -81.699, 7.3352 ], [ -81.6992, 7.3361 ] ] ], [ [ [ -81.6908, 7.344 ], [ -81.6903, 7.3435 ], [ -81.6905, 7.3431 ], [ -81.6908, 7.344 ] ] ], [ [ [ -81.6939, 7.3447 ], [ -81.6934, 7.3446 ], [ -81.6943, 7.3437 ], [ -81.6939, 7.3447 ] ] ], [ [ [ -81.6927, 7.3453 ], [ -81.691, 7.345 ], [ -81.6916, 7.3439 ], [ -81.6927, 7.3453 ] ] ], [ [ [ -81.8176, 7.4053 ], [ -81.8187, 7.4056 ], [ -81.8172, 7.4061 ], [ -81.8176, 7.4053 ] ] ], [ [ [ -81.866, 7.4489 ], [ -81.8655, 7.4488 ], [ -81.8665, 7.4478 ], [ -81.866, 7.4489 ] ] ], [ [ [ -81.8657, 7.4499 ], [ -81.8653, 7.4497 ], [ -81.8658, 7.449 ], [ -81.8657, 7.4499 ] ] ], [ [ [ -81.8724, 7.4701 ], [ -81.8711, 7.4701 ], [ -81.8717, 7.4693 ], [ -81.8724, 7.4701 ] ] ], [ [ [ -81.8708, 7.4716 ], [ -81.8714, 7.4728 ], [ -81.8708, 7.4733 ], [ -81.8708, 7.4716 ] ] ], [ [ [ -81.872, 7.4767 ], [ -81.8715, 7.4766 ], [ -81.8722, 7.4759 ], [ -81.872, 7.4767 ] ] ], [ [ [ -81.8706, 7.4774 ], [ -81.8703, 7.4784 ], [ -81.8697, 7.478 ], [ -81.8706, 7.4774 ] ] ], [ [ [ -81.6887, 7.3419 ], [ -81.6912, 7.3474 ], [ -81.6876, 7.3489 ], [ -81.6892, 7.3475 ], [ -81.6892, 7.347 ], [ -81.6892, 7.3467 ], [ -81.6887, 7.3465 ], [ -81.6874, 7.3475 ], [ -81.6883, 7.3452 ], [ -81.6857, 7.3452 ], [ -81.6845, 7.3504 ], [ -81.6909, 7.3488 ], [ -81.695, 7.3442 ], [ -81.6931, 7.3482 ], [ -81.6983, 7.3527 ], [ -81.6973, 7.3527 ], [ -81.6969, 7.353 ], [ -81.697, 7.3564 ], [ -81.6962, 7.3552 ], [ -81.6944, 7.3565 ], [ -81.6959, 7.3572 ], [ -81.6971, 7.3565 ], [ -81.6974, 7.356 ], [ -81.6971, 7.353 ], [ -81.6984, 7.3531 ], [ -81.6987, 7.3522 ], [ -81.6934, 7.348 ], [ -81.6955, 7.3456 ], [ -81.694, 7.3395 ], [ -81.725, 7.3498 ], [ -81.7583, 7.3506 ], [ -81.7738, 7.3613 ], [ -81.777, 7.359 ], [ -81.7899, 7.3818 ], [ -81.8028, 7.3897 ], [ -81.8063, 7.4001 ], [ -81.8128, 7.4061 ], [ -81.8206, 7.4074 ], [ -81.8265, 7.4168 ], [ -81.8468, 7.4279 ], [ -81.8616, 7.4455 ], [ -81.8655, 7.4451 ], [ -81.8634, 7.4632 ], [ -81.8703, 7.4695 ], [ -81.8683, 7.4763 ], [ -81.8695, 7.4799 ], [ -81.8754, 7.4827 ], [ -81.8753, 7.4918 ], [ -81.8881, 7.4874 ], [ -81.8797, 7.5057 ], [ -81.8885, 7.5139 ], [ -81.8869, 7.52 ], [ -81.8915, 7.5239 ], [ -81.8626, 7.5155 ], [ -81.8553, 7.5307 ], [ -81.8587, 7.5439 ], [ -81.847, 7.5433 ], [ -81.8441, 7.5465 ], [ -81.8405, 7.5552 ], [ -81.8416, 7.574 ], [ -81.8315, 7.5841 ], [ -81.8342, 7.587 ], [ -81.8278, 7.5886 ], [ -81.8277, 7.5925 ], [ -81.8142, 7.5897 ], [ -81.8043, 7.5957 ], [ -81.7907, 7.6131 ], [ -81.7872, 7.6126 ], [ -81.7889, 7.6171 ], [ -81.7842, 7.6239 ], [ -81.774, 7.6216 ], [ -81.7753, 7.6269 ], [ -81.7583, 7.6192 ], [ -81.7621, 7.6325 ], [ -81.77, 7.6343 ], [ -81.7626, 7.6383 ], [ -81.7644, 7.6432 ], [ -81.7602, 7.6467 ], [ -81.7595, 7.6418 ], [ -81.753, 7.6397 ], [ -81.7516, 7.6498 ], [ -81.7458, 7.6386 ], [ -81.7361, 7.636 ], [ -81.7416, 7.6321 ], [ -81.7409, 7.6269 ], [ -81.7305, 7.6319 ], [ -81.7271, 7.6264 ], [ -81.7348, 7.6207 ], [ -81.7276, 7.614 ], [ -81.7235, 7.5982 ], [ -81.7206, 7.599 ], [ -81.7273, 7.5888 ], [ -81.7134, 7.5467 ], [ -81.7073, 7.5391 ], [ -81.6812, 7.5437 ], [ -81.6766, 7.5259 ], [ -81.6762, 7.5129 ], [ -81.6813, 7.5042 ], [ -81.7132, 7.4947 ], [ -81.7193, 7.4871 ], [ -81.7181, 7.4656 ], [ -81.7204, 7.4582 ], [ -81.7247, 7.4589 ], [ -81.7227, 7.4523 ], [ -81.7284, 7.4473 ], [ -81.728, 7.4402 ], [ -81.6991, 7.4244 ], [ -81.6976, 7.4211 ], [ -81.7025, 7.4188 ], [ -81.699, 7.4008 ], [ -81.6879, 7.3872 ], [ -81.6807, 7.392 ], [ -81.6592, 7.3865 ], [ -81.6515, 7.39 ], [ -81.6506, 7.395 ], [ -81.6462, 7.383 ], [ -81.6538, 7.3718 ], [ -81.6564, 7.3721 ], [ -81.665, 7.3729 ], [ -81.6644, 7.3749 ], [ -81.6648, 7.3769 ], [ -81.6651, 7.3771 ], [ -81.665, 7.3743 ], [ -81.6673, 7.3747 ], [ -81.6685, 7.3739 ], [ -81.6682, 7.3735 ], [ -81.6669, 7.3745 ], [ -81.6652, 7.3725 ], [ -81.6579, 7.3711 ], [ -81.6571, 7.3692 ], [ -81.6549, 7.3699 ], [ -81.6531, 7.3682 ], [ -81.6519, 7.3684 ], [ -81.6544, 7.3705 ], [ -81.6427, 7.3823 ], [ -81.6418, 7.3879 ], [ -81.632, 7.3869 ], [ -81.6406, 7.3913 ], [ -81.643, 7.3884 ], [ -81.6434, 7.3938 ], [ -81.6324, 7.3948 ], [ -81.6213, 7.3783 ], [ -81.6121, 7.3753 ], [ -81.6116, 7.3652 ], [ -81.6025, 7.3591 ], [ -81.6028, 7.3397 ], [ -81.5924, 7.334 ], [ -81.5908, 7.3283 ], [ -81.6178, 7.3275 ], [ -81.6443, 7.3171 ], [ -81.668, 7.326 ], [ -81.6887, 7.3419 ] ] ], [ [ [ -81.7166, 7.4891 ], [ -81.7162, 7.489 ], [ -81.7167, 7.4878 ], [ -81.7166, 7.4891 ] ] ], [ [ [ -81.8852, 7.5066 ], [ -81.8864, 7.5079 ], [ -81.8845, 7.5087 ], [ -81.8852, 7.5066 ] ] ], [ [ [ -81.8906, 7.5113 ], [ -81.8896, 7.5114 ], [ -81.8899, 7.5106 ], [ -81.8906, 7.5113 ] ] ], [ [ [ -81.8887, 7.512 ], [ -81.8893, 7.5125 ], [ -81.888, 7.5128 ], [ -81.8887, 7.512 ] ] ], [ [ [ -81.8897, 7.5142 ], [ -81.8891, 7.5142 ], [ -81.8896, 7.5133 ], [ -81.8897, 7.5142 ] ] ], [ [ [ -81.8938, 7.5181 ], [ -81.8935, 7.5186 ], [ -81.8927, 7.5184 ], [ -81.8938, 7.5181 ] ] ], [ [ [ -81.8863, 7.5236 ], [ -81.8861, 7.5235 ], [ -81.8865, 7.5231 ], [ -81.8863, 7.5236 ] ] ], [ [ [ -81.8329, 7.5899 ], [ -81.8324, 7.5898 ], [ -81.8325, 7.5889 ], [ -81.8329, 7.5899 ] ] ], [ [ [ -81.8302, 7.592 ], [ -81.8296, 7.5919 ], [ -81.8298, 7.5914 ], [ -81.8302, 7.592 ] ] ], [ [ [ -81.7105, 7.5929 ], [ -81.7126, 7.5922 ], [ -81.7121, 7.5944 ], [ -81.7105, 7.5929 ] ] ], [ [ [ -81.7108, 7.6132 ], [ -81.7126, 7.6137 ], [ -81.7121, 7.6151 ], [ -81.7108, 7.6132 ] ] ], [ [ [ -81.7135, 7.6152 ], [ -81.7138, 7.6155 ], [ -81.7129, 7.6157 ], [ -81.7135, 7.6152 ] ] ], [ [ [ -81.7281, 7.6171 ], [ -81.7277, 7.617 ], [ -81.7281, 7.6162 ], [ -81.7281, 7.6171 ] ] ], [ [ [ -81.7127, 7.616 ], [ -81.7155, 7.6167 ], [ -81.7131, 7.6187 ], [ -81.7127, 7.616 ] ] ], [ [ [ -81.7074, 7.6166 ], [ -81.7087, 7.6181 ], [ -81.7073, 7.6192 ], [ -81.7074, 7.6166 ] ] ], [ [ [ -81.7087, 7.6231 ], [ -81.7128, 7.622 ], [ -81.7129, 7.6246 ], [ -81.7087, 7.6231 ] ] ], [ [ [ -81.7271, 7.628 ], [ -81.7261, 7.6281 ], [ -81.7267, 7.627 ], [ -81.7271, 7.628 ] ] ], [ [ [ -81.7814, 7.6301 ], [ -81.7822, 7.6313 ], [ -81.7792, 7.6326 ], [ -81.7814, 7.6301 ] ] ], [ [ [ -81.7035, 7.6331 ], [ -81.7031, 7.633 ], [ -81.7036, 7.6317 ], [ -81.7035, 7.6331 ] ] ], [ [ [ -81.6963, 7.6322 ], [ -81.6972, 7.6323 ], [ -81.6968, 7.6343 ], [ -81.6963, 7.6322 ] ] ], [ [ [ -81.6998, 7.6347 ], [ -81.6991, 7.6342 ], [ -81.6995, 7.6338 ], [ -81.6998, 7.6347 ] ] ], [ [ [ -81.7417, 7.6405 ], [ -81.7412, 7.6404 ], [ -81.7417, 7.6394 ], [ -81.7417, 7.6405 ] ] ], [ [ [ -81.7415, 7.6406 ], [ -81.742, 7.6412 ], [ -81.741, 7.6414 ], [ -81.7415, 7.6406 ] ] ], [ [ [ -81.691, 7.6458 ], [ -81.7, 7.6412 ], [ -81.6979, 7.6343 ], [ -81.7105, 7.6387 ], [ -81.7172, 7.6464 ], [ -81.7062, 7.6458 ], [ -81.7023, 7.6514 ], [ -81.691, 7.6458 ] ] ], [ [ [ -81.7222, 7.644 ], [ -81.7218, 7.6439 ], [ -81.7223, 7.6434 ], [ -81.7222, 7.644 ] ] ], [ [ [ -81.7196, 7.6463 ], [ -81.7197, 7.6466 ], [ -81.7186, 7.6466 ], [ -81.7196, 7.6463 ] ] ], [ [ [ -81.7273, 7.6538 ], [ -81.7268, 7.6536 ], [ -81.7272, 7.6531 ], [ -81.7273, 7.6538 ] ] ], [ [ [ -81.726, 7.6542 ], [ -81.725, 7.6538 ], [ -81.7255, 7.6536 ], [ -81.726, 7.6542 ] ] ], [ [ [ -81.7303, 7.6557 ], [ -81.7285, 7.6559 ], [ -81.7286, 7.6556 ], [ -81.7303, 7.6557 ] ] ], [ [ [ -81.6747, 7.3178 ], [ -81.6746, 7.3187 ], [ -81.6726, 7.3168 ], [ -81.6747, 7.3178 ] ] ], [ [ [ -81.5906, 7.3466 ], [ -81.5905, 7.3461 ], [ -81.5913, 7.346 ], [ -81.5906, 7.3466 ] ] ], [ [ [ -81.6859, 7.3454 ], [ -81.6873, 7.3476 ], [ -81.6892, 7.347 ], [ -81.6858, 7.3494 ], [ -81.6859, 7.3454 ] ] ], [ [ [ -81.6544, 7.3698 ], [ -81.6574, 7.3719 ], [ -81.6564, 7.3721 ], [ -81.6544, 7.3698 ] ] ], [ [ [ -81.645, 7.3857 ], [ -81.6439, 7.3856 ], [ -81.6445, 7.3837 ], [ -81.645, 7.3857 ] ] ], [ [ [ -81.6407, 7.3902 ], [ -81.6401, 7.3901 ], [ -81.6412, 7.3894 ], [ -81.6407, 7.3902 ] ] ], [ [ [ -81.2735, 7.6194 ], [ -81.2789, 7.6256 ], [ -81.2733, 7.6227 ], [ -81.2735, 7.6194 ] ] ], [ [ [ -81.2758, 7.6318 ], [ -81.2767, 7.6318 ], [ -81.2762, 7.6321 ], [ -81.2758, 7.6318 ] ] ], [ [ [ -81.2937, 7.6418 ], [ -81.2938, 7.641 ], [ -81.2941, 7.6411 ], [ -81.2937, 7.6418 ] ] ], [ [ [ -81.3473, 7.6427 ], [ -81.348, 7.6424 ], [ -81.348, 7.6427 ], [ -81.3473, 7.6427 ] ] ], [ [ [ -81.295, 7.6442 ], [ -81.2954, 7.6433 ], [ -81.2958, 7.6436 ], [ -81.295, 7.6442 ] ] ], [ [ [ -81.2976, 7.6438 ], [ -81.298, 7.6452 ], [ -81.2964, 7.6435 ], [ -81.2976, 7.6438 ] ] ], [ [ [ -81.3022, 7.6443 ], [ -81.3011, 7.6459 ], [ -81.3005, 7.6454 ], [ -81.3022, 7.6443 ] ] ], [ [ [ -81.6904, 7.6458 ], [ -81.6899, 7.6455 ], [ -81.6905, 7.6453 ], [ -81.6904, 7.6458 ] ] ], [ [ [ -81.3517, 7.6467 ], [ -81.3555, 7.6483 ], [ -81.3493, 7.6507 ], [ -81.343, 7.6504 ], [ -81.3517, 7.6467 ] ] ], [ [ [ -81.3745, 7.6516 ], [ -81.3751, 7.652 ], [ -81.3736, 7.6532 ], [ -81.3745, 7.6516 ] ] ], [ [ [ -81.3267, 7.6535 ], [ -81.3253, 7.6518 ], [ -81.3256, 7.6518 ], [ -81.3267, 7.6535 ] ] ], [ [ [ -81.3717, 7.6564 ], [ -81.3742, 7.6573 ], [ -81.3729, 7.6585 ], [ -81.3717, 7.6564 ] ] ], [ [ [ -81.3068, 7.6592 ], [ -81.3075, 7.659 ], [ -81.3073, 7.6597 ], [ -81.3068, 7.6592 ] ] ], [ [ [ -81.3797, 7.6692 ], [ -81.3852, 7.6686 ], [ -81.3856, 7.6712 ], [ -81.3797, 7.6692 ] ] ], [ [ [ -81.3965, 7.677 ], [ -81.3964, 7.6766 ], [ -81.3972, 7.6765 ], [ -81.3965, 7.677 ] ] ], [ [ [ -81.4409, 7.6785 ], [ -81.4418, 7.6791 ], [ -81.4393, 7.6804 ], [ -81.4409, 7.6785 ] ] ], [ [ [ -81.4838, 7.6826 ], [ -81.4837, 7.6821 ], [ -81.4842, 7.6821 ], [ -81.4838, 7.6826 ] ] ], [ [ [ -81.4765, 7.6817 ], [ -81.4809, 7.6825 ], [ -81.4771, 7.6844 ], [ -81.4765, 7.6817 ] ] ], [ [ [ -81.4805, 7.6836 ], [ -81.4851, 7.6842 ], [ -81.4839, 7.6845 ], [ -81.4805, 7.6836 ] ] ], [ [ [ -81.4721, 7.6889 ], [ -81.4722, 7.6891 ], [ -81.4713, 7.6891 ], [ -81.4721, 7.6889 ] ] ], [ [ [ -81.4725, 7.6897 ], [ -81.4723, 7.6894 ], [ -81.4728, 7.6892 ], [ -81.4725, 7.6897 ] ] ], [ [ [ -81.6129, 7.6872 ], [ -81.6256, 7.6891 ], [ -81.6296, 7.6843 ], [ -81.6321, 7.6918 ], [ -81.6397, 7.6927 ], [ -81.616, 7.6994 ], [ -81.6129, 7.6872 ] ] ], [ [ [ -81.4479, 7.6933 ], [ -81.448, 7.6933 ], [ -81.4479, 7.6936 ], [ -81.4479, 7.6933 ] ] ], [ [ [ -81.4483, 7.6941 ], [ -81.4483, 7.694 ], [ -81.4485, 7.694 ], [ -81.4483, 7.6941 ] ] ], [ [ [ -81.4488, 7.6947 ], [ -81.4487, 7.6946 ], [ -81.4492, 7.6944 ], [ -81.4488, 7.6947 ] ] ], [ [ [ -81.4481, 7.6955 ], [ -81.4483, 7.6955 ], [ -81.4484, 7.6959 ], [ -81.4481, 7.6955 ] ] ], [ [ [ -81.6343, 7.6954 ], [ -81.6349, 7.6957 ], [ -81.6334, 7.6962 ], [ -81.6343, 7.6954 ] ] ], [ [ [ -81.4384, 7.6969 ], [ -81.4372, 7.6972 ], [ -81.4372, 7.6964 ], [ -81.4384, 7.6969 ] ] ], [ [ [ -81.6229, 7.6993 ], [ -81.6238, 7.6993 ], [ -81.6235, 7.6996 ], [ -81.6229, 7.6993 ] ] ], [ [ [ -81.6345, 7.6995 ], [ -81.6387, 7.6979 ], [ -81.6401, 7.7017 ], [ -81.6357, 7.703 ], [ -81.6345, 7.6995 ] ] ], [ [ [ -81.4771, 7.7031 ], [ -81.4772, 7.7028 ], [ -81.4781, 7.7028 ], [ -81.4771, 7.7031 ] ] ], [ [ [ -81.6334, 7.7065 ], [ -81.6326, 7.7064 ], [ -81.6335, 7.7059 ], [ -81.6334, 7.7065 ] ] ], [ [ [ -81.5409, 7.7192 ], [ -81.5418, 7.7203 ], [ -81.5409, 7.7203 ], [ -81.5409, 7.7192 ] ] ], [ [ [ -81.5429, 7.7224 ], [ -81.5436, 7.7229 ], [ -81.5414, 7.7247 ], [ -81.5429, 7.7224 ] ] ], [ [ [ -81.582, 7.7331 ], [ -81.585, 7.7336 ], [ -81.5797, 7.7345 ], [ -81.582, 7.7331 ] ] ], [ [ [ -81.5526, 7.7464 ], [ -81.5538, 7.7472 ], [ -81.5527, 7.7472 ], [ -81.5526, 7.7464 ] ] ], [ [ [ -81.5142, 7.7447 ], [ -81.5179, 7.7414 ], [ -81.5226, 7.7509 ], [ -81.5156, 7.7527 ], [ -81.5142, 7.7447 ] ] ], [ [ [ -81.5698, 7.7556 ], [ -81.5725, 7.7457 ], [ -81.5804, 7.7412 ], [ -81.5889, 7.7438 ], [ -81.5879, 7.7502 ], [ -81.576, 7.7517 ], [ -81.5826, 7.7565 ], [ -81.5698, 7.7556 ] ] ], [ [ [ -81.5242, 7.7494 ], [ -81.525, 7.7497 ], [ -81.525, 7.7506 ], [ -81.5242, 7.7494 ] ] ], [ [ [ -81.5893, 7.7513 ], [ -81.5886, 7.7506 ], [ -81.5895, 7.7504 ], [ -81.5893, 7.7513 ] ] ], [ [ [ -81.526, 7.7611 ], [ -81.5239, 7.7595 ], [ -81.5248, 7.7591 ], [ -81.526, 7.7611 ] ] ], [ [ [ -81.5861, 7.7836 ], [ -81.588, 7.7849 ], [ -81.5861, 7.7864 ], [ -81.5861, 7.7836 ] ] ], [ [ [ -81.3102, 8.1311 ], [ -81.2765, 8.1366 ], [ -81.267, 8.1308 ], [ -81.2027, 8.041 ], [ -81.1874, 8.048 ], [ -81.1723, 8.0476 ], [ -81.1636, 8.0675 ], [ -81.1383, 8.0685 ], [ -81.1208, 8.0773 ], [ -81.1132, 8.0736 ], [ -81.1094, 8.0546 ], [ -81.101, 8.0542 ], [ -81.0964, 8.0578 ], [ -81.0994, 8.0617 ], [ -81.0922, 8.0643 ], [ -81.0955, 8.0661 ], [ -81.0912, 8.0841 ], [ -81.0947, 8.0892 ], [ -81.0898, 8.0978 ], [ -81.096, 8.1001 ], [ -81.0997, 8.1101 ], [ -81.0963, 8.112 ], [ -81.0986, 8.1341 ], [ -81.0943, 8.138 ], [ -81.0995, 8.1471 ], [ -81.0843, 8.1676 ], [ -81.0882, 8.173 ], [ -81.0863, 8.1798 ], [ -81.1076, 8.1995 ], [ -81.1104, 8.1961 ], [ -81.1352, 8.2055 ], [ -81.1449, 8.2266 ], [ -81.1422, 8.2303 ], [ -81.1502, 8.2385 ], [ -81.1471, 8.2427 ], [ -81.1526, 8.2473 ], [ -81.1474, 8.2559 ], [ -81.1362, 8.243 ], [ -81.1313, 8.2474 ], [ -81.117, 8.248 ], [ -81.1073, 8.2565 ], [ -81.1009, 8.2529 ], [ -81.0938, 8.2565 ], [ -81.0809, 8.2265 ], [ -81.0019, 8.201 ], [ -80.9745, 8.2152 ], [ -80.9614, 8.2108 ], [ -80.951, 8.2173 ], [ -80.9444, 8.2067 ], [ -80.9337, 8.2179 ], [ -80.9122, 8.2095 ], [ -80.9075, 8.1984 ], [ -80.8936, 8.2077 ], [ -80.8893, 8.201 ], [ -80.8807, 8.198 ], [ -80.8701, 8.2049 ], [ -80.8631, 8.1959 ], [ -80.8636, 8.189 ], [ -80.85, 8.1855 ], [ -80.8475, 8.1773 ], [ -80.8397, 8.1798 ], [ -80.8343, 8.1889 ], [ -80.8298, 8.1781 ], [ -80.8233, 8.1966 ], [ -80.8073, 8.1806 ], [ -80.7855, 8.1763 ], [ -80.7753, 8.1836 ], [ -80.7686, 8.1773 ], [ -80.7462, 8.1861 ], [ -80.7342, 8.1746 ], [ -80.715, 8.165 ], [ -80.7196, 8.159 ], [ -80.7106, 8.1527 ], [ -80.7026, 8.1554 ], [ -80.702, 8.1469 ], [ -80.6939, 8.1394 ], [ -80.6849, 8.1378 ], [ -80.6941, 8.1334 ], [ -80.6999, 8.1352 ], [ -80.7038, 8.1307 ], [ -80.7226, 8.1407 ], [ -80.7305, 8.1381 ], [ -80.7325, 8.1464 ], [ -80.7343, 8.1424 ], [ -80.7429, 8.1442 ], [ -80.7438, 8.1401 ], [ -80.7516, 8.1428 ], [ -80.7551, 8.1406 ], [ -80.752, 8.1343 ], [ -80.7651, 8.1268 ], [ -80.7631, 8.1057 ], [ -80.7668, 8.1019 ], [ -80.7675, 8.1048 ], [ -80.781, 8.104 ], [ -80.7849, 8.0922 ], [ -80.7824, 8.0887 ], [ -80.7959, 8.0898 ], [ -80.8099, 8.0836 ], [ -80.8202, 8.0783 ], [ -80.8187, 8.0716 ], [ -80.8219, 8.0694 ], [ -80.8333, 8.0669 ], [ -80.838, 8.0721 ], [ -80.8458, 8.0642 ], [ -80.863, 8.0628 ], [ -80.8696, 8.0531 ], [ -80.8606, 8.0374 ], [ -80.8634, 8.0303 ], [ -80.8547, 8.0296 ], [ -80.851, 8.0227 ], [ -80.8457, 8.0221 ], [ -80.8399, 8.0047 ], [ -80.8535, 8.001 ], [ -80.8578, 7.9835 ], [ -80.8633, 7.9846 ], [ -80.8652, 7.9687 ], [ -80.8815, 7.9627 ], [ -80.8943, 7.9441 ], [ -80.8961, 7.9242 ], [ -80.9178, 7.9203 ], [ -80.9255, 7.9272 ], [ -80.9316, 7.9185 ], [ -80.9626, 7.9141 ], [ -80.9367, 7.9062 ], [ -80.9435, 7.8986 ], [ -80.9419, 7.8867 ], [ -80.9506, 7.879 ], [ -80.945, 7.8595 ], [ -80.95, 7.8301 ], [ -80.942, 7.8295 ], [ -80.955, 7.8009 ], [ -80.9462, 7.7924 ], [ -80.9496, 7.7896 ], [ -80.9462, 7.7856 ], [ -80.9635, 7.7746 ], [ -80.9532, 7.7618 ], [ -80.9607, 7.7518 ], [ -80.9512, 7.7547 ], [ -80.9513, 7.7502 ], [ -80.9349, 7.7439 ], [ -80.9334, 7.7396 ], [ -80.9164, 7.7341 ], [ -80.9129, 7.7377 ], [ -80.8913, 7.7006 ], [ -80.8007, 7.5725 ], [ -80.7933, 7.5744 ], [ -80.7872, 7.5707 ], [ -80.78, 7.574 ], [ -80.7689, 7.5686 ], [ -80.7561, 7.5713 ], [ -80.7421, 7.5573 ], [ -80.7412, 7.5458 ], [ -80.7325, 7.5404 ], [ -80.7192, 7.5402 ], [ -80.7359, 7.5246 ], [ -80.7291, 7.5202 ], [ -80.7301, 7.5113 ], [ -80.7227, 7.5069 ], [ -80.7156, 7.493 ], [ -80.7314, 7.469 ], [ -80.7208, 7.4572 ], [ -80.7148, 7.4564 ], [ -80.7091, 7.4368 ], [ -80.7015, 7.4287 ], [ -80.7194, 7.4138 ], [ -80.7152, 7.4075 ], [ -80.684, 7.3933 ], [ -80.6693, 7.3732 ], [ -80.6692, 7.3584 ], [ -80.6641, 7.3541 ], [ -80.6696, 7.3518 ], [ -80.6673, 7.337 ], [ -80.6801, 7.3268 ], [ -80.6818, 7.3186 ], [ -80.678, 7.327 ], [ -80.6704, 7.3301 ], [ -80.6597, 7.3245 ], [ -80.6598, 7.317 ], [ -80.6503, 7.3049 ], [ -80.6352, 7.2978 ], [ -80.6174, 7.2971 ], [ -80.6119, 7.2611 ], [ -80.6141, 7.2307 ], [ -80.638, 7.2322 ], [ -80.6572, 7.2233 ], [ -80.6671, 7.2233 ], [ -80.6843, 7.2124 ], [ -80.6952, 7.2153 ], [ -80.7132, 7.2072 ], [ -80.7484, 7.2155 ], [ -80.7519, 7.21 ], [ -80.7534, 7.2135 ], [ -80.7738, 7.2175 ], [ -80.8006, 7.2035 ], [ -80.8017, 7.2082 ], [ -80.8294, 7.2154 ], [ -80.8368, 7.2091 ], [ -80.8469, 7.2096 ], [ -80.849, 7.2169 ], [ -80.8562, 7.2147 ], [ -80.8588, 7.2074 ], [ -80.8679, 7.2121 ], [ -80.8705, 7.2047 ], [ -80.8788, 7.2041 ], [ -80.8815, 7.2087 ], [ -80.8881, 7.2039 ], [ -80.8921, 7.2117 ], [ -80.8864, 7.2216 ], [ -80.8991, 7.2325 ], [ -80.898, 7.2391 ], [ -80.907, 7.2406 ], [ -80.9149, 7.2496 ], [ -80.9241, 7.246 ], [ -80.93, 7.2506 ], [ -80.9344, 7.2487 ], [ -80.9337, 7.2553 ], [ -80.9409, 7.2572 ], [ -80.932, 7.2709 ], [ -80.9237, 7.2711 ], [ -80.9204, 7.2782 ], [ -80.9256, 7.2803 ], [ -80.9223, 7.2872 ], [ -80.9267, 7.2948 ], [ -80.918, 7.3208 ], [ -80.9095, 7.3186 ], [ -80.9015, 7.3278 ], [ -80.891, 7.331 ], [ -80.899, 7.3661 ], [ -80.9173, 7.3911 ], [ -80.9298, 7.3996 ], [ -80.9268, 7.4062 ], [ -80.9334, 7.415 ], [ -80.9319, 7.423 ], [ -80.9248, 7.4274 ], [ -80.9228, 7.4353 ], [ -80.9169, 7.4343 ], [ -80.9175, 7.4426 ], [ -80.9266, 7.4587 ], [ -80.9412, 7.4712 ], [ -80.9399, 7.4771 ], [ -80.9472, 7.4868 ], [ -80.9762, 7.5006 ], [ -80.9726, 7.5009 ], [ -80.9678, 7.515 ], [ -80.9602, 7.5142 ], [ -80.9568, 7.5187 ], [ -80.9591, 7.5345 ], [ -80.9491, 7.5472 ], [ -80.9556, 7.5633 ], [ -80.979, 7.5862 ], [ -80.9739, 7.6007 ], [ -80.9762, 7.6082 ], [ -80.9844, 7.618 ], [ -81.0045, 7.6247 ], [ -81.006, 7.6371 ], [ -81.0367, 7.6508 ], [ -81.0496, 7.6631 ], [ -81.0519, 7.6726 ], [ -81.0504, 7.6814 ], [ -81.0418, 7.6777 ], [ -81.0397, 7.6781 ], [ -81.042, 7.682 ], [ -81.0378, 7.6911 ], [ -81.0333, 7.6915 ], [ -81.0339, 7.6849 ], [ -81.0337, 7.6844 ], [ -81.0324, 7.6832 ], [ -81.0328, 7.6817 ], [ -81.0323, 7.681 ], [ -81.0323, 7.6834 ], [ -81.0337, 7.6848 ], [ -81.0328, 7.6916 ], [ -81.0203, 7.6959 ], [ -81.0152, 7.6793 ], [ -81.0096, 7.6751 ], [ -81.0042, 7.6781 ], [ -80.9979, 7.6757 ], [ -80.9937, 7.6651 ], [ -80.9929, 7.6686 ], [ -80.9983, 7.6766 ], [ -81.0044, 7.679 ], [ -81.0096, 7.6761 ], [ -81.0142, 7.6808 ], [ -81.0153, 7.6953 ], [ -81.0093, 7.6958 ], [ -81.0072, 7.6882 ], [ -80.9923, 7.6855 ], [ -80.9901, 7.6836 ], [ -80.9874, 7.6835 ], [ -80.9859, 7.6796 ], [ -80.9823, 7.6771 ], [ -80.987, 7.6837 ], [ -80.9957, 7.687 ], [ -80.9876, 7.6918 ], [ -80.9942, 7.6913 ], [ -80.9967, 7.6867 ], [ -81.0063, 7.6892 ], [ -81.0028, 7.6961 ], [ -81.0023, 7.6933 ], [ -80.9999, 7.6906 ], [ -80.9989, 7.6906 ], [ -81.0023, 7.6943 ], [ -81.0016, 7.696 ], [ -80.999, 7.696 ], [ -80.9978, 7.6971 ], [ -81.0042, 7.6962 ], [ -81.0047, 7.7011 ], [ -81.006, 7.6949 ], [ -81.0123, 7.6991 ], [ -81.03, 7.6956 ], [ -81.0416, 7.7031 ], [ -81.0506, 7.7208 ], [ -81.048, 7.7305 ], [ -81.0396, 7.7283 ], [ -81.032, 7.7306 ], [ -81.0267, 7.7268 ], [ -81.0203, 7.7259 ], [ -81.0162, 7.7202 ], [ -81.0134, 7.7191 ], [ -81.0177, 7.7234 ], [ -81.013, 7.7242 ], [ -81.0104, 7.7268 ], [ -81.0097, 7.726 ], [ -81.0086, 7.7259 ], [ -81.0101, 7.727 ], [ -81.0122, 7.7266 ], [ -81.0131, 7.7245 ], [ -81.0161, 7.7256 ], [ -81.017, 7.7297 ], [ -81.0178, 7.7244 ], [ -81.0211, 7.7272 ], [ -81.028, 7.7288 ], [ -81.0242, 7.7318 ], [ -81.0313, 7.7351 ], [ -81.0417, 7.7348 ], [ -81.0438, 7.7378 ], [ -81.0364, 7.7462 ], [ -81.0364, 7.7524 ], [ -81.0638, 7.7474 ], [ -81.0651, 7.7573 ], [ -81.0749, 7.757 ], [ -81.0765, 7.763 ], [ -81.09, 7.774 ], [ -81.0834, 7.8005 ], [ -81.0687, 7.817 ], [ -81.0394, 7.8191 ], [ -81.04, 7.8173 ], [ -81.0394, 7.8157 ], [ -81.0403, 7.8148 ], [ -81.0405, 7.8144 ], [ -81.0399, 7.8125 ], [ -81.0411, 7.8119 ], [ -81.0413, 7.8116 ], [ -81.0398, 7.8124 ], [ -81.0387, 7.8191 ], [ -81.0301, 7.8199 ], [ -81.0218, 7.8274 ], [ -81.0142, 7.8218 ], [ -81.0141, 7.8235 ], [ -81.0114, 7.8225 ], [ -81.0086, 7.824 ], [ -81.0074, 7.8222 ], [ -81.0064, 7.8222 ], [ -81.0055, 7.823 ], [ -81.0083, 7.8243 ], [ -81.0054, 7.8238 ], [ -81.0041, 7.8218 ], [ -81.0036, 7.8215 ], [ -81.0024, 7.8227 ], [ -81.0085, 7.8257 ], [ -81.004, 7.8315 ], [ -81.005, 7.8311 ], [ -81.0072, 7.8277 ], [ -81.01, 7.8278 ], [ -81.0109, 7.8232 ], [ -81.0205, 7.8286 ], [ -81.0194, 7.8339 ], [ -81.0154, 7.8344 ], [ -81.0193, 7.8344 ], [ -81.0203, 7.8431 ], [ -81.0091, 7.8474 ], [ -81.017, 7.8475 ], [ -81.0166, 7.8497 ], [ -81.0167, 7.8514 ], [ -81.0174, 7.8517 ], [ -81.0191, 7.8454 ], [ -81.0218, 7.8476 ], [ -81.026, 7.8444 ], [ -81.0263, 7.8486 ], [ -81.0228, 7.849 ], [ -81.0215, 7.8499 ], [ -81.021, 7.8509 ], [ -81.0259, 7.8564 ], [ -81.0245, 7.8559 ], [ -81.0232, 7.8573 ], [ -81.0234, 7.8589 ], [ -81.0243, 7.8596 ], [ -81.0246, 7.8562 ], [ -81.0257, 7.8576 ], [ -81.0254, 7.8584 ], [ -81.0268, 7.8612 ], [ -81.0261, 7.8559 ], [ -81.0215, 7.8504 ], [ -81.0263, 7.8492 ], [ -81.026, 7.8508 ], [ -81.0276, 7.8555 ], [ -81.0275, 7.8469 ], [ -81.0315, 7.8488 ], [ -81.033, 7.8464 ], [ -81.0218, 7.8408 ], [ -81.0277, 7.8396 ], [ -81.0219, 7.8383 ], [ -81.0215, 7.8299 ], [ -81.0293, 7.8261 ], [ -81.0295, 7.8266 ], [ -81.0279, 7.8283 ], [ -81.0273, 7.8295 ], [ -81.0273, 7.8302 ], [ -81.0302, 7.8336 ], [ -81.0312, 7.8338 ], [ -81.0274, 7.8297 ], [ -81.0298, 7.8266 ], [ -81.0293, 7.824 ], [ -81.0326, 7.8219 ], [ -81.0356, 7.8256 ], [ -81.0357, 7.822 ], [ -81.0529, 7.8217 ], [ -81.0619, 7.8255 ], [ -81.0644, 7.8816 ], [ -81.057, 7.8793 ], [ -81.056, 7.8832 ], [ -81.0509, 7.8777 ], [ -81.0451, 7.8762 ], [ -81.0395, 7.8805 ], [ -81.0353, 7.8726 ], [ -81.0299, 7.8737 ], [ -81.0275, 7.8777 ], [ -81.0218, 7.8723 ], [ -81.0179, 7.8724 ], [ -81.0188, 7.8733 ], [ -81.0202, 7.8735 ], [ -81.0196, 7.8755 ], [ -81.0216, 7.8748 ], [ -81.0218, 7.8745 ], [ -81.0216, 7.8741 ], [ -81.0208, 7.8735 ], [ -81.0212, 7.8729 ], [ -81.0268, 7.8787 ], [ -81.0351, 7.8736 ], [ -81.0375, 7.8811 ], [ -81.0343, 7.8818 ], [ -81.0367, 7.8824 ], [ -81.0367, 7.8828 ], [ -81.0357, 7.8837 ], [ -81.0353, 7.8846 ], [ -81.0353, 7.8851 ], [ -81.0362, 7.8861 ], [ -81.045, 7.8778 ], [ -81.0554, 7.8852 ], [ -81.0655, 7.8841 ], [ -81.054, 7.9051 ], [ -81.054, 7.9251 ], [ -81.0444, 7.9299 ], [ -81.0486, 7.9311 ], [ -81.0431, 7.9349 ], [ -81.038, 7.9402 ], [ -81.0372, 7.9429 ], [ -81.04, 7.9487 ], [ -81.0406, 7.9444 ], [ -81.0389, 7.9404 ], [ -81.0485, 7.9371 ], [ -81.056, 7.9263 ], [ -81.0564, 7.9183 ], [ -81.0669, 7.924 ], [ -81.078, 7.9198 ], [ -81.0814, 7.9223 ], [ -81.0781, 7.9184 ], [ -81.0673, 7.9226 ], [ -81.061, 7.9194 ], [ -81.0575, 7.9079 ], [ -81.0683, 7.9 ], [ -81.0718, 7.9034 ], [ -81.0735, 7.9036 ], [ -81.0688, 7.8992 ], [ -81.0736, 7.8943 ], [ -81.078, 7.899 ], [ -81.0796, 7.8949 ], [ -81.0807, 7.8963 ], [ -81.0837, 7.8977 ], [ -81.0805, 7.895 ], [ -81.078, 7.8941 ], [ -81.0789, 7.8923 ], [ -81.0819, 7.8921 ], [ -81.0821, 7.8913 ], [ -81.0795, 7.8915 ], [ -81.0772, 7.8941 ], [ -81.076, 7.8943 ], [ -81.0765, 7.8909 ], [ -81.0743, 7.8882 ], [ -81.0767, 7.8742 ], [ -81.0886, 7.8583 ], [ -81.1039, 7.863 ], [ -81.1022, 7.8655 ], [ -81.1054, 7.8638 ], [ -81.1108, 7.8696 ], [ -81.1096, 7.8889 ], [ -81.1005, 7.8887 ], [ -81.0992, 7.8818 ], [ -81.1029, 7.8819 ], [ -81.1062, 7.8778 ], [ -81.1065, 7.8758 ], [ -81.0982, 7.8794 ], [ -81.102, 7.8715 ], [ -81.0981, 7.8692 ], [ -81.0983, 7.8744 ], [ -81.0977, 7.8723 ], [ -81.0948, 7.8709 ], [ -81.0976, 7.8738 ], [ -81.0969, 7.8758 ], [ -81.0918, 7.87 ], [ -81.0961, 7.8789 ], [ -81.0885, 7.8787 ], [ -81.0888, 7.881 ], [ -81.0937, 7.8814 ], [ -81.0939, 7.8875 ], [ -81.0892, 7.8861 ], [ -81.0893, 7.8901 ], [ -81.0971, 7.894 ], [ -81.0949, 7.9002 ], [ -81.0968, 7.9034 ], [ -81.0999, 7.8981 ], [ -81.1008, 7.9051 ], [ -81.113, 7.904 ], [ -81.1117, 7.9099 ], [ -81.1058, 7.9104 ], [ -81.1089, 7.9119 ], [ -81.1046, 7.9136 ], [ -81.1055, 7.9229 ], [ -81.1139, 7.9149 ], [ -81.1164, 7.9217 ], [ -81.1229, 7.916 ], [ -81.1286, 7.9178 ], [ -81.1201, 7.9116 ], [ -81.1261, 7.8864 ], [ -81.1225, 7.8794 ], [ -81.1275, 7.8831 ], [ -81.1235, 7.8775 ], [ -81.1299, 7.8813 ], [ -81.1291, 7.8766 ], [ -81.1248, 7.8758 ], [ -81.1189, 7.8774 ], [ -81.1218, 7.8752 ], [ -81.1172, 7.8709 ], [ -81.1226, 7.873 ], [ -81.1221, 7.8705 ], [ -81.0927, 7.8517 ], [ -81.0907, 7.8479 ], [ -81.0947, 7.8449 ], [ -81.1173, 7.8452 ], [ -81.118, 7.8511 ], [ -81.1402, 7.8452 ], [ -81.1496, 7.8535 ], [ -81.1762, 7.8613 ], [ -81.1809, 7.8702 ], [ -81.1898, 7.878 ], [ -81.1948, 7.879 ], [ -81.1929, 7.8819 ], [ -81.1926, 7.8831 ], [ -81.1929, 7.8837 ], [ -81.1939, 7.8841 ], [ -81.1945, 7.8852 ], [ -81.195, 7.8788 ], [ -81.2054, 7.8741 ], [ -81.2051, 7.8758 ], [ -81.2064, 7.8798 ], [ -81.1978, 7.8849 ], [ -81.1949, 7.8945 ], [ -81.2024, 7.9029 ], [ -81.2133, 7.9034 ], [ -81.2159, 7.9088 ], [ -81.2128, 7.9134 ], [ -81.2062, 7.9104 ], [ -81.2015, 7.9146 ], [ -81.2084, 7.9185 ], [ -81.2031, 7.9265 ], [ -81.2051, 7.9298 ], [ -81.2016, 7.9303 ], [ -81.1994, 7.9316 ], [ -81.1988, 7.9328 ], [ -81.1986, 7.9362 ], [ -81.2004, 7.9382 ], [ -81.1997, 7.9389 ], [ -81.1996, 7.9392 ], [ -81.2007, 7.9383 ], [ -81.1993, 7.9324 ], [ -81.2055, 7.9299 ], [ -81.204, 7.9264 ], [ -81.2081, 7.9254 ], [ -81.2071, 7.9277 ], [ -81.2081, 7.9309 ], [ -81.212, 7.9366 ], [ -81.2133, 7.9363 ], [ -81.2093, 7.9326 ], [ -81.2085, 7.9251 ], [ -81.2064, 7.9245 ], [ -81.2096, 7.9184 ], [ -81.206, 7.9119 ], [ -81.212, 7.9147 ], [ -81.2172, 7.9134 ], [ -81.2178, 7.9149 ], [ -81.2188, 7.9152 ], [ -81.2188, 7.916 ], [ -81.2204, 7.9163 ], [ -81.2178, 7.9186 ], [ -81.218, 7.919 ], [ -81.2196, 7.9197 ], [ -81.2206, 7.9163 ], [ -81.2175, 7.9131 ], [ -81.2152, 7.9124 ], [ -81.217, 7.9082 ], [ -81.2158, 7.9039 ], [ -81.2238, 7.9084 ], [ -81.2337, 7.9259 ], [ -81.233, 7.9181 ], [ -81.2361, 7.9175 ], [ -81.2345, 7.9151 ], [ -81.2404, 7.9137 ], [ -81.2412, 7.9121 ], [ -81.2437, 7.9143 ], [ -81.2458, 7.9148 ], [ -81.2466, 7.9143 ], [ -81.2426, 7.912 ], [ -81.2383, 7.9119 ], [ -81.2339, 7.9153 ], [ -81.2354, 7.9176 ], [ -81.2328, 7.917 ], [ -81.2253, 7.9061 ], [ -81.2257, 7.9055 ], [ -81.2262, 7.906 ], [ -81.2267, 7.9061 ], [ -81.2282, 7.9056 ], [ -81.2261, 7.9056 ], [ -81.2275, 7.9051 ], [ -81.2279, 7.9038 ], [ -81.2276, 7.9034 ], [ -81.2262, 7.9038 ], [ -81.227, 7.903 ], [ -81.2267, 7.9014 ], [ -81.2277, 7.8995 ], [ -81.2275, 7.8981 ], [ -81.222, 7.8951 ], [ -81.2195, 7.8953 ], [ -81.2227, 7.8933 ], [ -81.2227, 7.8925 ], [ -81.2224, 7.8921 ], [ -81.221, 7.8905 ], [ -81.2236, 7.8912 ], [ -81.224, 7.8905 ], [ -81.2238, 7.8894 ], [ -81.2229, 7.8887 ], [ -81.221, 7.8889 ], [ -81.2238, 7.8905 ], [ -81.2209, 7.89 ], [ -81.2208, 7.8911 ], [ -81.2225, 7.8931 ], [ -81.2187, 7.8947 ], [ -81.2178, 7.8929 ], [ -81.2142, 7.8904 ], [ -81.2201, 7.8886 ], [ -81.2199, 7.8873 ], [ -81.2153, 7.8872 ], [ -81.2257, 7.8845 ], [ -81.2283, 7.8887 ], [ -81.2329, 7.8886 ], [ -81.2337, 7.8915 ], [ -81.2364, 7.8942 ], [ -81.239, 7.8946 ], [ -81.2419, 7.8935 ], [ -81.2394, 7.8965 ], [ -81.24, 7.8977 ], [ -81.2434, 7.899 ], [ -81.2419, 7.9006 ], [ -81.2421, 7.9037 ], [ -81.2437, 7.8991 ], [ -81.2403, 7.8956 ], [ -81.2425, 7.8966 ], [ -81.2477, 7.8965 ], [ -81.247, 7.8989 ], [ -81.2474, 7.8996 ], [ -81.2484, 7.9001 ], [ -81.261, 7.896 ], [ -81.2482, 7.8999 ], [ -81.2478, 7.8964 ], [ -81.2442, 7.8945 ], [ -81.2421, 7.8957 ], [ -81.2449, 7.8926 ], [ -81.2366, 7.8936 ], [ -81.2338, 7.8883 ], [ -81.2283, 7.8861 ], [ -81.2303, 7.884 ], [ -81.2294, 7.8811 ], [ -81.2313, 7.8805 ], [ -81.2344, 7.8841 ], [ -81.2375, 7.8855 ], [ -81.2324, 7.8784 ], [ -81.2364, 7.8797 ], [ -81.2367, 7.8796 ], [ -81.2367, 7.8792 ], [ -81.2365, 7.878 ], [ -81.2374, 7.8788 ], [ -81.2379, 7.8788 ], [ -81.2384, 7.8784 ], [ -81.2382, 7.877 ], [ -81.238, 7.8786 ], [ -81.2365, 7.8778 ], [ -81.2362, 7.8784 ], [ -81.2365, 7.8795 ], [ -81.2339, 7.8783 ], [ -81.2355, 7.876 ], [ -81.2351, 7.8754 ], [ -81.2335, 7.8756 ], [ -81.2334, 7.8757 ], [ -81.2352, 7.8763 ], [ -81.2293, 7.8805 ], [ -81.2281, 7.8851 ], [ -81.2228, 7.8815 ], [ -81.2233, 7.8739 ], [ -81.2242, 7.8757 ], [ -81.2257, 7.8756 ], [ -81.2263, 7.8751 ], [ -81.2198, 7.8689 ], [ -81.2211, 7.8656 ], [ -81.2207, 7.8648 ], [ -81.2195, 7.8639 ], [ -81.2226, 7.8645 ], [ -81.2193, 7.8638 ], [ -81.2195, 7.8687 ], [ -81.2097, 7.8652 ], [ -81.2124, 7.8645 ], [ -81.2122, 7.8623 ], [ -81.2167, 7.862 ], [ -81.2178, 7.8605 ], [ -81.2163, 7.8598 ], [ -81.2166, 7.8619 ], [ -81.2122, 7.862 ], [ -81.2093, 7.8653 ], [ -81.2034, 7.8633 ], [ -81.2005, 7.8488 ], [ -81.2094, 7.8482 ], [ -81.209, 7.8518 ], [ -81.217, 7.8534 ], [ -81.2205, 7.8514 ], [ -81.2136, 7.8514 ], [ -81.2163, 7.8496 ], [ -81.2164, 7.8488 ], [ -81.2154, 7.8476 ], [ -81.2157, 7.847 ], [ -81.217, 7.8477 ], [ -81.2197, 7.8465 ], [ -81.2193, 7.8472 ], [ -81.2197, 7.8475 ], [ -81.2206, 7.8473 ], [ -81.22, 7.8482 ], [ -81.2203, 7.8487 ], [ -81.2207, 7.8488 ], [ -81.2207, 7.8472 ], [ -81.2195, 7.8472 ], [ -81.2199, 7.8464 ], [ -81.2178, 7.8463 ], [ -81.2154, 7.8469 ], [ -81.2153, 7.8478 ], [ -81.2163, 7.8489 ], [ -81.2161, 7.8495 ], [ -81.2097, 7.8512 ], [ -81.2099, 7.8478 ], [ -81.2063, 7.8472 ], [ -81.2073, 7.8398 ], [ -81.2069, 7.8387 ], [ -81.2053, 7.8467 ], [ -81.191, 7.8481 ], [ -81.197, 7.8377 ], [ -81.1901, 7.8482 ], [ -81.1784, 7.8488 ], [ -81.1786, 7.8406 ], [ -81.1848, 7.8439 ], [ -81.1813, 7.8373 ], [ -81.1875, 7.8392 ], [ -81.182, 7.8337 ], [ -81.1885, 7.8354 ], [ -81.19, 7.8329 ], [ -81.1899, 7.8289 ], [ -81.1909, 7.8286 ], [ -81.1912, 7.8298 ], [ -81.1919, 7.8294 ], [ -81.1921, 7.83 ], [ -81.1931, 7.8297 ], [ -81.194, 7.8306 ], [ -81.195, 7.8306 ], [ -81.1864, 7.8209 ], [ -81.1699, 7.8087 ], [ -81.1736, 7.7866 ], [ -81.1684, 7.7755 ], [ -81.1792, 7.7556 ], [ -81.1767, 7.7496 ], [ -81.1848, 7.7501 ], [ -81.1957, 7.7409 ], [ -81.2061, 7.7383 ], [ -81.1924, 7.7584 ], [ -81.1906, 7.7563 ], [ -81.1852, 7.7563 ], [ -81.1846, 7.7568 ], [ -81.1859, 7.7576 ], [ -81.1879, 7.7564 ], [ -81.1895, 7.7569 ], [ -81.1904, 7.7629 ], [ -81.1977, 7.7617 ], [ -81.2016, 7.7681 ], [ -81.2008, 7.7631 ], [ -81.2097, 7.7688 ], [ -81.2077, 7.765 ], [ -81.2119, 7.7681 ], [ -81.2125, 7.7645 ], [ -81.2121, 7.7685 ], [ -81.2142, 7.7707 ], [ -81.2151, 7.7702 ], [ -81.2127, 7.7687 ], [ -81.2131, 7.7642 ], [ -81.2157, 7.7629 ], [ -81.2177, 7.7661 ], [ -81.2213, 7.7659 ], [ -81.2158, 7.7627 ], [ -81.2054, 7.7635 ], [ -81.1939, 7.7573 ], [ -81.2038, 7.7484 ], [ -81.2058, 7.754 ], [ -81.2066, 7.7498 ], [ -81.2078, 7.7519 ], [ -81.2106, 7.7545 ], [ -81.207, 7.7492 ], [ -81.205, 7.7479 ], [ -81.2094, 7.7483 ], [ -81.2054, 7.7471 ], [ -81.2087, 7.7405 ], [ -81.2141, 7.7406 ], [ -81.2093, 7.7394 ], [ -81.2088, 7.7345 ], [ -81.2174, 7.7316 ], [ -81.2187, 7.7259 ], [ -81.2236, 7.731 ], [ -81.2234, 7.7413 ], [ -81.2175, 7.743 ], [ -81.218, 7.7484 ], [ -81.2143, 7.7485 ], [ -81.2213, 7.7579 ], [ -81.237, 7.7631 ], [ -81.2359, 7.7537 ], [ -81.2464, 7.7626 ], [ -81.2448, 7.7564 ], [ -81.254, 7.7557 ], [ -81.2536, 7.757 ], [ -81.2548, 7.757 ], [ -81.2556, 7.758 ], [ -81.256, 7.7578 ], [ -81.2544, 7.7556 ], [ -81.2493, 7.7555 ], [ -81.2536, 7.7535 ], [ -81.2499, 7.7494 ], [ -81.2453, 7.7518 ], [ -81.2423, 7.7484 ], [ -81.2384, 7.7486 ], [ -81.2389, 7.7424 ], [ -81.235, 7.7434 ], [ -81.236, 7.7476 ], [ -81.2363, 7.7492 ], [ -81.2269, 7.7494 ], [ -81.2336, 7.7443 ], [ -81.2296, 7.7407 ], [ -81.2262, 7.7407 ], [ -81.2263, 7.732 ], [ -81.2324, 7.7364 ], [ -81.2289, 7.7314 ], [ -81.2343, 7.7305 ], [ -81.2344, 7.734 ], [ -81.2372, 7.7322 ], [ -81.2336, 7.7299 ], [ -81.2264, 7.7308 ], [ -81.2288, 7.7282 ], [ -81.2256, 7.7288 ], [ -81.2249, 7.7232 ], [ -81.216, 7.7216 ], [ -81.2176, 7.7161 ], [ -81.2268, 7.7112 ], [ -81.2298, 7.7135 ], [ -81.2278, 7.7104 ], [ -81.2333, 7.7125 ], [ -81.2289, 7.7094 ], [ -81.2323, 7.7083 ], [ -81.2367, 7.7108 ], [ -81.2377, 7.7178 ], [ -81.2388, 7.7197 ], [ -81.2434, 7.7189 ], [ -81.2436, 7.7203 ], [ -81.2406, 7.7222 ], [ -81.2404, 7.7225 ], [ -81.2406, 7.7227 ], [ -81.2492, 7.7243 ], [ -81.2482, 7.7276 ], [ -81.2502, 7.7289 ], [ -81.2495, 7.7241 ], [ -81.2447, 7.7231 ], [ -81.2436, 7.7178 ], [ -81.2479, 7.7217 ], [ -81.2527, 7.7223 ], [ -81.2475, 7.7177 ], [ -81.2507, 7.7176 ], [ -81.2516, 7.7154 ], [ -81.2405, 7.7145 ], [ -81.2403, 7.7096 ], [ -81.2385, 7.7067 ], [ -81.2391, 7.7061 ], [ -81.2334, 7.703 ], [ -81.2348, 7.7004 ], [ -81.231, 7.7028 ], [ -81.2286, 7.6994 ], [ -81.2202, 7.7118 ], [ -81.2097, 7.7092 ], [ -81.2025, 7.7148 ], [ -81.1954, 7.712 ], [ -81.1941, 7.6988 ], [ -81.2096, 7.6682 ], [ -81.1975, 7.6524 ], [ -81.2035, 7.631 ], [ -81.227, 7.6081 ], [ -81.2384, 7.6159 ], [ -81.2459, 7.6284 ], [ -81.2514, 7.6253 ], [ -81.2574, 7.6267 ], [ -81.2609, 7.6347 ], [ -81.2784, 7.6337 ], [ -81.2829, 7.6377 ], [ -81.2813, 7.643 ], [ -81.287, 7.6442 ], [ -81.289, 7.6522 ], [ -81.2952, 7.6525 ], [ -81.2942, 7.657 ], [ -81.2988, 7.6603 ], [ -81.3075, 7.6616 ], [ -81.3129, 7.6561 ], [ -81.309, 7.6524 ], [ -81.3138, 7.6506 ], [ -81.3203, 7.6566 ], [ -81.3373, 7.6581 ], [ -81.36, 7.6697 ], [ -81.3642, 7.6672 ], [ -81.3733, 7.6708 ], [ -81.3754, 7.67 ], [ -81.3756, 7.6679 ], [ -81.3765, 7.6668 ], [ -81.3773, 7.6667 ], [ -81.3777, 7.6721 ], [ -81.3961, 7.6845 ], [ -81.3974, 7.6758 ], [ -81.4033, 7.6729 ], [ -81.4101, 7.6791 ], [ -81.4153, 7.6768 ], [ -81.4162, 7.6834 ], [ -81.4244, 7.6785 ], [ -81.4371, 7.6795 ], [ -81.4381, 7.6898 ], [ -81.433, 7.6898 ], [ -81.4326, 7.694 ], [ -81.4362, 7.6984 ], [ -81.4404, 7.6982 ], [ -81.4408, 7.7032 ], [ -81.4468, 7.6998 ], [ -81.4513, 7.7088 ], [ -81.4554, 7.7051 ], [ -81.4645, 7.7093 ], [ -81.468, 7.7027 ], [ -81.4779, 7.7085 ], [ -81.4802, 7.7013 ], [ -81.487, 7.7042 ], [ -81.4845, 7.7104 ], [ -81.4912, 7.7121 ], [ -81.4933, 7.7061 ], [ -81.4976, 7.7088 ], [ -81.5051, 7.7047 ], [ -81.5073, 7.7107 ], [ -81.5155, 7.7079 ], [ -81.5186, 7.7127 ], [ -81.5323, 7.7153 ], [ -81.5392, 7.7198 ], [ -81.5302, 7.7253 ], [ -81.5307, 7.7288 ], [ -81.4959, 7.7356 ], [ -81.497, 7.7418 ], [ -81.5035, 7.7454 ], [ -81.4964, 7.7461 ], [ -81.5006, 7.7496 ], [ -81.4966, 7.749 ], [ -81.4908, 7.7587 ], [ -81.4998, 7.7585 ], [ -81.5079, 7.7682 ], [ -81.515, 7.764 ], [ -81.5192, 7.7675 ], [ -81.5212, 7.7609 ], [ -81.5303, 7.7665 ], [ -81.5495, 7.7643 ], [ -81.5456, 7.7602 ], [ -81.5504, 7.7548 ], [ -81.5419, 7.7507 ], [ -81.5449, 7.7442 ], [ -81.5414, 7.7396 ], [ -81.5467, 7.7406 ], [ -81.5531, 7.7481 ], [ -81.5504, 7.7507 ], [ -81.5566, 7.7544 ], [ -81.5597, 7.7504 ], [ -81.5628, 7.7522 ], [ -81.574, 7.7663 ], [ -81.5814, 7.7642 ], [ -81.5844, 7.7695 ], [ -81.5715, 7.773 ], [ -81.5744, 7.7794 ], [ -81.5707, 7.784 ], [ -81.5737, 7.7883 ], [ -81.5825, 7.7832 ], [ -81.5772, 7.789 ], [ -81.5779, 7.795 ], [ -81.5892, 7.7965 ], [ -81.5928, 7.8017 ], [ -81.5921, 7.8105 ], [ -81.5874, 7.812 ], [ -81.5843, 7.8218 ], [ -81.5872, 7.8267 ], [ -81.5767, 7.8304 ], [ -81.5741, 7.8421 ], [ -81.5667, 7.844 ], [ -81.5456, 7.844 ], [ -81.5332, 7.8379 ], [ -81.5211, 7.8418 ], [ -81.4919, 7.8726 ], [ -81.4909, 7.8956 ], [ -81.4648, 7.9203 ], [ -81.4518, 7.9633 ], [ -81.4332, 7.9655 ], [ -81.4212, 7.9911 ], [ -81.4228, 8.0016 ], [ -81.4136, 8.0094 ], [ -81.4115, 8.0178 ], [ -81.4043, 8.0182 ], [ -81.4125, 8.0291 ], [ -81.4109, 8.0453 ], [ -81.406, 8.0536 ], [ -81.3989, 8.0545 ], [ -81.3968, 8.0642 ], [ -81.3827, 8.0696 ], [ -81.3879, 8.0839 ], [ -81.381, 8.087 ], [ -81.3802, 8.0973 ], [ -81.374, 8.1034 ], [ -81.3834, 8.1135 ], [ -81.3761, 8.1235 ], [ -81.3688, 8.1208 ], [ -81.3697, 8.1269 ], [ -81.3622, 8.1366 ], [ -81.3654, 8.1455 ], [ -81.3531, 8.1417 ], [ -81.343, 8.1471 ], [ -81.3102, 8.1311 ] ], [ [ -81.0048, 7.83 ], [ -81.0033, 7.8277 ], [ -81.002, 7.8281 ], [ -81.0023, 7.8272 ], [ -81.0017, 7.8267 ], [ -81.0019, 7.8282 ], [ -81.0046, 7.8301 ], [ -81.0036, 7.8317 ], [ -81.004, 7.8315 ], [ -81.0048, 7.83 ] ], [ [ -81.0241, 7.8605 ], [ -81.0243, 7.8605 ], [ -81.0243, 7.8596 ], [ -81.0241, 7.8605 ] ], [ [ -81.0225, 7.8598 ], [ -81.0235, 7.8607 ], [ -81.0241, 7.8605 ], [ -81.0225, 7.8598 ] ], [ [ -81.0182, 7.8683 ], [ -81.0174, 7.8668 ], [ -81.0182, 7.8671 ], [ -81.0189, 7.8667 ], [ -81.0183, 7.8648 ], [ -81.0173, 7.8667 ], [ -81.0173, 7.8719 ], [ -81.0179, 7.8724 ], [ -81.0182, 7.8683 ] ], [ [ -81.0195, 7.8759 ], [ -81.021, 7.877 ], [ -81.0193, 7.8774 ], [ -81.0167, 7.8813 ], [ -81.0166, 7.8845 ], [ -81.0211, 7.8771 ], [ -81.0209, 7.8762 ], [ -81.0196, 7.8755 ], [ -81.0195, 7.8759 ] ], [ [ -81.1995, 7.9394 ], [ -81.1995, 7.9401 ], [ -81.2004, 7.9418 ], [ -81.1997, 7.9421 ], [ -81.1996, 7.9426 ], [ -81.2004, 7.9422 ], [ -81.2006, 7.9414 ], [ -81.1996, 7.9392 ], [ -81.1995, 7.9394 ] ], [ [ -81.2385, 7.8776 ], [ -81.239, 7.8781 ], [ -81.2399, 7.8769 ], [ -81.2382, 7.8767 ], [ -81.2382, 7.877 ], [ -81.2385, 7.8776 ] ], [ [ -81.235, 7.8742 ], [ -81.2349, 7.8738 ], [ -81.2342, 7.8731 ], [ -81.2335, 7.8756 ], [ -81.235, 7.8742 ] ], [ [ -81.2066, 7.838 ], [ -81.2028, 7.8369 ], [ -81.2018, 7.8373 ], [ -81.2069, 7.8387 ], [ -81.2066, 7.838 ] ], [ [ -81.2145, 7.7709 ], [ -81.215, 7.7712 ], [ -81.2151, 7.7702 ], [ -81.2145, 7.7709 ] ], [ [ -81.2499, 7.8651 ], [ -81.2508, 7.8656 ], [ -81.2516, 7.8647 ], [ -81.2499, 7.8651 ] ], [ [ -81.2362, 7.8608 ], [ -81.2374, 7.8624 ], [ -81.2382, 7.8621 ], [ -81.2362, 7.8608 ] ], [ [ -81.2419, 7.8593 ], [ -81.2414, 7.8582 ], [ -81.2421, 7.8606 ], [ -81.2419, 7.8593 ] ], [ [ -81.2114, 7.7697 ], [ -81.2089, 7.7686 ], [ -81.209, 7.7704 ], [ -81.2114, 7.7697 ] ], [ [ -81.1479, 7.8613 ], [ -81.148, 7.8624 ], [ -81.1503, 7.863 ], [ -81.1508, 7.8655 ], [ -81.1515, 7.8658 ], [ -81.1504, 7.8628 ], [ -81.1479, 7.8613 ] ], [ [ -81.0071, 7.6599 ], [ -81.0091, 7.6625 ], [ -81.0088, 7.6609 ], [ -81.0071, 7.6599 ] ], [ [ -81.0125, 7.6553 ], [ -81.0115, 7.6555 ], [ -81.0116, 7.657 ], [ -81.0146, 7.6581 ], [ -81.0125, 7.6553 ] ], [ [ -80.9168, 8.1955 ], [ -80.9118, 8.1914 ], [ -80.913, 8.1954 ], [ -80.9168, 8.1955 ] ], [ [ -80.8518, 8.1721 ], [ -80.8509, 8.1738 ], [ -80.8521, 8.1735 ], [ -80.8518, 8.1721 ] ], [ [ -80.8482, 8.172 ], [ -80.8479, 8.1734 ], [ -80.8495, 8.1728 ], [ -80.8482, 8.172 ] ], [ [ -80.8448, 8.1703 ], [ -80.8444, 8.1719 ], [ -80.8455, 8.1714 ], [ -80.8448, 8.1703 ] ], [ [ -80.8557, 8.1697 ], [ -80.8541, 8.1696 ], [ -80.8549, 8.1712 ], [ -80.8557, 8.1697 ] ], [ [ -80.8084, 8.1668 ], [ -80.8063, 8.1686 ], [ -80.8073, 8.1694 ], [ -80.8084, 8.1668 ] ], [ [ -80.8485, 8.1652 ], [ -80.8463, 8.167 ], [ -80.8468, 8.1673 ], [ -80.8485, 8.1652 ] ], [ [ -80.8637, 8.1667 ], [ -80.8643, 8.1651 ], [ -80.8624, 8.1647 ], [ -80.8637, 8.1667 ] ], [ [ -80.8991, 8.17 ], [ -80.8992, 8.1698 ], [ -80.8978, 8.1689 ], [ -80.8991, 8.17 ] ], [ [ -80.9226, 8.17 ], [ -80.924, 8.1694 ], [ -80.924, 8.169 ], [ -80.9226, 8.17 ] ], [ [ -80.8983, 8.162 ], [ -80.8995, 8.1613 ], [ -80.898, 8.1606 ], [ -80.8983, 8.162 ] ], [ [ -81.0429, 8.1571 ], [ -81.0431, 8.1574 ], [ -81.0439, 8.1567 ], [ -81.0429, 8.1571 ] ], [ [ -80.8307, 8.1455 ], [ -80.8314, 8.1488 ], [ -80.8319, 8.1465 ], [ -80.8307, 8.1455 ] ], [ [ -81.0117, 8.1206 ], [ -81.0116, 8.1204 ], [ -81.0104, 8.1219 ], [ -81.0112, 8.1227 ], [ -81.0117, 8.1206 ] ], [ [ -80.7898, 8.1108 ], [ -80.7918, 8.1106 ], [ -80.7919, 8.1098 ], [ -80.7898, 8.1108 ] ], [ [ -80.8809, 8.0964 ], [ -80.8813, 8.092 ], [ -80.8772, 8.0961 ], [ -80.8809, 8.0964 ] ], [ [ -80.9847, 7.8939 ], [ -80.9864, 7.8941 ], [ -80.9864, 7.8931 ], [ -80.9847, 7.8939 ] ], [ [ -80.9816, 7.8177 ], [ -80.9822, 7.816 ], [ -80.9789, 7.8146 ], [ -80.9816, 7.8177 ] ], [ [ -80.8715, 8.0878 ], [ -80.8696, 8.085 ], [ -80.8676, 8.0881 ], [ -80.8715, 8.0878 ] ], [ [ -80.871, 8.0827 ], [ -80.8693, 8.0847 ], [ -80.8708, 8.085 ], [ -80.871, 8.0827 ] ], [ [ -80.9469, 8.204 ], [ -80.9472, 8.2027 ], [ -80.9444, 8.2012 ], [ -80.9469, 8.204 ] ], [ [ -80.8953, 8.0741 ], [ -80.898, 8.0745 ], [ -80.8984, 8.0713 ], [ -80.8953, 8.0741 ] ] ], [ [ [ -81.2556, 7.4653 ], [ -81.2555, 7.466 ], [ -81.254, 7.4666 ], [ -81.2556, 7.4653 ] ] ], [ [ [ -81.2554, 7.4669 ], [ -81.2569, 7.4677 ], [ -81.2543, 7.4696 ], [ -81.2554, 7.4669 ] ] ], [ [ [ -81.2487, 7.4721 ], [ -81.2508, 7.4753 ], [ -81.2467, 7.4784 ], [ -81.2487, 7.4721 ] ] ], [ [ [ -81.2599, 7.489 ], [ -81.2594, 7.4888 ], [ -81.2598, 7.4882 ], [ -81.2599, 7.489 ] ] ], [ [ [ -81.1877, 7.5637 ], [ -81.1843, 7.5588 ], [ -81.203, 7.5509 ], [ -81.2224, 7.5495 ], [ -81.2217, 7.5676 ], [ -81.2091, 7.5762 ], [ -81.1877, 7.5637 ] ] ], [ [ [ -81.2605, 7.6273 ], [ -81.2608, 7.6271 ], [ -81.2612, 7.6275 ], [ -81.2605, 7.6273 ] ] ], [ [ [ -81.2307, 7.7029 ], [ -81.2267, 7.7055 ], [ -81.2267, 7.7052 ], [ -81.2307, 7.7029 ] ] ], [ [ [ -81.2385, 7.7104 ], [ -81.2389, 7.7087 ], [ -81.2396, 7.7138 ], [ -81.2385, 7.7104 ] ] ], [ [ [ -81.2083, 7.7194 ], [ -81.2035, 7.7181 ], [ -81.2108, 7.7114 ], [ -81.2083, 7.7194 ] ] ], [ [ [ -81.2212, 7.7426 ], [ -81.2229, 7.7421 ], [ -81.2215, 7.7435 ], [ -81.2212, 7.7426 ] ] ], [ [ [ -81.2277, 7.7423 ], [ -81.2286, 7.7433 ], [ -81.2266, 7.7423 ], [ -81.2277, 7.7423 ] ] ], [ [ [ -81.227, 7.7439 ], [ -81.2263, 7.7426 ], [ -81.227, 7.7429 ], [ -81.227, 7.7439 ] ] ], [ [ [ -81.2306, 7.7429 ], [ -81.2312, 7.7432 ], [ -81.2301, 7.7435 ], [ -81.2306, 7.7429 ] ] ], [ [ [ -81.2304, 7.7435 ], [ -81.2324, 7.7438 ], [ -81.2307, 7.744 ], [ -81.2304, 7.7435 ] ] ], [ [ [ -81.2264, 7.7436 ], [ -81.2275, 7.7444 ], [ -81.227, 7.7445 ], [ -81.2264, 7.7436 ] ] ], [ [ [ -81.2365, 7.7444 ], [ -81.2367, 7.7452 ], [ -81.2362, 7.7453 ], [ -81.2365, 7.7444 ] ] ], [ [ [ -81.2273, 7.7446 ], [ -81.2277, 7.7447 ], [ -81.2269, 7.7458 ], [ -81.2273, 7.7446 ] ] ], [ [ [ -81.2264, 7.7466 ], [ -81.2261, 7.7461 ], [ -81.2287, 7.7471 ], [ -81.2264, 7.7466 ] ] ], [ [ [ -81.2234, 7.7464 ], [ -81.2223, 7.7486 ], [ -81.221, 7.7462 ], [ -81.2234, 7.7464 ] ] ], [ [ [ -81.236, 7.7476 ], [ -81.2363, 7.747 ], [ -81.2368, 7.7474 ], [ -81.236, 7.7476 ] ] ], [ [ [ -81.2442, 7.7509 ], [ -81.2443, 7.7514 ], [ -81.243, 7.7508 ], [ -81.2442, 7.7509 ] ] ], [ [ [ -81.2482, 7.7534 ], [ -81.2476, 7.7528 ], [ -81.2482, 7.7528 ], [ -81.2482, 7.7534 ] ] ], [ [ [ -81.249, 7.7537 ], [ -81.2484, 7.7527 ], [ -81.2498, 7.7527 ], [ -81.249, 7.7537 ] ] ], [ [ [ -81.2471, 7.7529 ], [ -81.2478, 7.7535 ], [ -81.2466, 7.754 ], [ -81.2471, 7.7529 ] ] ], [ [ [ -81.2415, 7.7539 ], [ -81.2423, 7.7543 ], [ -81.2421, 7.7545 ], [ -81.2415, 7.7539 ] ] ], [ [ [ -81.2338, 7.755 ], [ -81.2335, 7.7542 ], [ -81.2346, 7.7542 ], [ -81.2338, 7.755 ] ] ], [ [ [ -81.2475, 7.7541 ], [ -81.2484, 7.7549 ], [ -81.2483, 7.7551 ], [ -81.2475, 7.7541 ] ] ], [ [ [ -81.2464, 7.7547 ], [ -81.2467, 7.755 ], [ -81.2459, 7.7551 ], [ -81.2464, 7.7547 ] ] ], [ [ [ -81.2344, 7.7555 ], [ -81.235, 7.7547 ], [ -81.2355, 7.7547 ], [ -81.2344, 7.7555 ] ] ], [ [ [ -81.2307, 7.7588 ], [ -81.2306, 7.7581 ], [ -81.234, 7.7597 ], [ -81.2307, 7.7588 ] ] ], [ [ [ -81.1944, 7.7618 ], [ -81.1937, 7.7616 ], [ -81.1945, 7.7606 ], [ -81.1944, 7.7618 ] ] ], [ [ [ -81.1985, 7.7625 ], [ -81.1987, 7.762 ], [ -81.199, 7.7622 ], [ -81.1985, 7.7625 ] ] ], [ [ [ -81.1991, 7.7631 ], [ -81.1993, 7.7626 ], [ -81.1997, 7.7628 ], [ -81.1991, 7.7631 ] ] ], [ [ [ -81.1999, 7.7635 ], [ -81.2002, 7.7627 ], [ -81.2004, 7.763 ], [ -81.1999, 7.7635 ] ] ], [ [ [ -81.1865, 7.8216 ], [ -81.1863, 7.8222 ], [ -81.1855, 7.822 ], [ -81.1865, 7.8216 ] ] ], [ [ [ -81.1841, 7.8223 ], [ -81.1835, 7.8222 ], [ -81.1833, 7.8215 ], [ -81.1868, 7.8235 ], [ -81.1841, 7.8223 ] ] ], [ [ [ -81.1838, 7.8224 ], [ -81.1852, 7.8235 ], [ -81.1842, 7.8236 ], [ -81.1838, 7.8224 ] ] ], [ [ [ -81.184, 7.8238 ], [ -81.1868, 7.8237 ], [ -81.1865, 7.8262 ], [ -81.184, 7.8238 ] ] ], [ [ [ -81.1877, 7.8254 ], [ -81.1875, 7.8261 ], [ -81.1869, 7.8257 ], [ -81.1877, 7.8254 ] ] ], [ [ [ -81.1893, 7.826 ], [ -81.1891, 7.8262 ], [ -81.1886, 7.8257 ], [ -81.1893, 7.826 ] ] ], [ [ [ -81.1886, 7.8261 ], [ -81.1897, 7.8265 ], [ -81.1892, 7.827 ], [ -81.1886, 7.8261 ] ] ], [ [ [ -81.1875, 7.8264 ], [ -81.1894, 7.8274 ], [ -81.1898, 7.8269 ], [ -81.1899, 7.8281 ], [ -81.1875, 7.8264 ] ] ], [ [ [ -81.1863, 7.828 ], [ -81.1861, 7.8273 ], [ -81.1867, 7.8274 ], [ -81.1863, 7.828 ] ] ], [ [ [ -81.187, 7.8282 ], [ -81.1889, 7.8287 ], [ -81.1896, 7.8328 ], [ -81.1884, 7.8295 ], [ -81.1855, 7.8315 ], [ -81.187, 7.8282 ] ] ], [ [ [ -81.1805, 7.8634 ], [ -81.1922, 7.8553 ], [ -81.2008, 7.8704 ], [ -81.1957, 7.8773 ], [ -81.1892, 7.876 ], [ -81.1805, 7.8634 ] ] ], [ [ [ -81.2056, 7.8732 ], [ -81.2014, 7.8732 ], [ -81.202, 7.8699 ], [ -81.2168, 7.8715 ], [ -81.2178, 7.8783 ], [ -81.2116, 7.8795 ], [ -81.2056, 7.8732 ] ] ], [ [ [ -81.2436, 7.8957 ], [ -81.2434, 7.8955 ], [ -81.2439, 7.8948 ], [ -81.2436, 7.8957 ] ] ], [ [ [ -81.2002, 7.8965 ], [ -81.1991, 7.8889 ], [ -81.2048, 7.8861 ], [ -81.2177, 7.8888 ], [ -81.2143, 7.8898 ], [ -81.2142, 7.8904 ], [ -81.2141, 7.8906 ], [ -81.2196, 7.8959 ], [ -81.2275, 7.8985 ], [ -81.2265, 7.9012 ], [ -81.2268, 7.9029 ], [ -81.226, 7.9039 ], [ -81.2275, 7.9049 ], [ -81.2002, 7.8965 ] ] ], [ [ [ -81.1707, 7.5106 ], [ -81.1702, 7.5102 ], [ -81.1704, 7.5099 ], [ -81.1707, 7.5106 ] ] ], [ [ [ -81.0826, 7.5279 ], [ -81.0822, 7.5278 ], [ -81.083, 7.5272 ], [ -81.0826, 7.5279 ] ] ], [ [ [ -81.0714, 7.578 ], [ -81.0539, 7.5807 ], [ -81.0386, 7.5714 ], [ -81.0467, 7.5676 ], [ -81.0564, 7.5462 ], [ -81.0783, 7.5356 ], [ -81.0836, 7.5281 ], [ -81.106, 7.5431 ], [ -81.1251, 7.5479 ], [ -81.1437, 7.5401 ], [ -81.1475, 7.5278 ], [ -81.1582, 7.5234 ], [ -81.1729, 7.509 ], [ -81.1848, 7.5058 ], [ -81.1885, 7.5014 ], [ -81.1859, 7.4942 ], [ -81.192, 7.4913 ], [ -81.1964, 7.4939 ], [ -81.1983, 7.4902 ], [ -81.204, 7.4922 ], [ -81.2162, 7.4858 ], [ -81.2263, 7.4858 ], [ -81.2194, 7.4926 ], [ -81.225, 7.4987 ], [ -81.2385, 7.4947 ], [ -81.2471, 7.4812 ], [ -81.2587, 7.4872 ], [ -81.2304, 7.5185 ], [ -81.2188, 7.5206 ], [ -81.2126, 7.5276 ], [ -81.2024, 7.5256 ], [ -81.1924, 7.5314 ], [ -81.171, 7.5325 ], [ -81.147, 7.5645 ], [ -81.094, 7.5817 ], [ -81.0714, 7.578 ] ] ], [ [ [ -81.094, 7.5347 ], [ -81.0935, 7.5339 ], [ -81.094, 7.5338 ], [ -81.094, 7.5347 ] ] ], [ [ [ -81.1202, 7.5465 ], [ -81.1197, 7.5463 ], [ -81.1199, 7.546 ], [ -81.1202, 7.5465 ] ] ], [ [ [ -81.0676, 7.7073 ], [ -81.0712, 7.7076 ], [ -81.0709, 7.7082 ], [ -81.0676, 7.7073 ] ] ], [ [ [ -81.0744, 7.7093 ], [ -81.0761, 7.7112 ], [ -81.0747, 7.7114 ], [ -81.0744, 7.7093 ] ] ], [ [ [ -81.1009, 7.7334 ], [ -81.1002, 7.732 ], [ -81.1006, 7.732 ], [ -81.1009, 7.7334 ] ] ], [ [ [ -81.1001, 7.7353 ], [ -81.1006, 7.7357 ], [ -81.0997, 7.7357 ], [ -81.1001, 7.7353 ] ] ], [ [ [ -81.1056, 7.747 ], [ -81.1016, 7.7277 ], [ -81.1065, 7.718 ], [ -81.1228, 7.7205 ], [ -81.1447, 7.7325 ], [ -81.1526, 7.7437 ], [ -81.1285, 7.7405 ], [ -81.1324, 7.7598 ], [ -81.1316, 7.764 ], [ -81.1056, 7.747 ] ] ], [ [ [ -81.1611, 7.7478 ], [ -81.161, 7.7485 ], [ -81.1599, 7.7471 ], [ -81.1611, 7.7478 ] ] ], [ [ [ -81.1723, 7.7472 ], [ -81.1747, 7.7461 ], [ -81.1758, 7.7483 ], [ -81.1723, 7.7472 ] ] ], [ [ [ -81.1765, 7.8195 ], [ -81.1769, 7.8203 ], [ -81.1763, 7.8204 ], [ -81.1765, 7.8195 ] ] ], [ [ [ -81.1748, 7.82 ], [ -81.176, 7.8205 ], [ -81.1756, 7.8206 ], [ -81.1748, 7.82 ] ] ], [ [ [ -81.1832, 7.82 ], [ -81.1846, 7.8214 ], [ -81.1841, 7.8216 ], [ -81.1832, 7.82 ] ] ], [ [ [ -81.1773, 7.8215 ], [ -81.1768, 7.8206 ], [ -81.1773, 7.8206 ], [ -81.1773, 7.8215 ] ] ], [ [ [ -81.1846, 7.8255 ], [ -81.1863, 7.8284 ], [ -81.182, 7.8328 ], [ -81.1846, 7.8255 ] ] ], [ [ [ -81.1624, 7.8348 ], [ -81.1634, 7.8277 ], [ -81.1705, 7.8202 ], [ -81.1769, 7.8242 ], [ -81.1782, 7.823 ], [ -81.1773, 7.8196 ], [ -81.1792, 7.8221 ], [ -81.1733, 7.8371 ], [ -81.1624, 7.8348 ] ] ], [ [ [ -81.0763, 7.8348 ], [ -81.0743, 7.8237 ], [ -81.0903, 7.819 ], [ -81.0981, 7.8288 ], [ -81.0914, 7.8388 ], [ -81.0817, 7.8394 ], [ -81.0763, 7.8348 ] ] ], [ [ [ -81.1811, 7.8388 ], [ -81.1815, 7.8399 ], [ -81.1811, 7.8399 ], [ -81.1811, 7.8388 ] ] ], [ [ [ -81.1779, 7.8488 ], [ -81.1772, 7.848 ], [ -81.1778, 7.8479 ], [ -81.1779, 7.8488 ] ] ], [ [ [ -81.1187, 7.849 ], [ -81.1221, 7.8489 ], [ -81.1215, 7.8498 ], [ -81.1187, 7.849 ] ] ], [ [ [ -81.099, 7.8748 ], [ -81.0992, 7.8749 ], [ -81.0992, 7.8754 ], [ -81.099, 7.8748 ] ] ], [ [ [ -81.1234, 7.8777 ], [ -81.1226, 7.8774 ], [ -81.1227, 7.8773 ], [ -81.1234, 7.8777 ] ] ], [ [ [ -81.1226, 7.8777 ], [ -81.1226, 7.8792 ], [ -81.1218, 7.878 ], [ -81.1226, 7.8777 ] ] ], [ [ [ -81.0999, 7.8789 ], [ -81.1011, 7.8791 ], [ -81.0988, 7.8799 ], [ -81.0999, 7.8789 ] ] ], [ [ [ -81.0908, 7.8805 ], [ -81.0906, 7.8802 ], [ -81.0914, 7.8799 ], [ -81.0908, 7.8805 ] ] ], [ [ [ -81.1203, 7.8789 ], [ -81.1215, 7.8784 ], [ -81.1228, 7.8822 ], [ -81.1203, 7.8789 ] ] ], [ [ [ -81.1208, 7.8806 ], [ -81.1202, 7.8814 ], [ -81.1202, 7.8807 ], [ -81.1208, 7.8806 ] ] ], [ [ [ -81.0986, 7.8804 ], [ -81.1, 7.8801 ], [ -81.0983, 7.8816 ], [ -81.0986, 7.8804 ] ] ], [ [ [ -81.0963, 7.8806 ], [ -81.0959, 7.8832 ], [ -81.0949, 7.8829 ], [ -81.0963, 7.8806 ] ] ], [ [ [ -81.1212, 7.8824 ], [ -81.1203, 7.8821 ], [ -81.1207, 7.8816 ], [ -81.1212, 7.8824 ] ] ], [ [ [ -81.1232, 7.8826 ], [ -81.1232, 7.8835 ], [ -81.1226, 7.8832 ], [ -81.1232, 7.8826 ] ] ], [ [ [ -81.0984, 7.8831 ], [ -81.0991, 7.8832 ], [ -81.0981, 7.8833 ], [ -81.0984, 7.8831 ] ] ], [ [ [ -81.098, 7.8844 ], [ -81.0978, 7.8843 ], [ -81.0981, 7.8837 ], [ -81.098, 7.8844 ] ] ], [ [ [ -81.1149, 7.8853 ], [ -81.1167, 7.8733 ], [ -81.1163, 7.8773 ], [ -81.1175, 7.8767 ], [ -81.1206, 7.88 ], [ -81.1188, 7.8788 ], [ -81.1177, 7.8791 ], [ -81.1177, 7.8805 ], [ -81.125, 7.8873 ], [ -81.1229, 7.895 ], [ -81.1149, 7.8853 ] ] ], [ [ [ -81.0908, 7.8892 ], [ -81.0906, 7.8884 ], [ -81.0916, 7.8881 ], [ -81.0908, 7.8892 ] ] ], [ [ [ -81.097, 7.8928 ], [ -81.0965, 7.8925 ], [ -81.0973, 7.8916 ], [ -81.097, 7.8928 ] ] ], [ [ [ -81.0752, 7.8934 ], [ -81.0755, 7.8948 ], [ -81.074, 7.8928 ], [ -81.0752, 7.8934 ] ] ], [ [ [ -81.1131, 7.894 ], [ -81.114, 7.8892 ], [ -81.1179, 7.8927 ], [ -81.1123, 7.8992 ], [ -81.1053, 7.8949 ], [ -81.1131, 7.894 ] ] ], [ [ [ -81.0757, 7.8948 ], [ -81.0782, 7.8948 ], [ -81.0779, 7.8958 ], [ -81.0757, 7.8948 ] ] ], [ [ [ -81.1036, 7.8958 ], [ -81.1033, 7.8959 ], [ -81.1029, 7.8955 ], [ -81.1036, 7.8958 ] ] ], [ [ [ -81.067, 7.8973 ], [ -81.0657, 7.8983 ], [ -81.0657, 7.8981 ], [ -81.067, 7.8973 ] ] ], [ [ [ -81.1146, 7.9109 ], [ -81.1154, 7.91 ], [ -81.117, 7.9142 ], [ -81.1146, 7.9109 ] ] ], [ [ [ -81.1108, 7.914 ], [ -81.1108, 7.9131 ], [ -81.1115, 7.9132 ], [ -81.1108, 7.914 ] ] ], [ [ [ -81.1093, 7.9155 ], [ -81.1119, 7.9148 ], [ -81.1101, 7.9176 ], [ -81.1093, 7.9155 ] ] ], [ [ [ -81.1203, 7.9171 ], [ -81.1197, 7.916 ], [ -81.1204, 7.9161 ], [ -81.1203, 7.9171 ] ] ], [ [ [ -80.8379, 7.2075 ], [ -80.8381, 7.2084 ], [ -80.8371, 7.2089 ], [ -80.8379, 7.2075 ] ] ], [ [ [ -80.7848, 7.2099 ], [ -80.7847, 7.2093 ], [ -80.7853, 7.2094 ], [ -80.7848, 7.2099 ] ] ], [ [ [ -80.6907, 7.2102 ], [ -80.6911, 7.2098 ], [ -80.6907, 7.2115 ], [ -80.6907, 7.2102 ] ] ], [ [ [ -80.9042, 7.2348 ], [ -80.9107, 7.2317 ], [ -80.9079, 7.2352 ], [ -80.9042, 7.2348 ] ] ], [ [ [ -80.9094, 7.2349 ], [ -80.9103, 7.235 ], [ -80.91, 7.2352 ], [ -80.9094, 7.2349 ] ] ], [ [ [ -80.9105, 7.2416 ], [ -80.9093, 7.2411 ], [ -80.9096, 7.2408 ], [ -80.9105, 7.2416 ] ] ], [ [ [ -80.9178, 7.2463 ], [ -80.9187, 7.246 ], [ -80.9187, 7.2466 ], [ -80.9178, 7.2463 ] ] ], [ [ [ -80.949, 7.2624 ], [ -80.9544, 7.2595 ], [ -80.9549, 7.2622 ], [ -80.9474, 7.2649 ], [ -80.949, 7.2624 ] ] ], [ [ [ -80.9456, 7.2654 ], [ -80.9481, 7.266 ], [ -80.9457, 7.2689 ], [ -80.9456, 7.2654 ] ] ], [ [ [ -80.92, 7.321 ], [ -80.9185, 7.3216 ], [ -80.9188, 7.3204 ], [ -80.92, 7.321 ] ] ], [ [ [ -80.9163, 7.3214 ], [ -80.9169, 7.3216 ], [ -80.9167, 7.3219 ], [ -80.9163, 7.3214 ] ] ], [ [ [ -80.9434, 7.3967 ], [ -80.9454, 7.3962 ], [ -80.945, 7.3983 ], [ -80.9434, 7.3967 ] ] ], [ [ [ -80.9419, 7.3998 ], [ -80.9414, 7.4001 ], [ -80.9424, 7.3983 ], [ -80.9419, 7.3998 ] ] ], [ [ [ -80.9329, 7.4015 ], [ -80.9349, 7.3994 ], [ -80.9344, 7.4018 ], [ -80.9329, 7.4015 ] ] ], [ [ [ -80.9407, 7.4012 ], [ -80.9407, 7.4028 ], [ -80.9401, 7.4027 ], [ -80.9407, 7.4012 ] ] ], [ [ [ -80.9366, 7.4026 ], [ -80.937, 7.4018 ], [ -80.9374, 7.4022 ], [ -80.9366, 7.4026 ] ] ], [ [ [ -80.9473, 7.4777 ], [ -80.9487, 7.4764 ], [ -80.9499, 7.4808 ], [ -80.9473, 7.4777 ] ] ], [ [ [ -80.9652, 7.4939 ], [ -80.9638, 7.4942 ], [ -80.9641, 7.4935 ], [ -80.9652, 7.4939 ] ] ], [ [ [ -80.9805, 7.5033 ], [ -80.9807, 7.5044 ], [ -80.9799, 7.5042 ], [ -80.9805, 7.5033 ] ] ], [ [ [ -80.9592, 7.5312 ], [ -80.9591, 7.5302 ], [ -80.9592, 7.5307 ], [ -80.9592, 7.5312 ] ] ], [ [ [ -80.9567, 7.5393 ], [ -80.9571, 7.5388 ], [ -80.9572, 7.5392 ], [ -80.9567, 7.5393 ] ] ], [ [ [ -80.9875, 7.618 ], [ -80.9871, 7.6171 ], [ -80.9875, 7.6171 ], [ -80.9875, 7.618 ] ] ], [ [ [ -80.989, 7.618 ], [ -80.9886, 7.6175 ], [ -80.9894, 7.6173 ], [ -80.989, 7.618 ] ] ], [ [ [ -81.0413, 7.6787 ], [ -81.0418, 7.6779 ], [ -81.042, 7.6782 ], [ -81.0413, 7.6787 ] ] ], [ [ [ -81.0443, 7.6958 ], [ -81.0437, 7.6961 ], [ -81.0445, 7.6944 ], [ -81.0443, 7.6958 ] ] ], [ [ [ -81.0624, 7.7057 ], [ -81.0629, 7.7071 ], [ -81.0591, 7.7045 ], [ -81.0624, 7.7057 ] ] ], [ [ [ -81.0334, 7.731 ], [ -81.033, 7.7306 ], [ -81.0343, 7.7306 ], [ -81.0334, 7.731 ] ] ], [ [ [ -81.0356, 7.7316 ], [ -81.0346, 7.7313 ], [ -81.0355, 7.7311 ], [ -81.0356, 7.7316 ] ] ], [ [ [ -81.0094, 7.8272 ], [ -81.0092, 7.8275 ], [ -81.0082, 7.8269 ], [ -81.0094, 7.8272 ] ] ], [ [ [ -81.0252, 7.8436 ], [ -81.0234, 7.8429 ], [ -81.0241, 7.8424 ], [ -81.0252, 7.8436 ] ] ], [ [ [ -81.0215, 7.8428 ], [ -81.0235, 7.8439 ], [ -81.0215, 7.8434 ], [ -81.0215, 7.8428 ] ] ], [ [ [ -81.0217, 7.8453 ], [ -81.0215, 7.8455 ], [ -81.022, 7.8442 ], [ -81.0217, 7.8453 ] ] ], [ [ [ -81.0203, 7.8449 ], [ -81.0209, 7.846 ], [ -81.0205, 7.846 ], [ -81.0203, 7.8449 ] ] ], [ [ [ -81.0311, 7.8466 ], [ -81.0312, 7.8469 ], [ -81.0303, 7.8468 ], [ -81.0311, 7.8466 ] ] ], [ [ [ -81.0208, 7.8748 ], [ -81.0205, 7.874 ], [ -81.021, 7.8739 ], [ -81.0208, 7.8748 ] ] ], [ [ [ -81.0549, 7.8827 ], [ -81.0541, 7.8817 ], [ -81.0544, 7.8816 ], [ -81.0549, 7.8827 ] ] ], [ [ [ -81.0666, 7.8991 ], [ -81.0656, 7.8994 ], [ -81.0663, 7.8987 ], [ -81.0666, 7.8991 ] ] ], [ [ [ -81.0648, 7.8984 ], [ -81.0601, 7.9016 ], [ -81.0615, 7.8995 ], [ -81.0648, 7.8984 ] ] ], [ [ [ -81.0482, 7.9351 ], [ -81.0479, 7.9354 ], [ -81.0476, 7.9345 ], [ -81.0482, 7.9351 ] ] ], [ [ [ -81.0429, 7.9353 ], [ -81.0472, 7.9338 ], [ -81.0473, 7.9367 ], [ -81.0429, 7.9353 ] ] ], [ [ [ -81.0399, 7.9446 ], [ -81.0397, 7.9458 ], [ -81.0382, 7.9447 ], [ -81.0399, 7.9446 ] ] ] ] } },
{ "type": "Feature", "properties": { "id": "colon_portobelo", "name": "Colon - Portobelo - Santa Isabel", "tier": "priority", "products": "cruise (all sizes); nautical (Caribbean & Gatun Lake); shopping; scientific tourism; indigenous tourism; cultural & ethnic heritage; low-impact sun & beach; gastronomy", "nature_hooks": "Portobelo NP reefs & mangroves; Gatun Lake; Caribbean coastal forest; San Lorenzo protected area", "vocation_en": "Colon is oriented to cruise tourism of all sizes plus Caribbean and Gatun Lake nautical activity and shopping, and is to become a counterweight entry point to Panama City, developing scientific and indigenous tourism around Gatun Lake. Portobelo combines cultural and ethnic tourism with beach and nature activities, small cruises and yachting, and must respect existing environmental regulation. Santa Isabel is oriented to low-impact sun and beach, drawing on nearby Portobelo.", "vocation_es": "Colon: destino de cruceros de todo tamano, con actividades nauticas en el Caribe y Lago Gatun y compras; enclave para turismo cientifico y turismo indigena en el entorno del Lago Gatun; destino de contrapeso a Ciudad de Panama. Portobelo: turismo cultural y etnico combinado con sol y playa y actividades de naturaleza, pequenos cruceros y veleros. Santa Isabel: experiencias de sol y playa de bajo impacto.", "districts": "Colón/Colón; Colón/Portobelo; Colón/Santa Isabel", "area_km2": 2330.3 }, "geometry": { "type": "MultiPolygon", "coordinates": [ [ [ [ -80.0393, 9.0025 ], [ -80.0401, 9.0015 ], [ -80.0388, 9.0034 ], [ -80.0388, 9.004 ], [ -80.0393, 9.0048 ], [ -80.0382, 9.0033 ], [ -80.0393, 9.0025 ] ] ], [ [ [ -80.0391, 9.0063 ], [ -80.0387, 9.0049 ], [ -80.0398, 9.0065 ], [ -80.0416, 9.0062 ], [ -80.0415, 9.0079 ], [ -80.0391, 9.0063 ] ] ], [ [ [ -80.0401, 9.01 ], [ -80.04, 9.0089 ], [ -80.0413, 9.009 ], [ -80.0401, 9.01 ] ] ], [ [ [ -80.0297, 9.0195 ], [ -80.0302, 9.0198 ], [ -80.0299, 9.02 ], [ -80.0297, 9.0195 ] ] ], [ [ [ -80.0829, 9.0197 ], [ -80.0831, 9.0197 ], [ -80.0831, 9.0208 ], [ -80.0829, 9.0197 ] ] ], [ [ [ -80.0387, 9.0253 ], [ -80.0392, 9.0257 ], [ -80.0389, 9.0259 ], [ -80.0387, 9.0253 ] ] ], [ [ [ -80.0773, 9.0288 ], [ -80.0766, 9.0286 ], [ -80.0777, 9.0283 ], [ -80.0773, 9.0288 ] ] ], [ [ [ -80.0378, 9.0294 ], [ -80.0374, 9.0292 ], [ -80.0379, 9.0287 ], [ -80.0378, 9.0294 ] ] ], [ [ [ -80.0451, 9.0305 ], [ -80.0453, 9.0289 ], [ -80.046, 9.0291 ], [ -80.0451, 9.0305 ] ] ], [ [ [ -80.0746, 9.031 ], [ -80.0751, 9.0299 ], [ -80.0762, 9.0307 ], [ -80.0746, 9.031 ] ] ], [ [ [ -80.0631, 9.0316 ], [ -80.0619, 9.0305 ], [ -80.0629, 9.0304 ], [ -80.0631, 9.0316 ] ] ], [ [ [ -80.0454, 9.0315 ], [ -80.0457, 9.0308 ], [ -80.046, 9.0317 ], [ -80.0454, 9.0315 ] ] ], [ [ [ -80.0443, 9.0316 ], [ -80.047, 9.0336 ], [ -80.048, 9.0314 ], [ -80.0474, 9.0353 ], [ -80.0443, 9.0316 ] ] ], [ [ [ -80.0685, 9.0343 ], [ -80.0684, 9.0341 ], [ -80.0696, 9.0336 ], [ -80.0685, 9.0343 ] ] ], [ [ [ -80.0703, 9.0352 ], [ -80.0706, 9.0336 ], [ -80.0714, 9.0339 ], [ -80.0703, 9.0352 ] ] ], [ [ [ -80.0854, 9.0351 ], [ -80.0854, 9.035 ], [ -80.087, 9.0352 ], [ -80.0854, 9.0351 ] ] ], [ [ [ -80.086, 9.036 ], [ -80.0902, 9.0383 ], [ -80.0894, 9.0383 ], [ -80.086, 9.036 ] ] ], [ [ [ -80.0665, 9.0416 ], [ -80.0671, 9.0423 ], [ -80.0661, 9.0424 ], [ -80.0665, 9.0416 ] ] ], [ [ [ -80.0604, 9.0427 ], [ -80.0612, 9.0414 ], [ -80.0615, 9.0417 ], [ -80.0604, 9.0427 ] ] ], [ [ [ -80.0482, 9.0438 ], [ -80.0473, 9.044 ], [ -80.0478, 9.0426 ], [ -80.0482, 9.0438 ] ] ], [ [ [ -80.0518, 9.0414 ], [ -80.0515, 9.0452 ], [ -80.05, 9.0451 ], [ -80.0518, 9.0414 ] ] ], [ [ [ -80.0294, 9.0439 ], [ -80.0297, 9.0436 ], [ -80.0299, 9.0444 ], [ -80.0294, 9.0439 ] ] ], [ [ [ -80.0671, 9.0457 ], [ -80.0669, 9.0452 ], [ -80.0678, 9.0449 ], [ -80.0671, 9.0457 ] ] ], [ [ [ -80.0477, 9.0479 ], [ -80.0484, 9.0467 ], [ -80.0488, 9.0475 ], [ -80.0477, 9.0479 ] ] ], [ [ [ -80.0622, 9.0508 ], [ -80.0604, 9.05 ], [ -80.0606, 9.0498 ], [ -80.0622, 9.0508 ] ] ], [ [ [ -80.0371, 9.0534 ], [ -80.0371, 9.0522 ], [ -80.0382, 9.053 ], [ -80.0371, 9.0534 ] ] ], [ [ [ -80.0546, 9.0545 ], [ -80.0549, 9.054 ], [ -80.0558, 9.055 ], [ -80.0546, 9.0545 ] ] ], [ [ [ -80.0341, 9.076 ], [ -80.0328, 9.0743 ], [ -80.0337, 9.074 ], [ -80.0341, 9.076 ] ] ], [ [ [ -80.0193, 9.0734 ], [ -80.0207, 9.0762 ], [ -80.0191, 9.0772 ], [ -80.0193, 9.0734 ] ] ], [ [ [ -80.0352, 9.0765 ], [ -80.0346, 9.0759 ], [ -80.0355, 9.0749 ], [ -80.0352, 9.0765 ] ] ], [ [ [ -80.0333, 9.0776 ], [ -80.0335, 9.0761 ], [ -80.0344, 9.0766 ], [ -80.0333, 9.0776 ] ] ], [ [ [ -80.0353, 9.0776 ], [ -80.036, 9.0763 ], [ -80.0361, 9.0775 ], [ -80.0353, 9.0776 ] ] ], [ [ [ -80.0239, 9.0792 ], [ -80.0229, 9.079 ], [ -80.0234, 9.0773 ], [ -80.0239, 9.0792 ] ] ], [ [ [ -80.0226, 9.0797 ], [ -80.0226, 9.0792 ], [ -80.0233, 9.0797 ], [ -80.0226, 9.0797 ] ] ], [ [ [ -80.0265, 9.0804 ], [ -80.0284, 9.0789 ], [ -80.0304, 9.0819 ], [ -80.0265, 9.0804 ] ] ], [ [ [ -80.0239, 9.0825 ], [ -80.0234, 9.0827 ], [ -80.0234, 9.0803 ], [ -80.0239, 9.0825 ] ] ], [ [ [ -80.027, 9.0819 ], [ -80.0259, 9.0817 ], [ -80.0269, 9.0814 ], [ -80.027, 9.0819 ] ] ], [ [ [ -80.0337, 9.085 ], [ -80.0335, 9.0848 ], [ -80.0347, 9.0841 ], [ -80.0337, 9.085 ] ] ], [ [ [ -80.0218, 9.085 ], [ -80.0222, 9.0849 ], [ -80.0223, 9.0854 ], [ -80.0218, 9.085 ] ] ], [ [ [ -80.0342, 9.0862 ], [ -80.0341, 9.0858 ], [ -80.0346, 9.086 ], [ -80.0342, 9.0862 ] ] ], [ [ [ -80.0228, 9.0868 ], [ -80.0229, 9.0866 ], [ -80.0236, 9.0871 ], [ -80.0228, 9.0868 ] ] ], [ [ [ -80.0257, 9.0878 ], [ -80.0243, 9.0878 ], [ -80.0244, 9.0875 ], [ -80.0257, 9.0878 ] ] ], [ [ [ -80.0203, 9.0876 ], [ -80.0207, 9.0869 ], [ -80.0236, 9.0891 ], [ -80.0203, 9.0876 ] ] ], [ [ [ -80.0357, 9.0861 ], [ -80.0378, 9.0896 ], [ -80.0369, 9.0911 ], [ -80.0357, 9.0861 ] ] ], [ [ [ -80.0255, 9.0917 ], [ -80.0248, 9.09 ], [ -80.0257, 9.0892 ], [ -80.0255, 9.0917 ] ] ], [ [ [ -80.0272, 9.0968 ], [ -80.0263, 9.095 ], [ -80.0264, 9.095 ], [ -80.0272, 9.0968 ] ] ], [ [ [ -80.0369, 9.0987 ], [ -80.0375, 9.0994 ], [ -80.0372, 9.0995 ], [ -80.0369, 9.0987 ] ] ], [ [ [ -80.0317, 9.1015 ], [ -80.0315, 9.099 ], [ -80.0322, 9.1001 ], [ -80.0317, 9.1015 ] ] ], [ [ [ -80.0281, 9.1069 ], [ -80.0265, 9.106 ], [ -80.0264, 9.1048 ], [ -80.0281, 9.1069 ] ] ], [ [ [ -80.0192, 9.1064 ], [ -80.0201, 9.108 ], [ -80.0193, 9.108 ], [ -80.0192, 9.1064 ] ] ], [ [ [ -80.0253, 9.1084 ], [ -80.0246, 9.1071 ], [ -80.0249, 9.1069 ], [ -80.0253, 9.1084 ] ] ], [ [ [ -79.9842, 9.2946 ], [ -79.972, 9.2952 ], [ -79.9664, 9.2811 ], [ -79.9634, 9.2773 ], [ -79.9652, 9.2756 ], [ -79.9645, 9.2746 ], [ -79.9608, 9.282 ], [ -79.9596, 9.2809 ], [ -79.9584, 9.2803 ], [ -79.9471, 9.2785 ], [ -79.9583, 9.2805 ], [ -79.9595, 9.2827 ], [ -79.9494, 9.2818 ], [ -79.9437, 9.2834 ], [ -79.9388, 9.2684 ], [ -79.9421, 9.2655 ], [ -79.9301, 9.2613 ], [ -79.9365, 9.2572 ], [ -79.9426, 9.2594 ], [ -79.9405, 9.2537 ], [ -79.9496, 9.2371 ], [ -79.9424, 9.2406 ], [ -79.942, 9.2339 ], [ -79.9462, 9.2328 ], [ -79.9387, 9.2317 ], [ -79.9469, 9.2281 ], [ -79.9447, 9.223 ], [ -79.954, 9.2164 ], [ -79.9605, 9.1967 ], [ -79.9535, 9.1908 ], [ -79.959, 9.1762 ], [ -79.9622, 9.1771 ], [ -79.9581, 9.1706 ], [ -79.9629, 9.1573 ], [ -79.9575, 9.1571 ], [ -79.9597, 9.1437 ], [ -79.9618, 9.1465 ], [ -79.9637, 9.1457 ], [ -79.9614, 9.1395 ], [ -79.9653, 9.1407 ], [ -79.9632, 9.1354 ], [ -79.9669, 9.1354 ], [ -79.9616, 9.1291 ], [ -79.967, 9.1297 ], [ -79.9713, 9.1209 ], [ -79.9714, 9.1293 ], [ -79.9791, 9.1217 ], [ -79.9826, 9.1292 ], [ -79.9754, 9.1316 ], [ -79.9838, 9.1332 ], [ -79.9829, 9.1178 ], [ -79.9867, 9.1241 ], [ -79.9864, 9.1213 ], [ -79.9895, 9.1257 ], [ -79.991, 9.1237 ], [ -79.9852, 9.1128 ], [ -79.9963, 9.1197 ], [ -79.9907, 9.1122 ], [ -79.9951, 9.1154 ], [ -79.9963, 9.1098 ], [ -79.9974, 9.1151 ], [ -79.9994, 9.1088 ], [ -80.0006, 9.1164 ], [ -80.0057, 9.1143 ], [ -80.0033, 9.1194 ], [ -80.0076, 9.1227 ], [ -80.0079, 9.1166 ], [ -80.0115, 9.1189 ], [ -80.0183, 9.1162 ], [ -80.0087, 9.115 ], [ -80.0048, 9.1097 ], [ -80.0111, 9.1126 ], [ -80.0096, 9.1016 ], [ -80.0136, 9.1132 ], [ -80.0168, 9.1144 ], [ -80.0148, 9.107 ], [ -80.0172, 9.111 ], [ -80.0215, 9.1134 ], [ -80.0182, 9.1088 ], [ -80.0237, 9.1106 ], [ -80.0212, 9.1059 ], [ -80.0221, 9.1042 ], [ -80.0251, 9.1103 ], [ -80.0274, 9.1086 ], [ -80.0267, 9.1074 ], [ -80.0284, 9.1074 ], [ -80.0293, 9.1043 ], [ -80.0278, 9.1037 ], [ -80.0271, 9.099 ], [ -80.0308, 9.1069 ], [ -80.0344, 9.1048 ], [ -80.0325, 9.1039 ], [ -80.0319, 9.1022 ], [ -80.0346, 9.1036 ], [ -80.0325, 9.1012 ], [ -80.0334, 9.0966 ], [ -80.0366, 9.1042 ], [ -80.04, 9.098 ], [ -80.0428, 9.1041 ], [ -80.0451, 9.1013 ], [ -80.0378, 9.0906 ], [ -80.0454, 9.095 ], [ -80.0438, 9.0909 ], [ -80.0476, 9.09 ], [ -80.0389, 9.0881 ], [ -80.037, 9.0834 ], [ -80.0448, 9.0872 ], [ -80.0393, 9.0826 ], [ -80.0443, 9.0833 ], [ -80.0435, 9.0765 ], [ -80.0464, 9.0854 ], [ -80.047, 9.0787 ], [ -80.0534, 9.0848 ], [ -80.0455, 9.0739 ], [ -80.0512, 9.0753 ], [ -80.047, 9.073 ], [ -80.0512, 9.0724 ], [ -80.0464, 9.07 ], [ -80.052, 9.0711 ], [ -80.055, 9.0753 ], [ -80.0582, 9.0751 ], [ -80.0486, 9.0677 ], [ -80.0565, 9.0657 ], [ -80.0489, 9.065 ], [ -80.0472, 9.0594 ], [ -80.0499, 9.0619 ], [ -80.0513, 9.0596 ], [ -80.0443, 9.0565 ], [ -80.0493, 9.0555 ], [ -80.0533, 9.0611 ], [ -80.0605, 9.0651 ], [ -80.0557, 9.0613 ], [ -80.0599, 9.0599 ], [ -80.0548, 9.0603 ], [ -80.0532, 9.0564 ], [ -80.0614, 9.058 ], [ -80.0642, 9.0605 ], [ -80.068, 9.0611 ], [ -80.07, 9.063 ], [ -80.0709, 9.0628 ], [ -80.0655, 9.0578 ], [ -80.0563, 9.0549 ], [ -80.0674, 9.0559 ], [ -80.0638, 9.0472 ], [ -80.0744, 9.0508 ], [ -80.0689, 9.0439 ], [ -80.0728, 9.0432 ], [ -80.0754, 9.049 ], [ -80.0755, 9.0421 ], [ -80.0784, 9.0458 ], [ -80.0781, 9.0417 ], [ -80.0828, 9.0413 ], [ -80.0738, 9.0372 ], [ -80.0781, 9.0371 ], [ -80.0785, 9.0326 ], [ -80.0761, 9.0354 ], [ -80.0743, 9.0348 ], [ -80.0777, 9.0319 ], [ -80.0801, 9.0329 ], [ -80.0795, 9.0361 ], [ -80.08, 9.0371 ], [ -80.081, 9.0329 ], [ -80.0852, 9.0349 ], [ -80.0857, 9.0394 ], [ -80.09, 9.04 ], [ -80.0924, 9.0367 ], [ -80.0874, 9.0351 ], [ -80.0919, 9.0357 ], [ -80.0913, 9.0294 ], [ -80.087, 9.034 ], [ -80.0803, 9.0314 ], [ -80.0801, 9.0282 ], [ -80.0841, 9.0293 ], [ -80.08, 9.0255 ], [ -80.0873, 9.0252 ], [ -80.0832, 9.0214 ], [ -80.0874, 9.0211 ], [ -80.0878, 9.0184 ], [ -80.0838, 9.0193 ], [ -80.0841, 9.0139 ], [ -80.081, 9.0128 ], [ -80.083, 9.0178 ], [ -80.0797, 9.0214 ], [ -80.0773, 9.0179 ], [ -80.0751, 9.0165 ], [ -80.0768, 9.0116 ], [ -80.074, 9.0164 ], [ -80.0794, 9.024 ], [ -80.0785, 9.0255 ], [ -80.0767, 9.0245 ], [ -80.0711, 9.0269 ], [ -80.078, 9.0262 ], [ -80.0721, 9.033 ], [ -80.068, 9.0296 ], [ -80.0672, 9.0335 ], [ -80.0642, 9.0292 ], [ -80.0675, 9.0266 ], [ -80.0648, 9.0251 ], [ -80.0566, 9.0274 ], [ -80.0639, 9.0354 ], [ -80.0584, 9.035 ], [ -80.0628, 9.0392 ], [ -80.0583, 9.0393 ], [ -80.0589, 9.0436 ], [ -80.0539, 9.0387 ], [ -80.054, 9.0432 ], [ -80.0528, 9.0412 ], [ -80.05, 9.0408 ], [ -80.0552, 9.0377 ], [ -80.0497, 9.0345 ], [ -80.0515, 9.0281 ], [ -80.0507, 9.0298 ], [ -80.0465, 9.031 ], [ -80.0486, 9.0245 ], [ -80.0531, 9.0241 ], [ -80.0478, 9.0237 ], [ -80.0498, 9.0191 ], [ -80.0464, 9.0223 ], [ -80.0478, 9.0252 ], [ -80.0393, 9.0292 ], [ -80.0439, 9.024 ], [ -80.0415, 9.0201 ], [ -80.0473, 9.016 ], [ -80.0425, 9.0116 ], [ -80.0451, 9.0073 ], [ -80.0389, 9.0038 ], [ -80.042, 9.0019 ], [ -80.0431, 8.9922 ], [ -80.0395, 8.9869 ], [ -80.0417, 8.986 ], [ -80.0444, 8.984 ], [ -80.0454, 8.9792 ], [ -80.0441, 8.9839 ], [ -80.0407, 8.986 ], [ -80.0421, 8.9845 ], [ -80.0409, 8.9844 ], [ -80.0406, 8.9777 ], [ -80.0395, 8.9748 ], [ -80.0384, 8.9742 ], [ -80.0377, 8.9858 ], [ -80.0414, 8.9947 ], [ -80.0375, 9.003 ], [ -80.0388, 9.0103 ], [ -80.0427, 9.0158 ], [ -80.0385, 9.0163 ], [ -80.0372, 9.0228 ], [ -80.0367, 9.0166 ], [ -80.031, 9.0135 ], [ -80.0341, 9.0179 ], [ -80.028, 9.0185 ], [ -80.028, 9.0265 ], [ -80.0413, 9.0402 ], [ -80.0411, 9.0485 ], [ -80.0369, 9.0417 ], [ -80.0369, 9.0486 ], [ -80.0323, 9.0485 ], [ -80.0303, 9.0418 ], [ -80.0323, 9.0412 ], [ -80.034, 9.0382 ], [ -80.0258, 9.0428 ], [ -80.0287, 9.0343 ], [ -80.0248, 9.0411 ], [ -80.021, 9.0376 ], [ -80.0255, 9.032 ], [ -80.0201, 9.037 ], [ -80.0178, 9.0309 ], [ -80.0203, 9.0311 ], [ -80.0226, 9.0294 ], [ -80.0156, 9.0305 ], [ -80.0188, 9.0279 ], [ -80.0153, 9.0223 ], [ -80.0251, 9.0234 ], [ -80.0196, 9.0195 ], [ -80.0223, 9.0196 ], [ -80.0206, 9.0169 ], [ -80.0264, 9.0158 ], [ -80.0263, 9.015 ], [ -80.0205, 9.0161 ], [ -80.0228, 9.0125 ], [ -80.0225, 9.0118 ], [ -80.02, 9.0105 ], [ -80.0224, 9.0124 ], [ -80.0165, 9.0197 ], [ -80.0166, 9.0152 ], [ -80.0071, 9.0079 ], [ -80.0155, 9.0175 ], [ -80.0108, 9.0212 ], [ -80.0198, 9.0392 ], [ -80.0155, 9.0422 ], [ -80.0177, 9.0468 ], [ -80.0212, 9.04 ], [ -80.0214, 9.0456 ], [ -80.0255, 9.0462 ], [ -80.0225, 9.0504 ], [ -80.0274, 9.0443 ], [ -80.0306, 9.0474 ], [ -80.0255, 9.0501 ], [ -80.0251, 9.0516 ], [ -80.0299, 9.0495 ], [ -80.0317, 9.0536 ], [ -80.0323, 9.0502 ], [ -80.0334, 9.0535 ], [ -80.0366, 9.0514 ], [ -80.0348, 9.0551 ], [ -80.0352, 9.0563 ], [ -80.0394, 9.0548 ], [ -80.0349, 9.0585 ], [ -80.0398, 9.0639 ], [ -80.0345, 9.0637 ], [ -80.0364, 9.0719 ], [ -80.0323, 9.0677 ], [ -80.034, 9.0728 ], [ -80.0297, 9.0719 ], [ -80.0327, 9.0753 ], [ -80.0297, 9.0796 ], [ -80.031, 9.076 ], [ -80.0304, 9.0742 ], [ -80.0279, 9.0724 ], [ -80.0276, 9.0774 ], [ -80.0239, 9.0724 ], [ -80.0203, 9.0737 ], [ -80.0304, 9.0694 ], [ -80.0339, 9.0623 ], [ -80.0321, 9.0569 ], [ -80.0286, 9.0687 ], [ -80.026, 9.0659 ], [ -80.0234, 9.0687 ], [ -80.0231, 9.064 ], [ -80.0196, 9.0714 ], [ -80.0184, 9.0667 ], [ -80.0165, 9.0729 ], [ -80.015, 9.0702 ], [ -80.0135, 9.0699 ], [ -80.0153, 9.0747 ], [ -80.0106, 9.0755 ], [ -80.0191, 9.0788 ], [ -80.015, 9.0802 ], [ -80.0183, 9.0817 ], [ -80.0162, 9.0856 ], [ -80.0172, 9.0825 ], [ -80.0121, 9.0813 ], [ -80.0111, 9.0846 ], [ -80.007, 9.0826 ], [ -80.0065, 9.0881 ], [ -80.0056, 9.0846 ], [ -79.9976, 9.0843 ], [ -79.9994, 9.0892 ], [ -79.9956, 9.0849 ], [ -79.9935, 9.0906 ], [ -79.9881, 9.0895 ], [ -79.9867, 9.087 ], [ -79.992, 9.0869 ], [ -79.9898, 9.0824 ], [ -79.9928, 9.0859 ], [ -79.9935, 9.0853 ], [ -79.9918, 9.0806 ], [ -79.9956, 9.0841 ], [ -79.9969, 9.0788 ], [ -80.0024, 9.0839 ], [ -80.003, 9.0787 ], [ -80.0068, 9.0819 ], [ -80.0078, 9.0777 ], [ -80.0121, 9.0798 ], [ -80.0043, 9.0753 ], [ -80.0084, 9.0753 ], [ -80.0072, 9.0692 ], [ -80.0111, 9.0713 ], [ -80.0084, 9.0668 ], [ -80.013, 9.0693 ], [ -80.0125, 9.066 ], [ -80.015, 9.0679 ], [ -80.0221, 9.0575 ], [ -80.0164, 9.0613 ], [ -80.0192, 9.0565 ], [ -80.0165, 9.0554 ], [ -80.0147, 9.0629 ], [ -80.0082, 9.0647 ], [ -80.0137, 9.0564 ], [ -80.0077, 9.0552 ], [ -80.0132, 9.0494 ], [ -80.0077, 9.0521 ], [ -80.0107, 9.0457 ], [ -80.0087, 9.0436 ], [ -80.0036, 9.0573 ], [ -80.0047, 9.048 ], [ -80.0, 9.046 ], [ -80.0049, 9.0464 ], [ -80.0027, 9.0427 ], [ -80.0063, 9.045 ], [ -80.0036, 9.0406 ], [ -80.0078, 9.0397 ], [ -80.0087, 9.0378 ], [ -80.0021, 9.038 ], [ -80.0059, 9.0357 ], [ -80.0035, 9.0324 ], [ -80.0081, 9.0314 ], [ -80.0036, 9.0309 ], [ -80.0077, 9.0265 ], [ -80.0059, 9.0249 ], [ -80.0029, 9.0291 ], [ -80.0003, 9.0266 ], [ -80.0025, 9.0189 ], [ -79.999, 9.0203 ], [ -80.0009, 9.0235 ], [ -79.9991, 9.0243 ], [ -80.0021, 9.0324 ], [ -79.9983, 9.0331 ], [ -80.0021, 9.0407 ], [ -79.9991, 9.0433 ], [ -79.9993, 9.0404 ], [ -79.9961, 9.0369 ], [ -79.9978, 9.0466 ], [ -79.9949, 9.044 ], [ -79.9945, 9.0477 ], [ -79.9922, 9.0482 ], [ -79.9941, 9.0425 ], [ -79.9905, 9.04 ], [ -79.9943, 9.0397 ], [ -79.9899, 9.039 ], [ -79.9916, 9.0364 ], [ -79.9869, 9.0393 ], [ -79.988, 9.0349 ], [ -79.9931, 9.0347 ], [ -79.9906, 9.0328 ], [ -79.9943, 9.0311 ], [ -79.9904, 9.0301 ], [ -79.9942, 9.0288 ], [ -79.9909, 9.0264 ], [ -79.9938, 9.0216 ], [ -79.9902, 9.0245 ], [ -79.9896, 9.0289 ], [ -79.9876, 9.0241 ], [ -79.9909, 9.0206 ], [ -79.988, 9.0195 ], [ -79.9938, 9.0175 ], [ -79.9897, 9.0173 ], [ -79.9908, 9.0142 ], [ -79.9883, 9.0178 ], [ -79.984, 9.0157 ], [ -79.9841, 9.0111 ], [ -79.9876, 9.0078 ], [ -79.987, 9.0067 ], [ -79.9806, 9.007 ], [ -79.983, 9.0123 ], [ -79.9798, 9.0138 ], [ -79.9859, 9.0202 ], [ -79.9797, 9.0183 ], [ -79.9781, 9.0237 ], [ -79.985, 9.0229 ], [ -79.9828, 9.0265 ], [ -79.9866, 9.0294 ], [ -79.9833, 9.0281 ], [ -79.9812, 9.0295 ], [ -79.9873, 9.0318 ], [ -79.9825, 9.0379 ], [ -79.986, 9.0437 ], [ -79.9813, 9.0437 ], [ -79.9835, 9.0477 ], [ -79.9743, 9.055 ], [ -79.9764, 9.0495 ], [ -79.9706, 9.0463 ], [ -79.9789, 9.0331 ], [ -79.9755, 9.0332 ], [ -79.9774, 9.028 ], [ -79.9746, 9.0266 ], [ -79.9724, 9.0379 ], [ -79.9665, 9.034 ], [ -79.9676, 9.0426 ], [ -79.9627, 9.0398 ], [ -79.9598, 9.0265 ], [ -79.9652, 9.0306 ], [ -79.967, 9.0276 ], [ -79.9689, 9.032 ], [ -79.9683, 9.0265 ], [ -79.9649, 9.0231 ], [ -79.9695, 9.0244 ], [ -79.9691, 9.0206 ], [ -79.9732, 9.0219 ], [ -79.9671, 9.0198 ], [ -79.9731, 9.0187 ], [ -79.9674, 9.0178 ], [ -79.9699, 9.0132 ], [ -79.9668, 9.0135 ], [ -79.9678, 9.0106 ], [ -79.9675, 9.0081 ], [ -79.9665, 9.0078 ], [ -79.9656, 9.0177 ], [ -79.9609, 9.0218 ], [ -79.9644, 9.0007 ], [ -79.9629, 8.9963 ], [ -79.9613, 9.0033 ], [ -79.9592, 8.9997 ], [ -79.9663, 8.9918 ], [ -79.9749, 8.993 ], [ -79.9773, 8.984 ], [ -79.9825, 8.9878 ], [ -79.9835, 8.981 ], [ -79.991, 8.9784 ], [ -79.9876, 8.9729 ], [ -80.0544, 8.9624 ], [ -80.1048, 9.0175 ], [ -80.1008, 9.0212 ], [ -80.1066, 9.0306 ], [ -80.0978, 9.0488 ], [ -80.1092, 9.0632 ], [ -80.1059, 9.0684 ], [ -80.0786, 9.0738 ], [ -80.0689, 9.0788 ], [ -80.0662, 9.0854 ], [ -80.0546, 9.0889 ], [ -80.0554, 9.0966 ], [ -80.0495, 9.1001 ], [ -80.0509, 9.1075 ], [ -80.0439, 9.1119 ], [ -80.0356, 9.1496 ], [ -80.0244, 9.1689 ], [ -80.0367, 9.1825 ], [ -80.0338, 9.1875 ], [ -80.0222, 9.196 ], [ -80.0198, 9.1912 ], [ -80.0113, 9.1902 ], [ -80.0186, 9.1808 ], [ -80.0109, 9.1702 ], [ -79.9865, 9.174 ], [ -79.9971, 9.21 ], [ -79.9959, 9.2813 ], [ -80.013, 9.2927 ], [ -80.0213, 9.2818 ], [ -80.0313, 9.2859 ], [ -80.0368, 9.2784 ], [ -80.0451, 9.2859 ], [ -80.024, 9.3006 ], [ -80.0182, 9.3129 ], [ -80.0017, 9.3185 ], [ -79.9842, 9.2946 ] ], [ [ -80.0482, 8.9764 ], [ -80.0506, 8.9749 ], [ -80.0481, 8.9762 ], [ -80.0468, 8.978 ], [ -80.0482, 8.9764 ] ] ], [ [ [ -79.9633, 9.0015 ], [ -79.9627, 9.0019 ], [ -79.9631, 9.0014 ], [ -79.9633, 9.0015 ] ] ], [ [ [ -79.9598, 9.0108 ], [ -79.9608, 9.0112 ], [ -79.9605, 9.0113 ], [ -79.9598, 9.0108 ] ] ], [ [ [ -80.0149, 9.0201 ], [ -80.0149, 9.0196 ], [ -80.0163, 9.0197 ], [ -80.0149, 9.0201 ] ] ], [ [ [ -79.9602, 9.0242 ], [ -79.96, 9.0241 ], [ -79.9612, 9.0221 ], [ -79.9602, 9.0242 ] ] ], [ [ [ -79.9635, 9.0251 ], [ -79.9642, 9.0252 ], [ -79.9642, 9.0256 ], [ -79.9635, 9.0251 ] ] ], [ [ [ -79.958, 9.0353 ], [ -79.9583, 9.0356 ], [ -79.9551, 9.0379 ], [ -79.958, 9.0353 ] ] ], [ [ [ -79.9597, 9.0364 ], [ -79.9602, 9.0367 ], [ -79.9599, 9.0373 ], [ -79.9597, 9.0364 ] ] ], [ [ [ -79.9571, 9.0388 ], [ -79.9566, 9.0388 ], [ -79.9575, 9.0369 ], [ -79.9571, 9.0388 ] ] ], [ [ [ -79.9702, 9.0405 ], [ -79.9705, 9.0396 ], [ -79.9712, 9.0401 ], [ -79.9702, 9.0405 ] ] ], [ [ [ -79.9624, 9.0399 ], [ -79.9624, 9.042 ], [ -79.9615, 9.0421 ], [ -79.9624, 9.0399 ] ] ], [ [ [ -79.9658, 9.0508 ], [ -79.9622, 9.0524 ], [ -79.9642, 9.0514 ], [ -79.9661, 9.0463 ], [ -79.9678, 9.0543 ], [ -79.9658, 9.0508 ] ] ], [ [ [ -79.9623, 9.0509 ], [ -79.9624, 9.0507 ], [ -79.9631, 9.0509 ], [ -79.9623, 9.0509 ] ] ], [ [ [ -79.9784, 9.0547 ], [ -79.9778, 9.0539 ], [ -79.9788, 9.0543 ], [ -79.9784, 9.0547 ] ] ], [ [ [ -79.9879, 9.0504 ], [ -79.9931, 9.0488 ], [ -79.9905, 9.06 ], [ -79.9879, 9.0504 ] ] ], [ [ [ -79.9865, 9.0558 ], [ -79.9872, 9.0562 ], [ -79.9869, 9.0565 ], [ -79.9865, 9.0558 ] ] ], [ [ [ -79.9792, 9.0564 ], [ -79.9799, 9.0566 ], [ -79.9797, 9.057 ], [ -79.9792, 9.0564 ] ] ], [ [ [ -79.973, 9.06 ], [ -79.9708, 9.0609 ], [ -79.9708, 9.0593 ], [ -79.973, 9.06 ] ] ], [ [ [ -79.9979, 9.0598 ], [ -79.9987, 9.0593 ], [ -79.9988, 9.0596 ], [ -79.9979, 9.0598 ] ] ], [ [ [ -79.9876, 9.0627 ], [ -79.9872, 9.0631 ], [ -79.9871, 9.0619 ], [ -79.9876, 9.0627 ] ] ], [ [ [ -79.9706, 9.0647 ], [ -79.9683, 9.0648 ], [ -79.9682, 9.0636 ], [ -79.9706, 9.0647 ] ] ], [ [ [ -79.9863, 9.0636 ], [ -79.9863, 9.0633 ], [ -79.987, 9.0634 ], [ -79.9863, 9.0636 ] ] ], [ [ [ -79.9947, 9.0702 ], [ -79.9983, 9.0707 ], [ -80.0018, 9.0557 ], [ -80.0036, 9.0573 ], [ -80.0076, 9.061 ], [ -80.0055, 9.0646 ], [ -80.0044, 9.0646 ], [ -80.0039, 9.0616 ], [ -80.0031, 9.0613 ], [ -80.0053, 9.068 ], [ -80.0001, 9.0662 ], [ -80.0043, 9.069 ], [ -80.0043, 9.0723 ], [ -80.0027, 9.069 ], [ -80.0019, 9.0741 ], [ -79.9947, 9.0702 ] ] ], [ [ [ -79.9966, 9.0667 ], [ -79.9963, 9.0651 ], [ -79.9972, 9.0656 ], [ -79.9966, 9.0667 ] ] ], [ [ [ -79.9937, 9.0687 ], [ -79.9941, 9.068 ], [ -79.9948, 9.0688 ], [ -79.9937, 9.0687 ] ] ], [ [ [ -79.9946, 9.0741 ], [ -79.9935, 9.0737 ], [ -79.9934, 9.0715 ], [ -79.9946, 9.0741 ] ] ], [ [ [ -79.9925, 9.0735 ], [ -79.9933, 9.0738 ], [ -79.9928, 9.0744 ], [ -79.9925, 9.0735 ] ] ], [ [ [ -79.9997, 9.0747 ], [ -79.9975, 9.0758 ], [ -79.9975, 9.074 ], [ -79.9997, 9.0747 ] ] ], [ [ [ -79.9834, 9.0782 ], [ -79.9837, 9.0781 ], [ -79.984, 9.0787 ], [ -79.9834, 9.0782 ] ] ], [ [ [ -79.9947, 9.0816 ], [ -79.9947, 9.0808 ], [ -79.9952, 9.0814 ], [ -79.9947, 9.0816 ] ] ], [ [ [ -79.9847, 9.0852 ], [ -79.9847, 9.0841 ], [ -79.9855, 9.0844 ], [ -79.9847, 9.0852 ] ] ], [ [ [ -79.9834, 9.0866 ], [ -79.9828, 9.0861 ], [ -79.9842, 9.0865 ], [ -79.9834, 9.0866 ] ] ], [ [ [ -80.0111, 9.0879 ], [ -80.0113, 9.0854 ], [ -80.0118, 9.0857 ], [ -80.0111, 9.0879 ] ] ], [ [ [ -80.0036, 9.0876 ], [ -80.0023, 9.0875 ], [ -80.0025, 9.0873 ], [ -80.0036, 9.0876 ] ] ], [ [ [ -79.9886, 9.0921 ], [ -79.9861, 9.091 ], [ -79.9867, 9.0903 ], [ -79.9886, 9.0921 ] ] ], [ [ [ -80.0135, 9.0925 ], [ -80.0155, 9.0978 ], [ -80.0144, 9.0979 ], [ -80.0135, 9.0925 ] ] ], [ [ [ -79.995, 9.0984 ], [ -79.9953, 9.0975 ], [ -79.9958, 9.0977 ], [ -79.995, 9.0984 ] ] ], [ [ [ -80.0133, 9.1011 ], [ -80.014, 9.1004 ], [ -80.0142, 9.1009 ], [ -80.0133, 9.1011 ] ] ], [ [ [ -79.9979, 9.1015 ], [ -79.9985, 9.1019 ], [ -79.9983, 9.1025 ], [ -79.9979, 9.1015 ] ] ], [ [ [ -80.0166, 9.1012 ], [ -80.0174, 9.1041 ], [ -80.0153, 9.1034 ], [ -80.0166, 9.1012 ] ] ], [ [ [ -79.9934, 9.1059 ], [ -79.993, 9.1076 ], [ -79.9916, 9.1071 ], [ -79.9934, 9.1059 ] ] ], [ [ [ -80.0003, 9.1071 ], [ -80.0007, 9.1087 ], [ -79.998, 9.1073 ], [ -80.0003, 9.1071 ] ] ], [ [ [ -79.9892, 9.1065 ], [ -79.9919, 9.1084 ], [ -79.9893, 9.112 ], [ -79.9892, 9.1065 ] ] ], [ [ [ -80.0036, 9.1124 ], [ -80.0036, 9.112 ], [ -80.0043, 9.1125 ], [ -80.0036, 9.1124 ] ] ], [ [ [ -79.9777, 9.1135 ], [ -79.9782, 9.1136 ], [ -79.9781, 9.1145 ], [ -79.9777, 9.1135 ] ] ], [ [ [ -79.9773, 9.1151 ], [ -79.9778, 9.1158 ], [ -79.9774, 9.1158 ], [ -79.9773, 9.1151 ] ] ], [ [ [ -79.9781, 9.1164 ], [ -79.9792, 9.116 ], [ -79.9793, 9.1168 ], [ -79.9781, 9.1164 ] ] ], [ [ [ -79.9795, 9.1189 ], [ -79.978, 9.1207 ], [ -79.9768, 9.1195 ], [ -79.9795, 9.1189 ] ] ], [ [ [ -79.9664, 9.1232 ], [ -79.9669, 9.1225 ], [ -79.9672, 9.1232 ], [ -79.9664, 9.1232 ] ] ], [ [ [ -79.9602, 9.1389 ], [ -79.9592, 9.1385 ], [ -79.9601, 9.1381 ], [ -79.9602, 9.1389 ] ] ], [ [ [ -79.9436, 9.2255 ], [ -79.9444, 9.2254 ], [ -79.9442, 9.226 ], [ -79.9436, 9.2255 ] ] ], [ [ [ -79.9797, 9.3613 ], [ -79.9795, 9.3616 ], [ -79.9793, 9.3615 ], [ -79.9797, 9.3613 ] ] ], [ [ [ -79.9786, 9.3625 ], [ -79.9788, 9.3622 ], [ -79.9791, 9.3623 ], [ -79.9786, 9.3625 ] ] ], [ [ [ -79.9428, 9.1792 ], [ -79.9429, 9.1787 ], [ -79.9437, 9.179 ], [ -79.9428, 9.1792 ] ] ], [ [ [ -79.9379, 9.1763 ], [ -79.9423, 9.1767 ], [ -79.9391, 9.1785 ], [ -79.9409, 9.1826 ], [ -79.9379, 9.1763 ] ] ], [ [ [ -79.932, 9.1895 ], [ -79.9348, 9.1913 ], [ -79.933, 9.1931 ], [ -79.932, 9.1895 ] ] ], [ [ [ -79.9267, 9.1958 ], [ -79.9268, 9.1957 ], [ -79.9271, 9.1965 ], [ -79.9267, 9.1958 ] ] ], [ [ [ -79.93, 9.1989 ], [ -79.9277, 9.1958 ], [ -79.9322, 9.1939 ], [ -79.9288, 9.1965 ], [ -79.9352, 9.197 ], [ -79.93, 9.1989 ] ] ], [ [ [ -79.9002, 9.2063 ], [ -79.9002, 9.2058 ], [ -79.9012, 9.2061 ], [ -79.9002, 9.2063 ] ] ], [ [ [ -79.8991, 9.2069 ], [ -79.9001, 9.2069 ], [ -79.9, 9.2074 ], [ -79.8991, 9.2069 ] ] ], [ [ [ -79.9076, 9.2061 ], [ -79.9102, 9.2093 ], [ -79.9065, 9.2086 ], [ -79.9043, 9.2093 ], [ -79.9076, 9.2061 ] ] ], [ [ [ -79.8934, 9.2077 ], [ -79.8939, 9.2078 ], [ -79.8939, 9.2083 ], [ -79.8934, 9.2077 ] ] ], [ [ [ -79.9001, 9.2086 ], [ -79.9009, 9.2086 ], [ -79.9007, 9.209 ], [ -79.9001, 9.2086 ] ] ], [ [ [ -79.8881, 9.21 ], [ -79.8869, 9.2095 ], [ -79.8876, 9.2081 ], [ -79.8881, 9.21 ] ] ], [ [ [ -79.8999, 9.2098 ], [ -79.9002, 9.2093 ], [ -79.9009, 9.2103 ], [ -79.8999, 9.2098 ] ] ], [ [ [ -79.8835, 9.2101 ], [ -79.8835, 9.2083 ], [ -79.8855, 9.2086 ], [ -79.8869, 9.211 ], [ -79.8835, 9.2101 ] ] ], [ [ [ -79.9114, 9.2083 ], [ -79.9174, 9.2123 ], [ -79.9144, 9.2108 ], [ -79.9114, 9.2083 ] ] ], [ [ [ -79.9113, 9.2108 ], [ -79.9108, 9.2109 ], [ -79.9101, 9.21 ], [ -79.9113, 9.2108 ] ] ], [ [ [ -79.9066, 9.2089 ], [ -79.9074, 9.2094 ], [ -79.9057, 9.2123 ], [ -79.9066, 9.2089 ] ] ], [ [ [ -79.8901, 9.2097 ], [ -79.8941, 9.2105 ], [ -79.8932, 9.2126 ], [ -79.8901, 9.2097 ] ] ], [ [ [ -79.8956, 9.2105 ], [ -79.8996, 9.2115 ], [ -79.8965, 9.2118 ], [ -79.8956, 9.2105 ] ] ], [ [ [ -79.8943, 9.2087 ], [ -79.8988, 9.2083 ], [ -79.8956, 9.2105 ], [ -79.8943, 9.2087 ] ] ], [ [ [ -79.9148, 9.212 ], [ -79.9156, 9.2121 ], [ -79.9153, 9.2126 ], [ -79.9148, 9.212 ] ] ], [ [ [ -79.8925, 9.2134 ], [ -79.8935, 9.2129 ], [ -79.8936, 9.2132 ], [ -79.8925, 9.2134 ] ] ], [ [ [ -79.9127, 9.2133 ], [ -79.9178, 9.2153 ], [ -79.9161, 9.2154 ], [ -79.9127, 9.2133 ] ] ], [ [ [ -79.9058, 9.2158 ], [ -79.9058, 9.2154 ], [ -79.9073, 9.2162 ], [ -79.9058, 9.2158 ] ] ], [ [ [ -79.9091, 9.2177 ], [ -79.907, 9.2146 ], [ -79.9113, 9.2132 ], [ -79.9187, 9.2205 ], [ -79.9091, 9.2177 ] ] ], [ [ [ -79.9191, 9.2208 ], [ -79.9193, 9.22 ], [ -79.9204, 9.2205 ], [ -79.9191, 9.2208 ] ] ], [ [ [ -79.9205, 9.2219 ], [ -79.9217, 9.2214 ], [ -79.9221, 9.2236 ], [ -79.9205, 9.2219 ] ] ], [ [ [ -79.9017, 9.2231 ], [ -79.9001, 9.224 ], [ -79.9009, 9.2218 ], [ -79.9017, 9.2217 ], [ -79.9017, 9.2231 ] ] ], [ [ [ -79.8779, 9.2244 ], [ -79.8775, 9.2243 ], [ -79.8777, 9.2236 ], [ -79.8779, 9.2244 ] ] ], [ [ [ -79.9177, 9.2258 ], [ -79.9182, 9.2275 ], [ -79.9169, 9.2275 ], [ -79.9177, 9.2258 ] ] ], [ [ [ -79.8785, 9.2269 ], [ -79.8798, 9.2268 ], [ -79.8811, 9.2282 ], [ -79.8785, 9.2269 ] ] ], [ [ [ -79.8975, 9.2283 ], [ -79.8973, 9.2271 ], [ -79.8978, 9.2272 ], [ -79.8975, 9.2283 ] ] ], [ [ [ -79.9176, 9.2286 ], [ -79.9175, 9.2279 ], [ -79.9185, 9.2278 ], [ -79.9176, 9.2286 ] ] ], [ [ [ -79.8921, 9.2239 ], [ -79.8976, 9.2297 ], [ -79.8919, 9.2271 ], [ -79.8938, 9.2318 ], [ -79.8883, 9.2305 ], [ -79.8921, 9.2239 ] ] ], [ [ [ -79.8852, 9.2303 ], [ -79.885, 9.23 ], [ -79.8857, 9.2299 ], [ -79.8852, 9.2303 ] ] ], [ [ [ -79.9057, 9.2312 ], [ -79.9052, 9.2298 ], [ -79.9066, 9.2303 ], [ -79.9057, 9.2312 ] ] ], [ [ [ -79.9084, 9.2295 ], [ -79.9173, 9.2279 ], [ -79.9169, 9.2313 ], [ -79.9128, 9.2294 ], [ -79.9155, 9.2324 ], [ -79.9076, 9.2345 ], [ -79.9084, 9.2295 ] ] ], [ [ [ -79.9062, 9.2321 ], [ -79.9058, 9.2315 ], [ -79.9066, 9.2315 ], [ -79.9062, 9.2321 ] ] ], [ [ [ -79.8864, 9.2314 ], [ -79.8882, 9.2339 ], [ -79.8864, 9.2348 ], [ -79.8864, 9.2314 ] ] ], [ [ [ -79.9139, 9.2329 ], [ -79.9143, 9.2332 ], [ -79.9139, 9.2336 ], [ -79.9139, 9.2329 ] ] ], [ [ [ -79.9145, 9.2332 ], [ -79.9148, 9.2332 ], [ -79.915, 9.2341 ], [ -79.9145, 9.2332 ] ] ], [ [ [ -79.9146, 9.2353 ], [ -79.9174, 9.2364 ], [ -79.9161, 9.237 ], [ -79.9146, 9.2353 ] ] ], [ [ [ -79.9107, 9.2346 ], [ -79.9138, 9.238 ], [ -79.9114, 9.2394 ], [ -79.9107, 9.2346 ] ] ], [ [ [ -79.9029, 9.2372 ], [ -79.8959, 9.2396 ], [ -79.9051, 9.2315 ], [ -79.9073, 9.2387 ], [ -79.902, 9.2421 ], [ -79.9062, 9.243 ], [ -79.9012, 9.2428 ], [ -79.9029, 9.2372 ] ] ], [ [ [ -79.91, 9.2393 ], [ -79.9099, 9.2397 ], [ -79.9084, 9.2394 ], [ -79.91, 9.2393 ] ] ], [ [ [ -79.9346, 9.2365 ], [ -79.9404, 9.2377 ], [ -79.9382, 9.2414 ], [ -79.9371, 9.2385 ], [ -79.9337, 9.241 ], [ -79.9346, 9.2365 ] ] ], [ [ [ -79.876, 9.2406 ], [ -79.8756, 9.2401 ], [ -79.8774, 9.2398 ], [ -79.876, 9.2406 ] ] ], [ [ [ -79.9352, 9.2429 ], [ -79.9356, 9.2432 ], [ -79.935, 9.2437 ], [ -79.9352, 9.2429 ] ] ], [ [ [ -79.9257, 9.2484 ], [ -79.9275, 9.2465 ], [ -79.9309, 9.2515 ], [ -79.9274, 9.2517 ], [ -79.927, 9.2575 ], [ -79.9257, 9.2484 ] ] ], [ [ [ -79.9304, 9.2543 ], [ -79.9309, 9.2526 ], [ -79.9317, 9.253 ], [ -79.9304, 9.2543 ] ] ], [ [ [ -79.9299, 9.256 ], [ -79.9299, 9.2529 ], [ -79.9302, 9.2531 ], [ -79.9299, 9.256 ] ] ], [ [ [ -79.9381, 9.2667 ], [ -79.9382, 9.2681 ], [ -79.9364, 9.2664 ], [ -79.9381, 9.2667 ] ] ], [ [ [ -79.9305, 9.3145 ], [ -79.9297, 9.3146 ], [ -79.9317, 9.3129 ], [ -79.9305, 9.3145 ] ] ], [ [ [ -79.9257, 9.3141 ], [ -79.9275, 9.3134 ], [ -79.9287, 9.3134 ], [ -79.9259, 9.3144 ], [ -79.9257, 9.3141 ] ] ], [ [ [ -79.8415, 9.1872 ], [ -79.8412, 9.1857 ], [ -79.8421, 9.1858 ], [ -79.8415, 9.1872 ] ] ], [ [ [ -79.8378, 9.1858 ], [ -79.8394, 9.1874 ], [ -79.8387, 9.1881 ], [ -79.8355, 9.1877 ], [ -79.8378, 9.1858 ] ] ], [ [ [ -79.8684, 9.1937 ], [ -79.8694, 9.1921 ], [ -79.8696, 9.1929 ], [ -79.8684, 9.1937 ] ] ], [ [ [ -79.8628, 9.1942 ], [ -79.8646, 9.1958 ], [ -79.862, 9.1965 ], [ -79.8628, 9.1942 ] ] ], [ [ [ -79.87, 9.198 ], [ -79.87, 9.1976 ], [ -79.8707, 9.1979 ], [ -79.87, 9.198 ] ] ], [ [ [ -79.86, 9.1971 ], [ -79.8601, 9.1958 ], [ -79.8616, 9.1997 ], [ -79.8571, 9.2016 ], [ -79.86, 9.1971 ] ] ], [ [ [ -79.852, 9.2057 ], [ -79.8498, 9.2061 ], [ -79.8499, 9.2048 ], [ -79.852, 9.2057 ] ] ], [ [ [ -79.8479, 9.2039 ], [ -79.8497, 9.2043 ], [ -79.8472, 9.2069 ], [ -79.8479, 9.2039 ] ] ], [ [ [ -79.8496, 9.2068 ], [ -79.8499, 9.2073 ], [ -79.8485, 9.2072 ], [ -79.8496, 9.2068 ] ] ], [ [ [ -79.8365, 9.215 ], [ -79.8366, 9.2145 ], [ -79.8374, 9.2148 ], [ -79.8365, 9.215 ] ] ], [ [ [ -79.8366, 9.2159 ], [ -79.8352, 9.2163 ], [ -79.8354, 9.2147 ], [ -79.8366, 9.2159 ] ] ], [ [ [ -79.8375, 9.2162 ], [ -79.8382, 9.216 ], [ -79.8382, 9.2165 ], [ -79.8375, 9.2162 ] ] ], [ [ [ -79.8461, 9.2212 ], [ -79.846, 9.2232 ], [ -79.8425, 9.2198 ], [ -79.8437, 9.2168 ], [ -79.8461, 9.2212 ] ] ], [ [ [ -79.8441, 9.2242 ], [ -79.8456, 9.2235 ], [ -79.846, 9.2242 ], [ -79.8441, 9.2242 ] ] ], [ [ [ -79.8495, 9.237 ], [ -79.8468, 9.2392 ], [ -79.8432, 9.2334 ], [ -79.8485, 9.2361 ], [ -79.8575, 9.2274 ], [ -79.8522, 9.2266 ], [ -79.848, 9.2197 ], [ -79.8531, 9.2081 ], [ -79.8578, 9.2116 ], [ -79.8549, 9.2075 ], [ -79.8583, 9.2102 ], [ -79.8613, 9.2062 ], [ -79.8592, 9.2118 ], [ -79.8614, 9.2124 ], [ -79.8672, 9.2019 ], [ -79.8676, 9.2232 ], [ -79.8727, 9.2245 ], [ -79.8708, 9.2319 ], [ -79.8749, 9.2381 ], [ -79.8723, 9.2399 ], [ -79.8694, 9.2341 ], [ -79.8628, 9.2314 ], [ -79.8618, 9.2357 ], [ -79.8558, 9.231 ], [ -79.8594, 9.2389 ], [ -79.854, 9.2433 ], [ -79.8577, 9.2473 ], [ -79.8543, 9.2496 ], [ -79.8495, 9.237 ] ] ], [ [ [ -79.8445, 9.2259 ], [ -79.8446, 9.2257 ], [ -79.8449, 9.226 ], [ -79.8445, 9.2259 ] ] ], [ [ [ -79.8455, 9.227 ], [ -79.8449, 9.227 ], [ -79.8454, 9.226 ], [ -79.8455, 9.227 ] ] ], [ [ [ -79.8439, 9.2282 ], [ -79.8442, 9.2278 ], [ -79.8448, 9.2282 ], [ -79.8439, 9.2282 ] ] ], [ [ [ -79.852, 9.2294 ], [ -79.8525, 9.2283 ], [ -79.8531, 9.2289 ], [ -79.852, 9.2294 ] ] ], [ [ [ -79.8402, 9.235 ], [ -79.8399, 9.2348 ], [ -79.8403, 9.234 ], [ -79.8402, 9.235 ] ] ], [ [ [ -79.8599, 9.2356 ], [ -79.86, 9.2362 ], [ -79.8591, 9.2362 ], [ -79.8599, 9.2356 ] ] ], [ [ [ -79.8658, 9.2342 ], [ -79.8673, 9.237 ], [ -79.8655, 9.2376 ], [ -79.8658, 9.2342 ] ] ], [ [ [ -79.8701, 9.2368 ], [ -79.8704, 9.2376 ], [ -79.8697, 9.2375 ], [ -79.8701, 9.2368 ] ] ], [ [ [ -79.8639, 9.2372 ], [ -79.8645, 9.2375 ], [ -79.8639, 9.2377 ], [ -79.8639, 9.2372 ] ] ], [ [ [ -79.8667, 9.2379 ], [ -79.8685, 9.2368 ], [ -79.8689, 9.2396 ], [ -79.8667, 9.2379 ] ] ], [ [ [ -79.8593, 9.2403 ], [ -79.8606, 9.2382 ], [ -79.8612, 9.2386 ], [ -79.8593, 9.2403 ] ] ], [ [ [ -79.84, 9.2439 ], [ -79.839, 9.2473 ], [ -79.8365, 9.2444 ], [ -79.84, 9.2439 ] ] ], [ [ [ -79.8634, 9.2577 ], [ -79.8635, 9.2574 ], [ -79.8642, 9.2578 ], [ -79.8634, 9.2577 ] ] ], [ [ [ -79.8571, 9.2571 ], [ -79.8624, 9.2568 ], [ -79.8619, 9.2595 ], [ -79.8561, 9.2603 ], [ -79.8571, 9.2571 ] ] ], [ [ [ -79.8561, 9.2635 ], [ -79.8555, 9.261 ], [ -79.8561, 9.2615 ], [ -79.8561, 9.2635 ] ] ], [ [ [ -79.8613, 9.2647 ], [ -79.8616, 9.265 ], [ -79.8611, 9.266 ], [ -79.8613, 9.2647 ] ] ], [ [ [ -79.8581, 9.2647 ], [ -79.8581, 9.2665 ], [ -79.857, 9.2668 ], [ -79.8581, 9.2647 ] ] ], [ [ [ -79.8611, 9.2685 ], [ -79.8603, 9.2672 ], [ -79.8628, 9.2656 ], [ -79.8611, 9.2685 ] ] ], [ [ [ -79.8699, 9.2772 ], [ -79.871, 9.2799 ], [ -79.8695, 9.2806 ], [ -79.8699, 9.2772 ] ] ], [ [ [ -79.865, 9.2832 ], [ -79.864, 9.2786 ], [ -79.8667, 9.2784 ], [ -79.865, 9.2832 ] ] ], [ [ [ -79.8418, 9.2822 ], [ -79.8424, 9.2825 ], [ -79.8419, 9.2828 ], [ -79.8418, 9.2822 ] ] ], [ [ [ -79.838, 9.2837 ], [ -79.8382, 9.2821 ], [ -79.8387, 9.2824 ], [ -79.838, 9.2837 ] ] ], [ [ [ -79.8641, 9.285 ], [ -79.8625, 9.2855 ], [ -79.8633, 9.2843 ], [ -79.8641, 9.285 ] ] ], [ [ [ -79.8607, 9.2908 ], [ -79.8638, 9.2865 ], [ -79.8658, 9.2916 ], [ -79.8607, 9.2908 ] ] ], [ [ [ -79.8697, 9.2919 ], [ -79.8689, 9.2909 ], [ -79.8696, 9.2905 ], [ -79.8697, 9.2919 ] ] ], [ [ [ -79.8311, 9.2978 ], [ -79.8325, 9.2934 ], [ -79.8387, 9.2965 ], [ -79.8396, 9.2846 ], [ -79.8461, 9.2854 ], [ -79.8472, 9.2789 ], [ -79.862, 9.2797 ], [ -79.8607, 9.2846 ], [ -79.8528, 9.2853 ], [ -79.8517, 9.2916 ], [ -79.8475, 9.2912 ], [ -79.8467, 9.2918 ], [ -79.8536, 9.2938 ], [ -79.8542, 9.2894 ], [ -79.8621, 9.2864 ], [ -79.8567, 9.2911 ], [ -79.8606, 9.291 ], [ -79.8581, 9.2954 ], [ -79.861, 9.2973 ], [ -79.8564, 9.2973 ], [ -79.859, 9.3028 ], [ -79.8482, 9.3022 ], [ -79.8489, 9.2991 ], [ -79.8428, 9.2999 ], [ -79.8436, 9.3041 ], [ -79.8311, 9.2978 ] ] ], [ [ [ -79.8615, 9.301 ], [ -79.8651, 9.2966 ], [ -79.8625, 9.2939 ], [ -79.8675, 9.2959 ], [ -79.866, 9.3018 ], [ -79.8615, 9.301 ] ] ], [ [ [ -79.8375, 9.3032 ], [ -79.8375, 9.303 ], [ -79.8389, 9.3031 ], [ -79.8375, 9.3032 ] ] ], [ [ [ -79.8669, 9.3036 ], [ -79.8679, 9.3039 ], [ -79.8675, 9.3041 ], [ -79.8669, 9.3036 ] ] ], [ [ [ -79.864, 9.3042 ], [ -79.8641, 9.3044 ], [ -79.8628, 9.3048 ], [ -79.864, 9.3042 ] ] ], [ [ [ -79.8653, 9.3055 ], [ -79.8661, 9.3054 ], [ -79.8658, 9.3058 ], [ -79.8653, 9.3055 ] ] ], [ [ [ -79.8688, 9.3066 ], [ -79.8697, 9.3069 ], [ -79.8688, 9.3082 ], [ -79.8688, 9.3066 ] ] ], [ [ [ -79.8322, 9.3157 ], [ -79.8361, 9.3098 ], [ -79.8385, 9.3151 ], [ -79.8506, 9.3058 ], [ -79.8498, 9.31 ], [ -79.8573, 9.308 ], [ -79.8492, 9.314 ], [ -79.8521, 9.3174 ], [ -79.841, 9.3164 ], [ -79.8359, 9.3216 ], [ -79.8361, 9.3186 ], [ -79.8322, 9.3157 ] ] ], [ [ [ -79.8434, 9.3192 ], [ -79.8435, 9.3183 ], [ -79.844, 9.3189 ], [ -79.8434, 9.3192 ] ] ], [ [ [ -79.8361, 9.3775 ], [ -79.8351, 9.3775 ], [ -79.8356, 9.3772 ], [ -79.8361, 9.3775 ] ] ], [ [ [ -79.8466, 9.3859 ], [ -79.8458, 9.3896 ], [ -79.8434, 9.3865 ], [ -79.8466, 9.3859 ] ] ], [ [ [ -79.8476, 9.3942 ], [ -79.8466, 9.3893 ], [ -79.8516, 9.3905 ], [ -79.8511, 9.3964 ], [ -79.8476, 9.3942 ] ] ], [ [ [ -79.7925, 9.1264 ], [ -79.784, 9.1249 ], [ -79.7867, 9.1198 ], [ -79.7959, 9.1209 ], [ -79.8009, 9.1262 ], [ -79.799, 9.1296 ], [ -79.795, 9.1275 ], [ -79.7964, 9.1335 ], [ -79.7911, 9.1334 ], [ -79.7925, 9.1264 ] ] ], [ [ [ -79.7995, 9.1308 ], [ -79.7989, 9.13 ], [ -79.7998, 9.13 ], [ -79.7995, 9.1308 ] ] ], [ [ [ -79.7977, 9.1337 ], [ -79.7978, 9.133 ], [ -79.7982, 9.1332 ], [ -79.7977, 9.1337 ] ] ], [ [ [ -79.7916, 9.1372 ], [ -79.7927, 9.1362 ], [ -79.7931, 9.1368 ], [ -79.7916, 9.1372 ] ] ], [ [ [ -79.8004, 9.1431 ], [ -79.7993, 9.1438 ], [ -79.7991, 9.1426 ], [ -79.8004, 9.1431 ] ] ], [ [ [ -79.7969, 9.1525 ], [ -79.7984, 9.1487 ], [ -79.7983, 9.154 ], [ -79.7969, 9.1525 ] ] ], [ [ [ -79.7971, 9.1746 ], [ -79.797, 9.1792 ], [ -79.793, 9.1755 ], [ -79.7993, 9.1687 ], [ -79.8065, 9.1767 ], [ -79.8013, 9.1796 ], [ -79.7971, 9.1746 ] ] ], [ [ [ -79.7916, 9.1758 ], [ -79.7916, 9.1756 ], [ -79.7927, 9.1758 ], [ -79.7916, 9.1758 ] ] ], [ [ [ -79.7994, 9.1803 ], [ -79.7982, 9.18 ], [ -79.7984, 9.1789 ], [ -79.7994, 9.1803 ] ] ], [ [ [ -79.8338, 9.1809 ], [ -79.8344, 9.1823 ], [ -79.8327, 9.1822 ], [ -79.8338, 9.1809 ] ] ], [ [ [ -79.8186, 9.1848 ], [ -79.8189, 9.1842 ], [ -79.8197, 9.1847 ], [ -79.8186, 9.1848 ] ] ], [ [ [ -79.8307, 9.1855 ], [ -79.8297, 9.1864 ], [ -79.8305, 9.1832 ], [ -79.8307, 9.1855 ] ] ], [ [ [ -79.8089, 9.1977 ], [ -79.8094, 9.1976 ], [ -79.8096, 9.198 ], [ -79.8089, 9.1977 ] ] ], [ [ [ -79.8109, 9.2 ], [ -79.8117, 9.1995 ], [ -79.8119, 9.2 ], [ -79.8109, 9.2 ] ] ], [ [ [ -79.8098, 9.2019 ], [ -79.8128, 9.1995 ], [ -79.8131, 9.2025 ], [ -79.8098, 9.2019 ] ] ], [ [ [ -79.8285, 9.2161 ], [ -79.8306, 9.2174 ], [ -79.8289, 9.2171 ], [ -79.8285, 9.2161 ] ] ], [ [ [ -79.8263, 9.2436 ], [ -79.8266, 9.2436 ], [ -79.8266, 9.2444 ], [ -79.8263, 9.2436 ] ] ], [ [ [ -79.8077, 9.2471 ], [ -79.8078, 9.2467 ], [ -79.8083, 9.2473 ], [ -79.8077, 9.2471 ] ] ], [ [ [ -79.8279, 9.2534 ], [ -79.8281, 9.253 ], [ -79.8288, 9.2537 ], [ -79.8279, 9.2534 ] ] ], [ [ [ -79.8273, 9.2539 ], [ -79.8258, 9.2543 ], [ -79.826, 9.2533 ], [ -79.8273, 9.2539 ] ] ], [ [ [ -79.8246, 9.2532 ], [ -79.8244, 9.2566 ], [ -79.8229, 9.257 ], [ -79.8246, 9.2532 ] ] ], [ [ [ -79.8003, 9.2562 ], [ -79.7989, 9.2567 ], [ -79.7985, 9.2563 ], [ -79.8003, 9.2562 ] ] ], [ [ [ -79.8286, 9.2561 ], [ -79.8288, 9.257 ], [ -79.8273, 9.2553 ], [ -79.8286, 9.2561 ] ] ], [ [ [ -79.7919, 9.2575 ], [ -79.7901, 9.2567 ], [ -79.7905, 9.2565 ], [ -79.7919, 9.2575 ] ] ], [ [ [ -79.8317, 9.2585 ], [ -79.8312, 9.2576 ], [ -79.832, 9.258 ], [ -79.8317, 9.2585 ] ] ], [ [ [ -79.819, 9.259 ], [ -79.8182, 9.2582 ], [ -79.8194, 9.2579 ], [ -79.819, 9.259 ] ] ], [ [ [ -79.8249, 9.2577 ], [ -79.826, 9.2558 ], [ -79.8301, 9.2582 ], [ -79.8249, 9.2577 ] ] ], [ [ [ -79.8242, 9.259 ], [ -79.8265, 9.2616 ], [ -79.8233, 9.2597 ], [ -79.8242, 9.259 ] ] ], [ [ [ -79.8273, 9.2634 ], [ -79.8251, 9.2634 ], [ -79.8251, 9.2625 ], [ -79.8273, 9.2634 ] ] ], [ [ [ -79.822, 9.2657 ], [ -79.8218, 9.2656 ], [ -79.8218, 9.2652 ], [ -79.822, 9.2657 ] ] ], [ [ [ -79.8189, 9.2712 ], [ -79.8199, 9.271 ], [ -79.8197, 9.2717 ], [ -79.8189, 9.2712 ] ] ], [ [ [ -79.8255, 9.2816 ], [ -79.8263, 9.2817 ], [ -79.8261, 9.2822 ], [ -79.8255, 9.2816 ] ] ], [ [ [ -79.8329, 9.2908 ], [ -79.8331, 9.2902 ], [ -79.8336, 9.2913 ], [ -79.8329, 9.2908 ] ] ], [ [ [ -79.8204, 9.312 ], [ -79.8212, 9.3114 ], [ -79.8219, 9.3114 ], [ -79.8204, 9.312 ] ] ], [ [ [ -79.8104, 9.319 ], [ -79.8105, 9.3198 ], [ -79.8087, 9.3196 ], [ -79.8104, 9.319 ] ] ], [ [ [ -79.8262, 9.324 ], [ -79.8326, 9.3168 ], [ -79.8311, 9.3226 ], [ -79.8347, 9.324 ], [ -79.8262, 9.324 ] ] ], [ [ [ -79.826, 9.325 ], [ -79.8274, 9.3267 ], [ -79.8262, 9.3286 ], [ -79.826, 9.325 ] ] ], [ [ [ -79.8309, 9.3273 ], [ -79.8338, 9.3283 ], [ -79.8282, 9.332 ], [ -79.8309, 9.3273 ] ] ], [ [ [ -79.8267, 9.334 ], [ -79.824, 9.3343 ], [ -79.8243, 9.3335 ], [ -79.8267, 9.334 ] ] ], [ [ [ -79.8276, 9.3406 ], [ -79.826, 9.3415 ], [ -79.8261, 9.3405 ], [ -79.8276, 9.3406 ] ] ], [ [ [ -79.8296, 9.3778 ], [ -79.8301, 9.377 ], [ -79.8307, 9.3775 ], [ -79.8296, 9.3778 ] ] ], [ [ [ -79.8324, 9.377 ], [ -79.8335, 9.3772 ], [ -79.8334, 9.3784 ], [ -79.8324, 9.377 ] ] ], [ [ [ -79.8299, 9.3792 ], [ -79.8282, 9.3792 ], [ -79.8284, 9.3783 ], [ -79.8299, 9.3792 ] ] ], [ [ [ -79.8325, 9.3786 ], [ -79.8324, 9.3794 ], [ -79.8314, 9.3791 ], [ -79.8325, 9.3786 ] ] ], [ [ [ -79.8155, 9.3819 ], [ -79.8158, 9.3811 ], [ -79.8169, 9.3813 ], [ -79.8155, 9.3819 ] ] ], [ [ [ -79.834, 9.3815 ], [ -79.8343, 9.3817 ], [ -79.8336, 9.3818 ], [ -79.834, 9.3815 ] ] ], [ [ [ -79.8074, 9.3922 ], [ -79.8075, 9.3919 ], [ -79.8081, 9.3921 ], [ -79.8074, 9.3922 ] ] ], [ [ [ -79.8353, 9.3984 ], [ -79.8356, 9.3995 ], [ -79.834, 9.3996 ], [ -79.8353, 9.3984 ] ] ], [ [ [ -79.8348, 9.4012 ], [ -79.8343, 9.3998 ], [ -79.8353, 9.3999 ], [ -79.8348, 9.4012 ] ] ], [ [ [ -79.8053, 9.4275 ], [ -79.8061, 9.4288 ], [ -79.8023, 9.4326 ], [ -79.8011, 9.4293 ], [ -79.8053, 9.4275 ] ] ], [ [ [ -79.7988, 9.4335 ], [ -79.8004, 9.4332 ], [ -79.7998, 9.437 ], [ -79.7968, 9.4364 ], [ -79.7988, 9.4335 ] ] ], [ [ [ -79.7749, 9.1157 ], [ -79.7756, 9.1164 ], [ -79.7728, 9.1172 ], [ -79.7749, 9.1157 ] ] ], [ [ [ -79.777, 9.1175 ], [ -79.7775, 9.117 ], [ -79.7777, 9.1176 ], [ -79.777, 9.1175 ] ] ], [ [ [ -79.7754, 9.1175 ], [ -79.7753, 9.1191 ], [ -79.7733, 9.1179 ], [ -79.7754, 9.1175 ] ] ], [ [ [ -79.7804, 9.1192 ], [ -79.7785, 9.1214 ], [ -79.7771, 9.1205 ], [ -79.7804, 9.1192 ] ] ], [ [ [ -79.7811, 9.1225 ], [ -79.7794, 9.124 ], [ -79.7792, 9.1226 ], [ -79.7811, 9.1225 ] ] ], [ [ [ -79.7787, 9.1247 ], [ -79.7787, 9.125 ], [ -79.7777, 9.125 ], [ -79.7787, 9.1247 ] ] ], [ [ [ -79.7804, 9.1243 ], [ -79.7829, 9.1227 ], [ -79.785, 9.1276 ], [ -79.7804, 9.1243 ] ] ], [ [ [ -79.7798, 9.1269 ], [ -79.7791, 9.1257 ], [ -79.7798, 9.1248 ], [ -79.7798, 9.1269 ] ] ], [ [ [ -79.7882, 9.1262 ], [ -79.7887, 9.1263 ], [ -79.7886, 9.1269 ], [ -79.7882, 9.1262 ] ] ], [ [ [ -79.7854, 9.1285 ], [ -79.7858, 9.128 ], [ -79.7863, 9.1284 ], [ -79.7854, 9.1285 ] ] ], [ [ [ -79.7873, 9.1298 ], [ -79.7873, 9.1276 ], [ -79.7882, 9.1284 ], [ -79.7873, 9.1298 ] ] ], [ [ [ -79.7871, 9.1317 ], [ -79.7868, 9.131 ], [ -79.788, 9.131 ], [ -79.7871, 9.1317 ] ] ], [ [ [ -79.6943, 9.1329 ], [ -79.6941, 9.1332 ], [ -79.6931, 9.1326 ], [ -79.6943, 9.1329 ] ] ], [ [ [ -79.6798, 9.1392 ], [ -79.6763, 9.1429 ], [ -79.679, 9.1386 ], [ -79.6811, 9.1369 ], [ -79.6798, 9.1392 ] ] ], [ [ [ -79.7798, 9.1461 ], [ -79.7803, 9.1456 ], [ -79.7805, 9.1462 ], [ -79.7798, 9.1461 ] ] ], [ [ [ -79.7883, 9.1702 ], [ -79.7873, 9.1701 ], [ -79.7873, 9.17 ], [ -79.7883, 9.1702 ] ] ], [ [ [ -79.7826, 9.2578 ], [ -79.7865, 9.2581 ], [ -79.7836, 9.2594 ], [ -79.7866, 9.263 ], [ -79.7821, 9.2628 ], [ -79.7826, 9.2578 ] ] ], [ [ [ -79.7746, 9.2705 ], [ -79.7736, 9.2706 ], [ -79.7737, 9.2697 ], [ -79.7746, 9.2705 ] ] ], [ [ [ -79.7756, 9.2718 ], [ -79.7755, 9.2713 ], [ -79.776, 9.2714 ], [ -79.7756, 9.2718 ] ] ], [ [ [ -79.5416, 9.46 ], [ -79.5366, 9.4527 ], [ -79.5396, 9.4501 ], [ -79.5374, 9.442 ], [ -79.5415, 9.4421 ], [ -79.5406, 9.436 ], [ -79.5468, 9.433 ], [ -79.5416, 9.4196 ], [ -79.556, 9.409 ], [ -79.5566, 9.3996 ], [ -79.5524, 9.3981 ], [ -79.5593, 9.3956 ], [ -79.5642, 9.3862 ], [ -79.5593, 9.3833 ], [ -79.57, 9.3725 ], [ -79.5661, 9.3607 ], [ -79.5567, 9.3616 ], [ -79.5562, 9.347 ], [ -79.574, 9.3331 ], [ -79.5772, 9.3239 ], [ -79.5818, 9.3348 ], [ -79.5859, 9.3315 ], [ -79.5914, 9.3397 ], [ -79.5893, 9.3321 ], [ -79.5937, 9.3353 ], [ -79.5923, 9.3311 ], [ -79.5987, 9.3314 ], [ -79.6025, 9.3266 ], [ -79.5877, 9.3325 ], [ -79.5937, 9.3283 ], [ -79.5829, 9.3308 ], [ -79.5803, 9.3218 ], [ -79.5859, 9.3068 ], [ -79.5806, 9.305 ], [ -79.5863, 9.304 ], [ -79.5843, 9.3003 ], [ -79.5941, 9.2816 ], [ -79.5911, 9.2778 ], [ -79.5945, 9.2784 ], [ -79.5973, 9.2716 ], [ -79.5924, 9.2734 ], [ -79.5932, 9.2627 ], [ -79.5987, 9.2591 ], [ -79.5997, 9.2692 ], [ -79.6042, 9.2658 ], [ -79.6012, 9.2553 ], [ -79.6105, 9.254 ], [ -79.6139, 9.25 ], [ -79.611, 9.2521 ], [ -79.6069, 9.2472 ], [ -79.6081, 9.2518 ], [ -79.5985, 9.2503 ], [ -79.6002, 9.255 ], [ -79.5884, 9.2612 ], [ -79.5912, 9.2567 ], [ -79.5868, 9.2539 ], [ -79.5925, 9.2525 ], [ -79.5924, 9.2466 ], [ -79.6019, 9.2465 ], [ -79.586, 9.2336 ], [ -79.5896, 9.2328 ], [ -79.5868, 9.2316 ], [ -79.5872, 9.2296 ], [ -79.5908, 9.2314 ], [ -79.5891, 9.2268 ], [ -79.5929, 9.2277 ], [ -79.589, 9.221 ], [ -79.6006, 9.2209 ], [ -79.5979, 9.2257 ], [ -79.6068, 9.2282 ], [ -79.6047, 9.231 ], [ -79.6065, 9.2313 ], [ -79.609, 9.226 ], [ -79.613, 9.2278 ], [ -79.6221, 9.2218 ], [ -79.6196, 9.2131 ], [ -79.6131, 9.2161 ], [ -79.6137, 9.2112 ], [ -79.6158, 9.2124 ], [ -79.6191, 9.2104 ], [ -79.6211, 9.2035 ], [ -79.648, 9.2092 ], [ -79.6594, 9.1598 ], [ -79.662, 9.1568 ], [ -79.6726, 9.1508 ], [ -79.6714, 9.1536 ], [ -79.6618, 9.1578 ], [ -79.6594, 9.1616 ], [ -79.6633, 9.1576 ], [ -79.6753, 9.1601 ], [ -79.6782, 9.1416 ], [ -79.6868, 9.1327 ], [ -79.6949, 9.1348 ], [ -79.6943, 9.1329 ], [ -79.6896, 9.1198 ], [ -79.6966, 9.1106 ], [ -79.7476, 9.1216 ], [ -79.7704, 9.1128 ], [ -79.7704, 9.1159 ], [ -79.775, 9.1206 ], [ -79.7715, 9.1238 ], [ -79.7757, 9.1221 ], [ -79.7776, 9.126 ], [ -79.7754, 9.1251 ], [ -79.7741, 9.1259 ], [ -79.7868, 9.1301 ], [ -79.7843, 9.1347 ], [ -79.7826, 9.1331 ], [ -79.7777, 9.1342 ], [ -79.7842, 9.135 ], [ -79.7836, 9.1408 ], [ -79.7784, 9.1389 ], [ -79.7733, 9.1401 ], [ -79.7787, 9.1414 ], [ -79.7781, 9.1483 ], [ -79.7825, 9.1492 ], [ -79.7804, 9.1435 ], [ -79.785, 9.1416 ], [ -79.7869, 9.1358 ], [ -79.7906, 9.1395 ], [ -79.7965, 9.1371 ], [ -79.7966, 9.1428 ], [ -79.793, 9.1421 ], [ -79.7904, 9.1461 ], [ -79.7957, 9.1461 ], [ -79.7911, 9.154 ], [ -79.7957, 9.1545 ], [ -79.7915, 9.1562 ], [ -79.8064, 9.1601 ], [ -79.8038, 9.1681 ], [ -79.7979, 9.1621 ], [ -79.7917, 9.1643 ], [ -79.797, 9.1678 ], [ -79.7937, 9.1722 ], [ -79.7855, 9.1615 ], [ -79.7864, 9.1723 ], [ -79.7806, 9.1726 ], [ -79.7913, 9.1748 ], [ -79.7848, 9.1764 ], [ -79.7904, 9.1775 ], [ -79.7862, 9.183 ], [ -79.7946, 9.1793 ], [ -79.7941, 9.1833 ], [ -79.7983, 9.1813 ], [ -79.8063, 9.1882 ], [ -79.8148, 9.1845 ], [ -79.816, 9.19 ], [ -79.8177, 9.1857 ], [ -79.8247, 9.1857 ], [ -79.8211, 9.182 ], [ -79.8337, 9.1787 ], [ -79.8296, 9.1804 ], [ -79.8278, 9.1882 ], [ -79.8164, 9.1924 ], [ -79.8177, 9.1968 ], [ -79.8069, 9.1938 ], [ -79.8098, 9.1966 ], [ -79.8076, 9.1986 ], [ -79.8094, 9.2021 ], [ -79.8063, 9.2044 ], [ -79.8136, 9.2086 ], [ -79.8119, 9.2089 ], [ -79.8112, 9.2122 ], [ -79.8173, 9.2087 ], [ -79.8131, 9.2048 ], [ -79.8172, 9.2033 ], [ -79.8147, 9.2012 ], [ -79.8172, 9.1977 ], [ -79.8183, 9.2014 ], [ -79.8197, 9.2015 ], [ -79.821, 9.1943 ], [ -79.8227, 9.1975 ], [ -79.8283, 9.1987 ], [ -79.8249, 9.1931 ], [ -79.8353, 9.1953 ], [ -79.8375, 9.1903 ], [ -79.845, 9.1883 ], [ -79.8469, 9.1911 ], [ -79.8422, 9.1922 ], [ -79.8459, 9.1955 ], [ -79.8518, 9.1868 ], [ -79.859, 9.186 ], [ -79.8581, 9.192 ], [ -79.8536, 9.1907 ], [ -79.8564, 9.1936 ], [ -79.8535, 9.2012 ], [ -79.8381, 9.2059 ], [ -79.8351, 9.2109 ], [ -79.8336, 9.2065 ], [ -79.8311, 9.2066 ], [ -79.833, 9.2119 ], [ -79.8241, 9.2133 ], [ -79.8284, 9.2234 ], [ -79.8237, 9.2293 ], [ -79.8287, 9.2254 ], [ -79.8313, 9.2265 ], [ -79.8306, 9.2282 ], [ -79.8317, 9.2285 ], [ -79.8319, 9.2255 ], [ -79.8296, 9.2239 ], [ -79.8334, 9.2209 ], [ -79.8347, 9.2242 ], [ -79.8363, 9.2196 ], [ -79.8401, 9.2206 ], [ -79.8373, 9.2271 ], [ -79.844, 9.2305 ], [ -79.8394, 9.2323 ], [ -79.8362, 9.2274 ], [ -79.832, 9.2299 ], [ -79.837, 9.2338 ], [ -79.8294, 9.2301 ], [ -79.8243, 9.2341 ], [ -79.8279, 9.2346 ], [ -79.8213, 9.2482 ], [ -79.8266, 9.2453 ], [ -79.8263, 9.2467 ], [ -79.8288, 9.2516 ], [ -79.8256, 9.2487 ], [ -79.8265, 9.2517 ], [ -79.8221, 9.2512 ], [ -79.8223, 9.2564 ], [ -79.8202, 9.2557 ], [ -79.8162, 9.2499 ], [ -79.8196, 9.2429 ], [ -79.8132, 9.2484 ], [ -79.8092, 9.2363 ], [ -79.8055, 9.2328 ], [ -79.8005, 9.2342 ], [ -79.8053, 9.2338 ], [ -79.8087, 9.241 ], [ -79.8057, 9.2487 ], [ -79.8018, 9.2482 ], [ -79.8026, 9.2535 ], [ -79.7725, 9.252 ], [ -79.7795, 9.2548 ], [ -79.7751, 9.2604 ], [ -79.7765, 9.2663 ], [ -79.7777, 9.2627 ], [ -79.7832, 9.2673 ], [ -79.7966, 9.258 ], [ -79.7961, 9.261 ], [ -79.8048, 9.2567 ], [ -79.8041, 9.2609 ], [ -79.8145, 9.2519 ], [ -79.8134, 9.2566 ], [ -79.8179, 9.258 ], [ -79.8138, 9.2579 ], [ -79.8165, 9.259 ], [ -79.8126, 9.2615 ], [ -79.8132, 9.2634 ], [ -79.8174, 9.259 ], [ -79.8226, 9.2624 ], [ -79.8188, 9.2622 ], [ -79.8222, 9.264 ], [ -79.8218, 9.2652 ], [ -79.8207, 9.2681 ], [ -79.8172, 9.2627 ], [ -79.8142, 9.2645 ], [ -79.8186, 9.2705 ], [ -79.8125, 9.2665 ], [ -79.8141, 9.2713 ], [ -79.8109, 9.2711 ], [ -79.8157, 9.2723 ], [ -79.813, 9.2754 ], [ -79.8179, 9.2728 ], [ -79.8206, 9.2742 ], [ -79.8186, 9.2738 ], [ -79.8125, 9.2778 ], [ -79.8191, 9.2772 ], [ -79.8172, 9.2785 ], [ -79.8184, 9.2834 ], [ -79.8189, 9.2786 ], [ -79.8215, 9.2772 ], [ -79.8186, 9.2837 ], [ -79.8205, 9.2808 ], [ -79.8258, 9.2859 ], [ -79.8209, 9.2843 ], [ -79.8167, 9.2927 ], [ -79.8213, 9.2886 ], [ -79.8214, 9.2941 ], [ -79.8255, 9.2953 ], [ -79.8223, 9.2884 ], [ -79.8256, 9.288 ], [ -79.8261, 9.293 ], [ -79.828, 9.2891 ], [ -79.8276, 9.2991 ], [ -79.8235, 9.306 ], [ -79.8243, 9.2984 ], [ -79.8198, 9.3065 ], [ -79.8156, 9.3043 ], [ -79.8171, 9.309 ], [ -79.8179, 9.3072 ], [ -79.8234, 9.3088 ], [ -79.8203, 9.3087 ], [ -79.8184, 9.31 ], [ -79.8181, 9.3184 ], [ -79.8158, 9.3132 ], [ -79.8154, 9.3177 ], [ -79.8137, 9.3144 ], [ -79.8043, 9.3176 ], [ -79.8046, 9.3244 ], [ -79.8071, 9.3201 ], [ -79.8156, 9.321 ], [ -79.8097, 9.328 ], [ -79.8084, 9.3252 ], [ -79.806, 9.327 ], [ -79.8123, 9.3369 ], [ -79.8128, 9.3347 ], [ -79.815, 9.3382 ], [ -79.8167, 9.3356 ], [ -79.8101, 9.3328 ], [ -79.8111, 9.3275 ], [ -79.8149, 9.3325 ], [ -79.8134, 9.328 ], [ -79.8189, 9.3306 ], [ -79.8151, 9.3278 ], [ -79.8158, 9.3259 ], [ -79.8257, 9.3299 ], [ -79.8195, 9.3308 ], [ -79.819, 9.3361 ], [ -79.8236, 9.3351 ], [ -79.8193, 9.3386 ], [ -79.8315, 9.334 ], [ -79.831, 9.3378 ], [ -79.8195, 9.3405 ], [ -79.8201, 9.3444 ], [ -79.8255, 9.3419 ], [ -79.8225, 9.3447 ], [ -79.8252, 9.3455 ], [ -79.8325, 9.3398 ], [ -79.8354, 9.3259 ], [ -79.8422, 9.3212 ], [ -79.8459, 9.3247 ], [ -79.8383, 9.3301 ], [ -79.8437, 9.3289 ], [ -79.842, 9.3308 ], [ -79.8428, 9.3318 ], [ -79.8457, 9.3278 ], [ -79.8464, 9.3327 ], [ -79.848, 9.3328 ], [ -79.8481, 9.3234 ], [ -79.8546, 9.3216 ], [ -79.8588, 9.3098 ], [ -79.8628, 9.3111 ], [ -79.8605, 9.3053 ], [ -79.8651, 9.3065 ], [ -79.8634, 9.3181 ], [ -79.8659, 9.3137 ], [ -79.8674, 9.3182 ], [ -79.8674, 9.3101 ], [ -79.8736, 9.3099 ], [ -79.8696, 9.3027 ], [ -79.8763, 9.3028 ], [ -79.8677, 9.2964 ], [ -79.8729, 9.2946 ], [ -79.8707, 9.2915 ], [ -79.8758, 9.2958 ], [ -79.8798, 9.2913 ], [ -79.8722, 9.2856 ], [ -79.8851, 9.2828 ], [ -79.8781, 9.2805 ], [ -79.8789, 9.2742 ], [ -79.9019, 9.2622 ], [ -79.9111, 9.2646 ], [ -79.9164, 9.2614 ], [ -79.9232, 9.2674 ], [ -79.9227, 9.2721 ], [ -79.9241, 9.2651 ], [ -79.9235, 9.2722 ], [ -79.9304, 9.2634 ], [ -79.9385, 9.2707 ], [ -79.9427, 9.2849 ], [ -79.9547, 9.2856 ], [ -79.9648, 9.2817 ], [ -79.9713, 9.2958 ], [ -79.984, 9.296 ], [ -79.9996, 9.3219 ], [ -80.0036, 9.3222 ], [ -79.9802, 9.3613 ], [ -79.9789, 9.361 ], [ -79.9738, 9.3643 ], [ -79.9715, 9.3642 ], [ -79.9703, 9.3658 ], [ -79.964, 9.3646 ], [ -79.9492, 9.3726 ], [ -79.952, 9.3672 ], [ -79.9473, 9.3704 ], [ -79.9494, 9.3602 ], [ -79.9449, 9.3532 ], [ -79.9511, 9.3466 ], [ -79.9475, 9.3462 ], [ -79.9492, 9.3289 ], [ -79.9441, 9.3267 ], [ -79.9522, 9.32 ], [ -79.9463, 9.3126 ], [ -79.9219, 9.3114 ], [ -79.9223, 9.2753 ], [ -79.9182, 9.3 ], [ -79.9136, 9.2776 ], [ -79.9121, 9.2799 ], [ -79.9139, 9.3039 ], [ -79.9171, 9.3052 ], [ -79.9166, 9.3312 ], [ -79.9046, 9.3451 ], [ -79.9056, 9.3494 ], [ -79.9022, 9.345 ], [ -79.9045, 9.3351 ], [ -79.8992, 9.3407 ], [ -79.9024, 9.3489 ], [ -79.9086, 9.3512 ], [ -79.9062, 9.3532 ], [ -79.9153, 9.3555 ], [ -79.9052, 9.3555 ], [ -79.9084, 9.3636 ], [ -79.9055, 9.3667 ], [ -79.8955, 9.3662 ], [ -79.8887, 9.3541 ], [ -79.8916, 9.3446 ], [ -79.8861, 9.3396 ], [ -79.8774, 9.3403 ], [ -79.8907, 9.3448 ], [ -79.8877, 9.3563 ], [ -79.882, 9.3554 ], [ -79.8866, 9.3656 ], [ -79.882, 9.3716 ], [ -79.8885, 9.3702 ], [ -79.8914, 9.3766 ], [ -79.8815, 9.3798 ], [ -79.8918, 9.3832 ], [ -79.8802, 9.389 ], [ -79.8791, 9.3816 ], [ -79.8747, 9.3789 ], [ -79.8745, 9.3842 ], [ -79.8812, 9.3903 ], [ -79.8788, 9.3934 ], [ -79.885, 9.393 ], [ -79.8736, 9.4044 ], [ -79.8605, 9.4031 ], [ -79.857, 9.3927 ], [ -79.8596, 9.3894 ], [ -79.8476, 9.3876 ], [ -79.8512, 9.382 ], [ -79.8469, 9.3863 ], [ -79.8438, 9.3782 ], [ -79.843, 9.3832 ], [ -79.8394, 9.3795 ], [ -79.8485, 9.3997 ], [ -79.8411, 9.4037 ], [ -79.8404, 9.3988 ], [ -79.8328, 9.3944 ], [ -79.8417, 9.3923 ], [ -79.8343, 9.3831 ], [ -79.8354, 9.3825 ], [ -79.8339, 9.378 ], [ -79.8392, 9.3782 ], [ -79.8373, 9.3729 ], [ -79.8348, 9.3771 ], [ -79.8312, 9.3725 ], [ -79.8244, 9.3787 ], [ -79.8321, 9.3864 ], [ -79.8195, 9.3964 ], [ -79.8148, 9.3884 ], [ -79.8211, 9.3797 ], [ -79.811, 9.3819 ], [ -79.8101, 9.3716 ], [ -79.8059, 9.3695 ], [ -79.8094, 9.3581 ], [ -79.8035, 9.3647 ], [ -79.7998, 9.3586 ], [ -79.797, 9.3652 ], [ -79.8093, 9.3759 ], [ -79.8064, 9.3881 ], [ -79.8112, 9.3888 ], [ -79.8095, 9.3922 ], [ -79.8073, 9.3898 ], [ -79.8073, 9.3935 ], [ -79.813, 9.3946 ], [ -79.8179, 9.4036 ], [ -79.814, 9.412 ], [ -79.8012, 9.4187 ], [ -79.7946, 9.4262 ], [ -79.7967, 9.4304 ], [ -79.7904, 9.4285 ], [ -79.7918, 9.4356 ], [ -79.785, 9.4355 ], [ -79.785, 9.4415 ], [ -79.7437, 9.4477 ], [ -79.7353, 9.4602 ], [ -79.7358, 9.4697 ], [ -79.7244, 9.4699 ], [ -79.7246, 9.484 ], [ -79.7207, 9.4811 ], [ -79.7188, 9.4857 ], [ -79.7118, 9.4857 ], [ -79.7042, 9.4957 ], [ -79.6923, 9.5013 ], [ -79.6879, 9.5218 ], [ -79.6688, 9.5338 ], [ -79.6794, 9.5449 ], [ -79.6557, 9.5545 ], [ -79.6575, 9.562 ], [ -79.6531, 9.5627 ], [ -79.6462, 9.5742 ], [ -79.6542, 9.5646 ], [ -79.6596, 9.5688 ], [ -79.6585, 9.5629 ], [ -79.6722, 9.5572 ], [ -79.6789, 9.5586 ], [ -79.6819, 9.5667 ], [ -79.6781, 9.564 ], [ -79.6674, 9.5723 ], [ -79.6687, 9.5779 ], [ -79.6633, 9.5793 ], [ -79.6627, 9.5805 ], [ -79.6644, 9.5839 ], [ -79.6582, 9.5831 ], [ -79.6528, 9.5889 ], [ -79.656, 9.5936 ], [ -79.6466, 9.5899 ], [ -79.6341, 9.6002 ], [ -79.6364, 9.6083 ], [ -79.6276, 9.6106 ], [ -79.6207, 9.6169 ], [ -79.6086, 9.609 ], [ -79.601, 9.6147 ], [ -79.5967, 9.6098 ], [ -79.6007, 9.6099 ], [ -79.5911, 9.6087 ], [ -79.5874, 9.6039 ], [ -79.5756, 9.6187 ], [ -79.5649, 9.6154 ], [ -79.5604, 9.6263 ], [ -79.5389, 9.6341 ], [ -79.542, 9.6251 ], [ -79.5375, 9.6231 ], [ -79.539, 9.6174 ], [ -79.5283, 9.6145 ], [ -79.5309, 9.6075 ], [ -79.5231, 9.6085 ], [ -79.5346, 9.6042 ], [ -79.5438, 9.5934 ], [ -79.5276, 9.592 ], [ -79.5282, 9.5861 ], [ -79.521, 9.5777 ], [ -79.5124, 9.591 ], [ -79.4923, 9.5872 ], [ -79.4809, 9.5913 ], [ -79.4771, 9.5901 ], [ -79.4768, 9.589 ], [ -79.4791, 9.588 ], [ -79.4792, 9.588 ], [ -79.4796, 9.5874 ], [ -79.4793, 9.5869 ], [ -79.4778, 9.5837 ], [ -79.4717, 9.583 ], [ -79.467, 9.5861 ], [ -79.4699, 9.5931 ], [ -79.4613, 9.6044 ], [ -79.4544, 9.5975 ], [ -79.4414, 9.5983 ], [ -79.4394, 9.6039 ], [ -79.4301, 9.587 ], [ -79.4243, 9.5883 ], [ -79.4156, 9.584 ], [ -79.4041, 9.5822 ], [ -79.3944, 9.583 ], [ -79.3825, 9.5769 ], [ -79.3774, 9.5818 ], [ -79.3755, 9.5776 ], [ -79.3608, 9.5733 ], [ -79.3485, 9.5754 ], [ -79.3485, 9.5796 ], [ -79.3373, 9.5756 ], [ -79.3342, 9.5773 ], [ -79.3328, 9.5793 ], [ -79.3282, 9.579 ], [ -79.3264, 9.5807 ], [ -79.3023, 9.5653 ], [ -79.295, 9.5645 ], [ -79.2934, 9.5705 ], [ -79.2848, 9.5659 ], [ -79.2809, 9.5689 ], [ -79.2649, 9.5566 ], [ -79.2601, 9.5592 ], [ -79.2299, 9.5451 ], [ -79.2169, 9.5456 ], [ -79.214, 9.5501 ], [ -79.2121, 9.544 ], [ -79.1986, 9.5399 ], [ -79.1909, 9.5419 ], [ -79.1788, 9.55 ], [ -79.1751, 9.5556 ], [ -79.1687, 9.5573 ], [ -79.1556, 9.5508 ], [ -79.163, 9.5452 ], [ -79.1576, 9.5407 ], [ -79.1501, 9.549 ], [ -79.1544, 9.5559 ], [ -79.1427, 9.5616 ], [ -79.1277, 9.5539 ], [ -79.0883, 9.5614 ], [ -79.0809, 9.5579 ], [ -79.082, 9.4671 ], [ -79.0905, 9.4674 ], [ -79.0906, 9.4765 ], [ -79.0942, 9.4741 ], [ -79.0966, 9.4779 ], [ -79.0953, 9.4743 ], [ -79.1089, 9.4725 ], [ -79.108, 9.4688 ], [ -79.1214, 9.4591 ], [ -79.1287, 9.4589 ], [ -79.1504, 9.4253 ], [ -79.1458, 9.4207 ], [ -79.1584, 9.3977 ], [ -79.1587, 9.3868 ], [ -79.1679, 9.3798 ], [ -79.1854, 9.3798 ], [ -79.1855, 9.3835 ], [ -79.1974, 9.3799 ], [ -79.2138, 9.3716 ], [ -79.2218, 9.3617 ], [ -79.2348, 9.3627 ], [ -79.2545, 9.3441 ], [ -79.2441, 9.3794 ], [ -79.255, 9.3928 ], [ -79.2663, 9.3936 ], [ -79.2741, 9.4022 ], [ -79.2636, 9.4229 ], [ -79.2728, 9.424 ], [ -79.2811, 9.418 ], [ -79.288, 9.4273 ], [ -79.2991, 9.4303 ], [ -79.3052, 9.4414 ], [ -79.3239, 9.439 ], [ -79.3256, 9.4277 ], [ -79.3364, 9.4242 ], [ -79.3389, 9.4162 ], [ -79.3487, 9.4094 ], [ -79.3578, 9.4119 ], [ -79.3601, 9.42 ], [ -79.3698, 9.4215 ], [ -79.3782, 9.4174 ], [ -79.3845, 9.4072 ], [ -79.4061, 9.4086 ], [ -79.418, 9.4013 ], [ -79.4188, 9.4115 ], [ -79.3946, 9.425 ], [ -79.3957, 9.4422 ], [ -79.401, 9.4524 ], [ -79.3962, 9.4602 ], [ -79.4097, 9.4711 ], [ -79.4067, 9.4781 ], [ -79.3975, 9.4835 ], [ -79.3975, 9.4921 ], [ -79.4065, 9.4977 ], [ -79.4275, 9.4979 ], [ -79.4313, 9.4917 ], [ -79.4385, 9.4975 ], [ -79.4438, 9.4944 ], [ -79.4532, 9.4994 ], [ -79.4823, 9.4838 ], [ -79.4868, 9.4768 ], [ -79.4984, 9.4806 ], [ -79.4993, 9.4875 ], [ -79.5014, 9.4838 ], [ -79.5122, 9.4865 ], [ -79.5146, 9.4787 ], [ -79.5364, 9.475 ], [ -79.5361, 9.4613 ], [ -79.5416, 9.46 ] ], [ [ -79.8512, 9.3599 ], [ -79.8532, 9.3589 ], [ -79.8515, 9.3633 ], [ -79.8541, 9.3591 ], [ -79.8523, 9.3583 ], [ -79.8512, 9.3599 ] ], [ [ -79.9288, 9.2783 ], [ -79.9295, 9.2729 ], [ -79.9356, 9.2768 ], [ -79.9367, 9.2721 ], [ -79.928, 9.2698 ], [ -79.9288, 9.2783 ] ], [ [ -79.8157, 9.3377 ], [ -79.8147, 9.3394 ], [ -79.8159, 9.339 ], [ -79.8157, 9.3377 ] ], [ [ -79.8097, 9.3339 ], [ -79.8077, 9.3335 ], [ -79.8057, 9.3358 ], [ -79.81, 9.3378 ], [ -79.8097, 9.3339 ] ], [ [ -79.7716, 9.2732 ], [ -79.7736, 9.2708 ], [ -79.7737, 9.2744 ], [ -79.7788, 9.2729 ], [ -79.7766, 9.2687 ], [ -79.7817, 9.2682 ], [ -79.7733, 9.268 ], [ -79.7706, 9.2704 ], [ -79.7688, 9.2697 ], [ -79.767, 9.2703 ], [ -79.7659, 9.2715 ], [ -79.7658, 9.2726 ], [ -79.7669, 9.2754 ], [ -79.7673, 9.2705 ], [ -79.7716, 9.2732 ] ], [ [ -79.7711, 9.2664 ], [ -79.7748, 9.2661 ], [ -79.7717, 9.2648 ], [ -79.7651, 9.2681 ], [ -79.7711, 9.2664 ] ], [ [ -79.7839, 9.2439 ], [ -79.784, 9.2433 ], [ -79.7813, 9.2451 ], [ -79.781, 9.2474 ], [ -79.7814, 9.2491 ], [ -79.7839, 9.2439 ] ], [ [ -79.6421, 9.2129 ], [ -79.6417, 9.2133 ], [ -79.6452, 9.2139 ], [ -79.6421, 9.2129 ] ], [ [ -79.6469, 9.2124 ], [ -79.6421, 9.2118 ], [ -79.6422, 9.2122 ], [ -79.6469, 9.2124 ] ], [ [ -79.6451, 9.2097 ], [ -79.6401, 9.2082 ], [ -79.6399, 9.2101 ], [ -79.6451, 9.2097 ] ], [ [ -79.6478, 9.2102 ], [ -79.6471, 9.21 ], [ -79.6467, 9.2112 ], [ -79.6478, 9.2102 ] ], [ [ -79.6737, 9.1647 ], [ -79.6737, 9.1658 ], [ -79.6762, 9.1638 ], [ -79.6737, 9.1647 ] ], [ [ -79.7476, 9.1302 ], [ -79.7455, 9.1287 ], [ -79.7457, 9.1341 ], [ -79.7476, 9.1302 ] ], [ [ -79.7332, 9.1331 ], [ -79.7352, 9.1262 ], [ -79.7284, 9.1296 ], [ -79.7332, 9.1331 ] ], [ [ -79.7151, 9.131 ], [ -79.7138, 9.1324 ], [ -79.7148, 9.1322 ], [ -79.7151, 9.131 ] ], [ [ -79.713, 9.1262 ], [ -79.7133, 9.1314 ], [ -79.7146, 9.1306 ], [ -79.713, 9.1262 ] ], [ [ -79.7382, 9.129 ], [ -79.7424, 9.1242 ], [ -79.7404, 9.1237 ], [ -79.7382, 9.129 ] ], [ [ -79.7216, 9.1225 ], [ -79.7199, 9.1211 ], [ -79.7201, 9.1226 ], [ -79.719, 9.122 ], [ -79.7187, 9.1236 ], [ -79.7222, 9.1254 ], [ -79.7216, 9.1225 ] ], [ [ -79.76, 9.1237 ], [ -79.7605, 9.1236 ], [ -79.7613, 9.1209 ], [ -79.76, 9.1237 ] ], [ [ -79.7569, 9.1223 ], [ -79.7557, 9.1227 ], [ -79.7564, 9.1242 ], [ -79.7569, 9.1223 ] ], [ [ -79.751, 9.1255 ], [ -79.7524, 9.1234 ], [ -79.7502, 9.1236 ], [ -79.751, 9.1255 ] ], [ [ -79.7454, 9.1245 ], [ -79.7437, 9.1244 ], [ -79.7473, 9.1268 ], [ -79.7454, 9.1245 ] ], [ [ -79.7252, 9.1231 ], [ -79.7282, 9.1254 ], [ -79.7285, 9.1238 ], [ -79.7252, 9.1231 ] ], [ [ -79.7645, 9.1186 ], [ -79.762, 9.1197 ], [ -79.7628, 9.1206 ], [ -79.7645, 9.1186 ] ], [ [ -79.668, 9.5625 ], [ -79.6677, 9.565 ], [ -79.6683, 9.5647 ], [ -79.668, 9.5625 ] ] ], [ [ [ -79.6821, 9.5394 ], [ -79.683, 9.5412 ], [ -79.6809, 9.5409 ], [ -79.6821, 9.5394 ] ] ], [ [ [ -79.6809, 9.5411 ], [ -79.6818, 9.5417 ], [ -79.6803, 9.5424 ], [ -79.6809, 9.5411 ] ] ], [ [ [ -79.6845, 9.5622 ], [ -79.6843, 9.5619 ], [ -79.6852, 9.5614 ], [ -79.6845, 9.5622 ] ] ], [ [ [ -79.6683, 9.5785 ], [ -79.6686, 9.5784 ], [ -79.6686, 9.5786 ], [ -79.6683, 9.5785 ] ] ], [ [ [ -79.6665, 9.5787 ], [ -79.6662, 9.5786 ], [ -79.6665, 9.5785 ], [ -79.6665, 9.5787 ] ] ], [ [ [ -79.668, 9.5787 ], [ -79.6683, 9.5787 ], [ -79.6682, 9.5788 ], [ -79.668, 9.5787 ] ] ], [ [ [ -79.6662, 9.5792 ], [ -79.6661, 9.5792 ], [ -79.6664, 9.579 ], [ -79.6662, 9.5792 ] ] ], [ [ [ -79.6681, 9.58 ], [ -79.6669, 9.5791 ], [ -79.6678, 9.5788 ], [ -79.6681, 9.58 ] ] ], [ [ [ -79.6695, 9.5807 ], [ -79.6693, 9.5802 ], [ -79.6697, 9.5802 ], [ -79.6695, 9.5807 ] ] ], [ [ [ -79.6661, 9.5794 ], [ -79.668, 9.5816 ], [ -79.6668, 9.5822 ], [ -79.6661, 9.5794 ] ] ], [ [ [ -79.6634, 9.5813 ], [ -79.6631, 9.5806 ], [ -79.6634, 9.5806 ], [ -79.6634, 9.5813 ] ] ], [ [ [ -79.6591, 9.5836 ], [ -79.6591, 9.584 ], [ -79.6586, 9.5839 ], [ -79.6591, 9.5836 ] ] ], [ [ [ -79.6593, 9.584 ], [ -79.6596, 9.584 ], [ -79.6596, 9.5841 ], [ -79.6593, 9.584 ] ] ], [ [ [ -79.6658, 9.5885 ], [ -79.6665, 9.5899 ], [ -79.6642, 9.591 ], [ -79.6658, 9.5885 ] ] ], [ [ [ -79.6674, 9.5951 ], [ -79.6676, 9.5983 ], [ -79.6644, 9.596 ], [ -79.6674, 9.5951 ] ] ], [ [ [ -79.6377, 9.599 ], [ -79.6377, 9.5989 ], [ -79.6379, 9.5989 ], [ -79.6377, 9.599 ] ] ], [ [ [ -79.6681, 9.5992 ], [ -79.6679, 9.599 ], [ -79.6681, 9.599 ], [ -79.6681, 9.5992 ] ] ], [ [ [ -79.636, 9.5991 ], [ -79.6359, 9.599 ], [ -79.6362, 9.599 ], [ -79.636, 9.5991 ] ] ], [ [ [ -79.6381, 9.6 ], [ -79.6377, 9.5993 ], [ -79.6389, 9.5993 ], [ -79.6381, 9.6 ] ] ], [ [ [ -79.6363, 9.6003 ], [ -79.6361, 9.6 ], [ -79.6372, 9.5996 ], [ -79.6363, 9.6003 ] ] ], [ [ [ -79.6355, 9.6005 ], [ -79.6357, 9.6007 ], [ -79.6353, 9.6007 ], [ -79.6355, 9.6005 ] ] ], [ [ [ -79.6368, 9.6008 ], [ -79.6368, 9.6006 ], [ -79.637, 9.6007 ], [ -79.6368, 9.6008 ] ] ], [ [ [ -79.6273, 9.6123 ], [ -79.6268, 9.6123 ], [ -79.6268, 9.6117 ], [ -79.6273, 9.6123 ] ] ], [ [ [ -79.6094, 9.6113 ], [ -79.6099, 9.6122 ], [ -79.6088, 9.6128 ], [ -79.6094, 9.6113 ] ] ], [ [ [ -79.6176, 9.6177 ], [ -79.618, 9.6171 ], [ -79.6184, 9.6178 ], [ -79.6176, 9.6177 ] ] ], [ [ [ -79.6158, 9.6173 ], [ -79.6164, 9.6173 ], [ -79.6167, 9.6178 ], [ -79.6152, 9.6188 ], [ -79.6158, 9.6173 ] ] ], [ [ [ -79.6361, 9.6416 ], [ -79.637, 9.6416 ], [ -79.6366, 9.6434 ], [ -79.6361, 9.6416 ] ] ], [ [ [ -79.629, 9.6445 ], [ -79.6281, 9.6443 ], [ -79.6289, 9.6442 ], [ -79.629, 9.6445 ] ] ], [ [ [ -79.6351, 9.6439 ], [ -79.635, 9.6451 ], [ -79.6341, 9.6446 ], [ -79.6351, 9.6439 ] ] ], [ [ [ -79.6312, 9.6449 ], [ -79.6305, 9.6455 ], [ -79.6301, 9.6448 ], [ -79.6312, 9.6449 ] ] ], [ [ [ -79.5871, 9.2202 ], [ -79.5877, 9.2191 ], [ -79.5887, 9.2198 ], [ -79.5871, 9.2202 ] ] ], [ [ [ -79.6094, 9.2229 ], [ -79.6101, 9.225 ], [ -79.6089, 9.2251 ], [ -79.6094, 9.2229 ] ] ], [ [ [ -79.5897, 9.245 ], [ -79.5901, 9.2452 ], [ -79.5898, 9.2456 ], [ -79.5897, 9.245 ] ] ], [ [ [ -79.5915, 9.246 ], [ -79.5899, 9.2466 ], [ -79.5902, 9.2456 ], [ -79.5915, 9.246 ] ] ], [ [ [ -79.598, 9.2579 ], [ -79.5985, 9.2569 ], [ -79.5993, 9.2571 ], [ -79.598, 9.2579 ] ] ], [ [ [ -79.1878, 9.5455 ], [ -79.1878, 9.5459 ], [ -79.1874, 9.5457 ], [ -79.1878, 9.5455 ] ] ], [ [ [ -79.2272, 9.5483 ], [ -79.2269, 9.5483 ], [ -79.2268, 9.5479 ], [ -79.2272, 9.5483 ] ] ], [ [ [ -79.1819, 9.5493 ], [ -79.182, 9.5498 ], [ -79.1807, 9.5501 ], [ -79.1819, 9.5493 ] ] ], [ [ [ -79.213, 9.5503 ], [ -79.2132, 9.5505 ], [ -79.2127, 9.5507 ], [ -79.213, 9.5503 ] ] ], [ [ [ -79.1671, 9.5567 ], [ -79.1667, 9.5568 ], [ -79.1668, 9.5565 ], [ -79.1671, 9.5567 ] ] ], [ [ [ -79.1671, 9.5571 ], [ -79.1669, 9.557 ], [ -79.167, 9.5568 ], [ -79.1671, 9.5571 ] ] ], [ [ [ -79.1677, 9.5574 ], [ -79.1676, 9.5572 ], [ -79.1677, 9.5572 ], [ -79.1677, 9.5574 ] ] ], [ [ [ -79.168, 9.5574 ], [ -79.1679, 9.5573 ], [ -79.168, 9.5573 ], [ -79.168, 9.5574 ] ] ], [ [ [ -79.1671, 9.5576 ], [ -79.1668, 9.5576 ], [ -79.1668, 9.5573 ], [ -79.1671, 9.5576 ] ] ], [ [ [ -79.3547, 9.5757 ], [ -79.3544, 9.5756 ], [ -79.3545, 9.5752 ], [ -79.3547, 9.5757 ] ] ], [ [ [ -79.3545, 9.5757 ], [ -79.3546, 9.5761 ], [ -79.3542, 9.5761 ], [ -79.3545, 9.5757 ] ] ], [ [ [ -79.3499, 9.5761 ], [ -79.3496, 9.5767 ], [ -79.3486, 9.5757 ], [ -79.3499, 9.5761 ] ] ], [ [ [ -79.3347, 9.5776 ], [ -79.3355, 9.5782 ], [ -79.3346, 9.5783 ], [ -79.3347, 9.5776 ] ] ], [ [ [ -79.3337, 9.5786 ], [ -79.3345, 9.5784 ], [ -79.3345, 9.5792 ], [ -79.3337, 9.5786 ] ] ], [ [ [ -79.3282, 9.5794 ], [ -79.3291, 9.5802 ], [ -79.3288, 9.5803 ], [ -79.3282, 9.5794 ] ] ], [ [ [ -79.3236, 9.5805 ], [ -79.324, 9.5806 ], [ -79.3222, 9.5818 ], [ -79.3236, 9.5805 ] ] ], [ [ [ -79.3968, 9.5834 ], [ -79.3966, 9.5834 ], [ -79.3967, 9.5831 ], [ -79.3968, 9.5834 ] ] ], [ [ [ -79.404, 9.5827 ], [ -79.405, 9.5838 ], [ -79.4036, 9.5844 ], [ -79.404, 9.5827 ] ] ], [ [ [ -79.4022, 9.5841 ], [ -79.4017, 9.584 ], [ -79.402, 9.5834 ], [ -79.4022, 9.5841 ] ] ], [ [ [ -79.4793, 9.5869 ], [ -79.4791, 9.588 ], [ -79.4787, 9.5878 ], [ -79.4793, 9.5869 ] ] ], [ [ [ -79.4203, 9.5885 ], [ -79.4209, 9.5886 ], [ -79.4204, 9.5893 ], [ -79.4203, 9.5885 ] ] ], [ [ [ -79.5126, 9.591 ], [ -79.5164, 9.5877 ], [ -79.5161, 9.5921 ], [ -79.5126, 9.591 ] ] ], [ [ [ -79.4968, 9.5912 ], [ -79.4965, 9.591 ], [ -79.4968, 9.5905 ], [ -79.4968, 9.5912 ] ] ], [ [ [ -79.4858, 9.5914 ], [ -79.4857, 9.5916 ], [ -79.4848, 9.5917 ], [ -79.4858, 9.5914 ] ] ], [ [ [ -79.5121, 9.5923 ], [ -79.5115, 9.5919 ], [ -79.5119, 9.5912 ], [ -79.5121, 9.5923 ] ] ], [ [ [ -79.5254, 9.5939 ], [ -79.5265, 9.5914 ], [ -79.5265, 9.5927 ], [ -79.5315, 9.5933 ], [ -79.5254, 9.5939 ] ] ], [ [ [ -79.4644, 9.6029 ], [ -79.4648, 9.6043 ], [ -79.4644, 9.6045 ], [ -79.4644, 9.6029 ] ] ], [ [ [ -79.4628, 9.6044 ], [ -79.4621, 9.6048 ], [ -79.4625, 9.6039 ], [ -79.4628, 9.6044 ] ] ], [ [ [ -79.4629, 9.6051 ], [ -79.463, 9.6044 ], [ -79.4633, 9.6044 ], [ -79.4629, 9.6051 ] ] ], [ [ [ -79.6077, 9.6104 ], [ -79.6095, 9.6109 ], [ -79.6091, 9.6111 ], [ -79.6077, 9.6104 ] ] ], [ [ [ -79.5338, 9.6171 ], [ -79.534, 9.6172 ], [ -79.5314, 9.6172 ], [ -79.5338, 9.6171 ] ] ], [ [ [ -79.6073, 9.6179 ], [ -79.606, 9.6186 ], [ -79.6057, 9.6182 ], [ -79.6073, 9.6179 ] ] ], [ [ [ -79.6008, 9.617 ], [ -79.6024, 9.6177 ], [ -79.6011, 9.6195 ], [ -79.6008, 9.617 ] ] ], [ [ [ -79.581, 9.6158 ], [ -79.5894, 9.6154 ], [ -79.5887, 9.6213 ], [ -79.5804, 9.6226 ], [ -79.581, 9.6158 ] ] ], [ [ [ -79.5972, 9.6195 ], [ -79.5975, 9.62 ], [ -79.5968, 9.6206 ], [ -79.5972, 9.6195 ] ] ], [ [ [ -79.5789, 9.6262 ], [ -79.5777, 9.6267 ], [ -79.5774, 9.6246 ], [ -79.5789, 9.6262 ] ] ], [ [ [ -79.5673, 9.6269 ], [ -79.5675, 9.6274 ], [ -79.5667, 9.6273 ], [ -79.5673, 9.6269 ] ] ], [ [ [ -79.5655, 9.6274 ], [ -79.5647, 9.6271 ], [ -79.5653, 9.6269 ], [ -79.5655, 9.6274 ] ] ], [ [ [ -79.534, 9.6316 ], [ -79.5339, 9.6314 ], [ -79.5341, 9.6313 ], [ -79.534, 9.6316 ] ] ], [ [ [ -79.5553, 9.6371 ], [ -79.5606, 9.6313 ], [ -79.568, 9.6279 ], [ -79.571, 9.6308 ], [ -79.5584, 9.6391 ], [ -79.5553, 9.6371 ] ] ], [ [ [ -79.531, 9.6337 ], [ -79.5328, 9.6345 ], [ -79.5324, 9.6358 ], [ -79.531, 9.6337 ] ] ], [ [ [ -79.531, 9.6354 ], [ -79.5315, 9.636 ], [ -79.5314, 9.6361 ], [ -79.531, 9.6354 ] ] ], [ [ [ -79.524, 9.6383 ], [ -79.523, 9.6381 ], [ -79.5232, 9.6373 ], [ -79.524, 9.6383 ] ] ], [ [ [ -79.5624, 9.6445 ], [ -79.5637, 9.6452 ], [ -79.5612, 9.6474 ], [ -79.5624, 9.6445 ] ] ], [ [ [ -79.5603, 9.6471 ], [ -79.5605, 9.6469 ], [ -79.5606, 9.6471 ], [ -79.5603, 9.6471 ] ] ] ] } },
{ "type": "Feature", "properties": { "id": "boca_chica", "name": "Golfo de Chiriqui - Boca Chica", "tier": "action_plan", "products": "island ecotourism; diving & snorkelling; sport fishing; cetacean watching", "nature_hooks": "Golfo de Chiriqui National Marine Park; islands; mangroves; humpback whales", "vocation_en": "A low-intensity eco-coastal destination for marine nature contact, with an ATP destination action plan dated 2022.", "vocation_es": "Destino eco-costero de baja intensidad para el contacto con la naturaleza marina.", "districts": "Chiriquí/San Lorenzo", "area_km2": 670.4 }, "geometry": { "type": "MultiPolygon", "coordinates": [ [ [ [ -82.2447, 7.4641 ], [ -82.2442, 7.4638 ], [ -82.2449, 7.4634 ], [ -82.2447, 7.4641 ] ] ], [ [ [ -82.2494, 7.4665 ], [ -82.2495, 7.4667 ], [ -82.2485, 7.4667 ], [ -82.2494, 7.4665 ] ] ], [ [ [ -82.2497, 7.4687 ], [ -82.2496, 7.471 ], [ -82.2487, 7.4686 ], [ -82.2497, 7.4687 ] ] ], [ [ [ -82.2308, 7.4727 ], [ -82.2341, 7.465 ], [ -82.2415, 7.4635 ], [ -82.2463, 7.4676 ], [ -82.2428, 7.4762 ], [ -82.2308, 7.4727 ] ] ], [ [ [ -82.2562, 7.4712 ], [ -82.2555, 7.4711 ], [ -82.2554, 7.4704 ], [ -82.2562, 7.4712 ] ] ], [ [ [ -82.2557, 7.4716 ], [ -82.2556, 7.4717 ], [ -82.2549, 7.4717 ], [ -82.2557, 7.4716 ] ] ], [ [ [ -82.2559, 7.4739 ], [ -82.2582, 7.4745 ], [ -82.2567, 7.4756 ], [ -82.2559, 7.4739 ] ] ], [ [ [ -82.2591, 7.4753 ], [ -82.2585, 7.4751 ], [ -82.2594, 7.4743 ], [ -82.2591, 7.4753 ] ] ], [ [ [ -82.2557, 7.4755 ], [ -82.2559, 7.4763 ], [ -82.255, 7.4763 ], [ -82.2557, 7.4755 ] ] ], [ [ [ -82.2348, 8.1513 ], [ -82.2351, 8.152 ], [ -82.2348, 8.1526 ], [ -82.2348, 8.1513 ] ] ], [ [ [ -82.2483, 8.17 ], [ -82.2494, 8.1708 ], [ -82.2479, 8.1726 ], [ -82.2483, 8.17 ] ] ], [ [ [ -82.2406, 8.181 ], [ -82.2402, 8.18 ], [ -82.2408, 8.18 ], [ -82.2406, 8.181 ] ] ], [ [ [ -82.2458, 8.1843 ], [ -82.2477, 8.1843 ], [ -82.249, 8.185 ], [ -82.2458, 8.1843 ] ] ], [ [ [ -82.257, 8.1927 ], [ -82.2564, 8.1923 ], [ -82.2577, 8.1924 ], [ -82.257, 8.1927 ] ] ], [ [ [ -82.2349, 8.1997 ], [ -82.2354, 8.1992 ], [ -82.2356, 8.1999 ], [ -82.2349, 8.1997 ] ] ], [ [ [ -82.2336, 8.2007 ], [ -82.2328, 8.202 ], [ -82.2319, 8.2007 ], [ -82.2336, 8.2007 ] ] ], [ [ [ -82.2824, 8.2294 ], [ -82.2798, 8.2337 ], [ -82.2725, 8.2327 ], [ -82.2384, 8.2217 ], [ -82.2326, 8.2162 ], [ -82.2059, 8.2115 ], [ -82.2144, 8.2104 ], [ -82.2231, 8.2031 ], [ -82.2281, 8.2133 ], [ -82.2357, 8.2075 ], [ -82.2457, 8.2133 ], [ -82.2532, 8.2089 ], [ -82.251, 8.206 ], [ -82.2531, 8.204 ], [ -82.2513, 8.2062 ], [ -82.2588, 8.2069 ], [ -82.2656, 8.2 ], [ -82.2649, 8.1892 ], [ -82.2493, 8.1848 ], [ -82.2466, 8.1767 ], [ -82.2559, 8.1743 ], [ -82.2596, 8.1824 ], [ -82.2673, 8.1826 ], [ -82.2727, 8.1925 ], [ -82.3218, 8.215 ], [ -82.3146, 8.2267 ], [ -82.298, 8.2206 ], [ -82.2896, 8.2277 ], [ -82.2939, 8.228 ], [ -82.2933, 8.232 ], [ -82.2824, 8.2294 ] ] ], [ [ [ -82.2557, 8.2043 ], [ -82.2563, 8.2045 ], [ -82.2563, 8.2046 ], [ -82.2557, 8.2043 ] ] ], [ [ [ -82.2331, 8.2072 ], [ -82.2342, 8.2051 ], [ -82.2343, 8.2054 ], [ -82.2331, 8.2072 ] ] ], [ [ [ -82.2434, 8.2088 ], [ -82.2425, 8.208 ], [ -82.2434, 8.2079 ], [ -82.2434, 8.2088 ] ] ], [ [ [ -82.2408, 8.2262 ], [ -82.241, 8.2253 ], [ -82.2414, 8.2258 ], [ -82.2408, 8.2262 ] ] ], [ [ [ -82.3154, 8.2266 ], [ -82.3188, 8.2265 ], [ -82.3178, 8.2294 ], [ -82.3154, 8.2266 ] ] ], [ [ [ -82.2254, 8.236 ], [ -82.2246, 8.2326 ], [ -82.2296, 8.2214 ], [ -82.2413, 8.2306 ], [ -82.2254, 8.236 ] ] ], [ [ [ -82.2422, 8.2294 ], [ -82.2411, 8.2292 ], [ -82.2416, 8.2288 ], [ -82.2422, 8.2294 ] ] ], [ [ [ -82.2446, 8.2283 ], [ -82.2452, 8.2289 ], [ -82.2421, 8.2317 ], [ -82.2446, 8.2283 ] ] ], [ [ [ -82.2973, 8.2304 ], [ -82.2982, 8.2301 ], [ -82.2964, 8.231 ], [ -82.2973, 8.2304 ] ] ], [ [ [ -82.2479, 8.231 ], [ -82.2472, 8.2317 ], [ -82.2471, 8.2302 ], [ -82.2479, 8.231 ] ] ], [ [ [ -82.2495, 8.2304 ], [ -82.2524, 8.2309 ], [ -82.2518, 8.2321 ], [ -82.2495, 8.2304 ] ] ], [ [ [ -82.2562, 8.2333 ], [ -82.2552, 8.2344 ], [ -82.254, 8.2331 ], [ -82.2562, 8.2333 ] ] ], [ [ [ -82.2489, 8.2346 ], [ -82.2486, 8.2338 ], [ -82.2496, 8.2333 ], [ -82.2489, 8.2346 ] ] ], [ [ [ -82.2451, 8.2339 ], [ -82.2455, 8.2338 ], [ -82.2457, 8.2372 ], [ -82.2451, 8.2339 ] ] ], [ [ [ -82.2501, 8.2357 ], [ -82.2515, 8.236 ], [ -82.2498, 8.2361 ], [ -82.2501, 8.2357 ] ] ], [ [ [ -82.2385, 8.2843 ], [ -82.2397, 8.2812 ], [ -82.2399, 8.2817 ], [ -82.2385, 8.2843 ] ] ], [ [ [ -82.1749, 8.1074 ], [ -82.1753, 8.1069 ], [ -82.1756, 8.1074 ], [ -82.1749, 8.1074 ] ] ], [ [ [ -82.2298, 8.1465 ], [ -82.2295, 8.146 ], [ -82.2312, 8.1465 ], [ -82.2298, 8.1465 ] ] ], [ [ [ -82.2304, 8.1498 ], [ -82.2308, 8.1515 ], [ -82.2291, 8.1506 ], [ -82.2268, 8.1485 ], [ -82.2304, 8.1498 ] ] ], [ [ [ -82.228, 8.1532 ], [ -82.2334, 8.1535 ], [ -82.2325, 8.1564 ], [ -82.228, 8.1532 ] ] ], [ [ [ -82.1943, 8.1809 ], [ -82.1939, 8.1815 ], [ -82.1931, 8.1812 ], [ -82.1943, 8.1809 ] ] ], [ [ [ -82.1861, 8.184 ], [ -82.1859, 8.1785 ], [ -82.1882, 8.1822 ], [ -82.1867, 8.1862 ], [ -82.1861, 8.184 ] ] ], [ [ [ -82.195, 8.1839 ], [ -82.1959, 8.1843 ], [ -82.1957, 8.1844 ], [ -82.195, 8.1839 ] ] ], [ [ [ -82.1988, 8.1866 ], [ -82.201, 8.1864 ], [ -82.2014, 8.1874 ], [ -82.1988, 8.1866 ] ] ], [ [ [ -82.1929, 8.1882 ], [ -82.1918, 8.1863 ], [ -82.1958, 8.1878 ], [ -82.1931, 8.1922 ], [ -82.1929, 8.1882 ] ] ], [ [ [ -82.206, 8.1893 ], [ -82.2073, 8.1899 ], [ -82.206, 8.1916 ], [ -82.206, 8.1893 ] ] ], [ [ [ -82.2062, 8.1925 ], [ -82.2055, 8.1915 ], [ -82.2056, 8.1915 ], [ -82.2062, 8.1925 ] ] ], [ [ [ -82.2065, 8.1946 ], [ -82.211, 8.1919 ], [ -82.2133, 8.1958 ], [ -82.2065, 8.1946 ] ] ], [ [ [ -82.2169, 8.1959 ], [ -82.2173, 8.1958 ], [ -82.2174, 8.1962 ], [ -82.2169, 8.1959 ] ] ], [ [ [ -82.2231, 8.1969 ], [ -82.2221, 8.1963 ], [ -82.2226, 8.1961 ], [ -82.2231, 8.1969 ] ] ], [ [ [ -82.2168, 8.1966 ], [ -82.2166, 8.1976 ], [ -82.2158, 8.1972 ], [ -82.2168, 8.1966 ] ] ], [ [ [ -82.2198, 8.1973 ], [ -82.2199, 8.1969 ], [ -82.2204, 8.1974 ], [ -82.2203, 8.198 ], [ -82.2198, 8.1973 ] ] ], [ [ [ -82.2177, 8.1974 ], [ -82.2247, 8.1997 ], [ -82.2179, 8.2011 ], [ -82.2177, 8.1974 ] ] ], [ [ [ -82.2107, 8.2018 ], [ -82.2102, 8.2013 ], [ -82.2105, 8.2007 ], [ -82.2107, 8.2018 ] ] ], [ [ [ -82.2046, 8.1974 ], [ -82.2086, 8.1985 ], [ -82.2048, 8.2067 ], [ -82.2046, 8.1974 ] ] ], [ [ [ -82.1981, 8.2019 ], [ -82.1981, 8.2029 ], [ -82.197, 8.2017 ], [ -82.1981, 8.2019 ] ] ], [ [ [ -82.2073, 8.2019 ], [ -82.2078, 8.2026 ], [ -82.207, 8.2027 ], [ -82.2073, 8.2019 ] ] ], [ [ [ -82.1809, 8.2035 ], [ -82.1818, 8.2041 ], [ -82.181, 8.2046 ], [ -82.1809, 8.2035 ] ] ], [ [ [ -82.2076, 8.2776 ], [ -82.206, 8.2748 ], [ -82.2073, 8.2755 ], [ -82.2076, 8.2776 ] ] ], [ [ [ -82.208, 8.2781 ], [ -82.208, 8.278 ], [ -82.2088, 8.278 ], [ -82.208, 8.2781 ] ] ], [ [ [ -82.207, 8.2857 ], [ -82.2075, 8.2844 ], [ -82.2079, 8.2844 ], [ -82.207, 8.2857 ] ] ], [ [ [ -82.2109, 8.286 ], [ -82.2094, 8.2866 ], [ -82.2085, 8.2861 ], [ -82.2109, 8.286 ] ] ], [ [ [ -82.2095, 8.2884 ], [ -82.2096, 8.2878 ], [ -82.2103, 8.2884 ], [ -82.2095, 8.2884 ] ] ], [ [ [ -82.2106, 8.2897 ], [ -82.2102, 8.2888 ], [ -82.2114, 8.2888 ], [ -82.2106, 8.2897 ] ] ], [ [ [ -82.2075, 8.2896 ], [ -82.2075, 8.289 ], [ -82.208, 8.2892 ], [ -82.2075, 8.2896 ] ] ], [ [ [ -82.2013, 8.292 ], [ -82.2002, 8.2917 ], [ -82.2009, 8.2908 ], [ -82.2013, 8.292 ] ] ], [ [ [ -82.1999, 8.2933 ], [ -82.2002, 8.2921 ], [ -82.2006, 8.2925 ], [ -82.1999, 8.2933 ] ] ], [ [ [ -82.2007, 8.3763 ], [ -82.2011, 8.3782 ], [ -82.202, 8.3792 ], [ -82.2008, 8.3789 ], [ -82.2007, 8.3763 ] ] ], [ [ [ -82.2042, 8.3795 ], [ -82.2063, 8.379 ], [ -82.2038, 8.3811 ], [ -82.2006, 8.3796 ], [ -82.2042, 8.3795 ] ] ], [ [ [ -82.1669, 8.1509 ], [ -82.1656, 8.1495 ], [ -82.1659, 8.1494 ], [ -82.1669, 8.1509 ] ] ], [ [ [ -82.1638, 8.1539 ], [ -82.1618, 8.1536 ], [ -82.1613, 8.1516 ], [ -82.1638, 8.1539 ] ] ], [ [ [ -82.1365, 8.1601 ], [ -82.137, 8.1606 ], [ -82.1363, 8.1606 ], [ -82.1362, 8.1597 ], [ -82.1365, 8.1601 ] ] ], [ [ [ -82.1526, 8.1649 ], [ -82.1507, 8.1643 ], [ -82.1512, 8.164 ], [ -82.1526, 8.1649 ] ] ], [ [ [ -82.136, 8.167 ], [ -82.1351, 8.1668 ], [ -82.1355, 8.1663 ], [ -82.136, 8.167 ] ] ], [ [ [ -82.167, 8.1674 ], [ -82.1704, 8.1696 ], [ -82.1661, 8.173 ], [ -82.167, 8.1674 ] ] ], [ [ [ -82.13, 8.1742 ], [ -82.1261, 8.1671 ], [ -82.1332, 8.1664 ], [ -82.1347, 8.1736 ], [ -82.1257, 8.1784 ], [ -82.13, 8.1742 ] ] ], [ [ [ -82.1403, 8.186 ], [ -82.1395, 8.1865 ], [ -82.1387, 8.1854 ], [ -82.1403, 8.186 ] ] ], [ [ [ -82.1702, 8.1862 ], [ -82.1695, 8.1862 ], [ -82.1697, 8.1857 ], [ -82.1702, 8.1862 ] ] ], [ [ [ -82.1508, 8.1929 ], [ -82.1512, 8.192 ], [ -82.1516, 8.1926 ], [ -82.1508, 8.1929 ] ] ], [ [ [ -82.1711, 8.1957 ], [ -82.1714, 8.1954 ], [ -82.1717, 8.1958 ], [ -82.1711, 8.1957 ] ] ], [ [ [ -82.1727, 8.1962 ], [ -82.1738, 8.1978 ], [ -82.1723, 8.1985 ], [ -82.1727, 8.1962 ] ] ], [ [ [ -82.1285, 8.2039 ], [ -82.1289, 8.2046 ], [ -82.1277, 8.2048 ], [ -82.1285, 8.2039 ] ] ], [ [ [ -82.1268, 8.2055 ], [ -82.1264, 8.205 ], [ -82.1268, 8.2046 ], [ -82.1268, 8.2055 ] ] ], [ [ [ -82.1271, 8.2086 ], [ -82.1266, 8.2077 ], [ -82.1272, 8.2076 ], [ -82.1271, 8.2086 ] ] ], [ [ [ -82.1166, 8.2102 ], [ -82.1165, 8.2089 ], [ -82.117, 8.2091 ], [ -82.1166, 8.2102 ] ] ], [ [ [ -82.157, 8.2141 ], [ -82.1592, 8.2145 ], [ -82.1586, 8.2161 ], [ -82.157, 8.2141 ] ] ], [ [ [ -82.1334, 8.2387 ], [ -82.1359, 8.2394 ], [ -82.1325, 8.2392 ], [ -82.1334, 8.2387 ] ] ], [ [ [ -82.1429, 8.2492 ], [ -82.1422, 8.2491 ], [ -82.1436, 8.2476 ], [ -82.1429, 8.2492 ] ] ], [ [ [ -82.139, 8.2497 ], [ -82.1395, 8.2493 ], [ -82.1398, 8.2497 ], [ -82.139, 8.2497 ] ] ], [ [ [ -82.1463, 8.2512 ], [ -82.1461, 8.2519 ], [ -82.1464, 8.2493 ], [ -82.1463, 8.2512 ] ] ], [ [ [ -82.1418, 8.2577 ], [ -82.1403, 8.2541 ], [ -82.1416, 8.2555 ], [ -82.1418, 8.2577 ] ] ], [ [ [ -82.1454, 8.2716 ], [ -82.1461, 8.2718 ], [ -82.1461, 8.2719 ], [ -82.1454, 8.2716 ] ] ], [ [ [ -82.1638, 8.3337 ], [ -82.1648, 8.3343 ], [ -82.1589, 8.3368 ], [ -82.1638, 8.3337 ] ] ], [ [ [ -82.1713, 8.3394 ], [ -82.1701, 8.3388 ], [ -82.1714, 8.3372 ], [ -82.1713, 8.3394 ] ] ], [ [ [ -82.1709, 8.3404 ], [ -82.1718, 8.3401 ], [ -82.1718, 8.3403 ], [ -82.1709, 8.3404 ] ] ], [ [ [ -82.1703, 8.3412 ], [ -82.1707, 8.3404 ], [ -82.1709, 8.3407 ], [ -82.1703, 8.3412 ] ] ], [ [ [ -82.159, 8.3405 ], [ -82.1597, 8.3422 ], [ -82.1584, 8.3428 ], [ -82.159, 8.3405 ] ] ], [ [ [ -82.1585, 8.3433 ], [ -82.1577, 8.3434 ], [ -82.1578, 8.3425 ], [ -82.1585, 8.3433 ] ] ], [ [ [ -82.1477, 8.3454 ], [ -82.1464, 8.3476 ], [ -82.1457, 8.3458 ], [ -82.1477, 8.3454 ] ] ], [ [ [ -82.1743, 8.3491 ], [ -82.174, 8.3483 ], [ -82.175, 8.3483 ], [ -82.1743, 8.3491 ] ] ], [ [ [ -82.1448, 8.3511 ], [ -82.1451, 8.351 ], [ -82.1452, 8.3513 ], [ -82.1448, 8.3511 ] ] ], [ [ [ -82.1438, 8.3523 ], [ -82.1442, 8.3524 ], [ -82.1439, 8.3528 ], [ -82.1438, 8.3523 ] ] ], [ [ [ -82.0239, 7.9468 ], [ -82.0242, 7.9452 ], [ -82.0248, 7.9459 ], [ -82.0239, 7.9468 ] ] ], [ [ [ -82.0057, 7.95 ], [ -82.0143, 7.9452 ], [ -82.0148, 7.9505 ], [ -82.0102, 7.9501 ], [ -82.006, 7.956 ], [ -82.0057, 7.95 ] ] ], [ [ [ -82.018, 7.9537 ], [ -82.0179, 7.954 ], [ -82.0172, 7.9539 ], [ -82.018, 7.9537 ] ] ], [ [ [ -82.0172, 7.9556 ], [ -82.0179, 7.9543 ], [ -82.0184, 7.9552 ], [ -82.0172, 7.9556 ] ] ], [ [ [ -82.0501, 7.9622 ], [ -82.0498, 7.9605 ], [ -82.0467, 7.9598 ], [ -82.0466, 7.9589 ], [ -82.0417, 7.956 ], [ -82.0365, 7.9507 ], [ -82.0448, 7.9553 ], [ -82.0564, 7.9522 ], [ -82.0591, 7.9606 ], [ -82.0501, 7.9622 ] ] ], [ [ [ -82.0311, 7.9617 ], [ -82.0309, 7.9625 ], [ -82.0294, 7.9615 ], [ -82.0311, 7.9617 ] ] ], [ [ [ -82.0423, 7.9636 ], [ -82.0431, 7.9624 ], [ -82.0435, 7.9627 ], [ -82.0423, 7.9636 ] ] ], [ [ [ -82.0497, 7.9644 ], [ -82.0497, 7.9633 ], [ -82.0508, 7.9641 ], [ -82.0497, 7.9644 ] ] ], [ [ [ -82.0241, 7.9666 ], [ -82.0263, 7.9682 ], [ -82.0256, 7.9692 ], [ -82.0241, 7.9666 ] ] ], [ [ [ -82.0503, 7.9706 ], [ -82.0503, 7.9704 ], [ -82.0508, 7.9705 ], [ -82.0503, 7.9706 ] ] ], [ [ [ -82.0191, 7.9755 ], [ -82.0188, 7.9751 ], [ -82.0193, 7.9749 ], [ -82.0191, 7.9755 ] ] ], [ [ [ -82.0314, 7.9828 ], [ -82.0201, 7.9805 ], [ -82.0237, 7.9718 ], [ -82.0348, 7.9784 ], [ -82.0322, 7.9827 ], [ -82.0364, 7.9923 ], [ -82.0328, 7.9915 ], [ -82.0314, 7.9828 ] ] ], [ [ [ -82.0279, 7.9844 ], [ -82.0281, 7.9866 ], [ -82.0267, 7.9855 ], [ -82.0279, 7.9844 ] ] ], [ [ [ -82.0701, 7.9885 ], [ -82.0698, 7.9867 ], [ -82.0706, 7.9867 ], [ -82.0701, 7.9885 ] ] ], [ [ [ -82.0621, 7.9897 ], [ -82.0595, 7.9914 ], [ -82.0591, 7.9906 ], [ -82.0621, 7.9897 ] ] ], [ [ [ -82.071, 7.9907 ], [ -82.0711, 7.9895 ], [ -82.0718, 7.99 ], [ -82.071, 7.9907 ] ] ], [ [ [ -82.0438, 7.9953 ], [ -82.044, 7.9951 ], [ -82.0446, 7.9959 ], [ -82.0438, 7.9953 ] ] ], [ [ [ -82.0347, 7.9941 ], [ -82.0395, 7.9958 ], [ -82.0348, 7.9991 ], [ -82.0347, 7.9941 ] ] ], [ [ [ -82.0256, 7.9991 ], [ -82.0251, 7.9996 ], [ -82.0246, 7.9982 ], [ -82.0256, 7.9991 ] ] ], [ [ [ -82.025, 8.0001 ], [ -82.0254, 7.9996 ], [ -82.0259, 7.9999 ], [ -82.025, 8.0001 ] ] ], [ [ [ -82.0294, 8.0234 ], [ -82.0375, 8.0242 ], [ -82.038, 8.0259 ], [ -82.03, 8.0309 ], [ -82.0294, 8.0234 ] ] ], [ [ [ -82.1116, 8.1632 ], [ -82.1132, 8.1628 ], [ -82.1114, 8.1636 ], [ -82.1116, 8.1632 ] ] ], [ [ [ -82.1111, 8.1652 ], [ -82.1114, 8.1659 ], [ -82.1091, 8.1653 ], [ -82.1111, 8.1652 ] ] ], [ [ [ -82.1084, 8.1697 ], [ -82.111, 8.1689 ], [ -82.1082, 8.1706 ], [ -82.1084, 8.1697 ] ] ], [ [ [ -82.0986, 8.2089 ], [ -82.0991, 8.2113 ], [ -82.0972, 8.2105 ], [ -82.0986, 8.2089 ] ] ], [ [ [ -81.9675, 8.2123 ], [ -81.9678, 8.2116 ], [ -81.968, 8.2121 ], [ -81.9675, 8.2123 ] ] ], [ [ [ -81.9678, 8.2132 ], [ -81.9683, 8.2119 ], [ -81.9688, 8.2126 ], [ -81.9678, 8.2132 ] ] ], [ [ [ -81.971, 8.2161 ], [ -81.9701, 8.2163 ], [ -81.9699, 8.2155 ], [ -81.971, 8.2161 ] ] ], [ [ [ -82.0143, 8.2194 ], [ -82.0128, 8.2177 ], [ -82.0157, 8.2173 ], [ -82.0143, 8.2194 ] ] ], [ [ [ -82.0226, 8.2334 ], [ -82.0282, 8.2293 ], [ -82.0203, 8.2241 ], [ -82.0286, 8.2185 ], [ -82.0357, 8.2203 ], [ -82.0396, 8.2258 ], [ -82.0331, 8.2277 ], [ -82.0317, 8.2299 ], [ -82.0397, 8.2387 ], [ -82.0375, 8.2405 ], [ -82.0331, 8.2394 ], [ -82.0248, 8.2421 ], [ -82.0226, 8.2334 ] ] ], [ [ [ -81.9423, 8.239 ], [ -81.9603, 8.2193 ], [ -81.9531, 8.2317 ], [ -81.9546, 8.2402 ], [ -81.9577, 8.2428 ], [ -81.9556, 8.2446 ], [ -81.9573, 8.2481 ], [ -81.9548, 8.2477 ], [ -81.9533, 8.2483 ], [ -81.9527, 8.2503 ], [ -81.9423, 8.239 ] ] ], [ [ [ -81.9564, 8.2413 ], [ -81.9554, 8.2388 ], [ -81.9559, 8.239 ], [ -81.9564, 8.2413 ] ] ], [ [ [ -81.9508, 8.2488 ], [ -81.9525, 8.2505 ], [ -81.95, 8.2516 ], [ -81.9508, 8.2488 ] ] ], [ [ [ -82.2025, 8.2414 ], [ -82.2012, 8.2476 ], [ -82.1966, 8.2438 ], [ -82.1886, 8.2476 ], [ -82.1877, 8.243 ], [ -82.1874, 8.2427 ], [ -82.187, 8.2427 ], [ -82.186, 8.2436 ], [ -82.185, 8.2426 ], [ -82.1843, 8.2425 ], [ -82.1884, 8.2481 ], [ -82.1819, 8.2527 ], [ -82.1949, 8.2453 ], [ -82.2037, 8.2558 ], [ -82.1984, 8.2615 ], [ -82.2042, 8.2571 ], [ -82.2028, 8.2518 ], [ -82.2102, 8.2397 ], [ -82.2171, 8.2428 ], [ -82.2168, 8.2521 ], [ -82.203, 8.274 ], [ -82.1969, 8.264 ], [ -82.1923, 8.2615 ], [ -82.1963, 8.2683 ], [ -82.1936, 8.272 ], [ -82.197, 8.27 ], [ -82.2033, 8.2781 ], [ -82.1986, 8.2793 ], [ -82.1977, 8.2766 ], [ -82.1947, 8.2735 ], [ -82.197, 8.2818 ], [ -82.1899, 8.2807 ], [ -82.1863, 8.2843 ], [ -82.1967, 8.2828 ], [ -82.2058, 8.2789 ], [ -82.1993, 8.2935 ], [ -82.2007, 8.2939 ], [ -82.2046, 8.289 ], [ -82.2123, 8.2939 ], [ -82.2108, 8.2912 ], [ -82.2147, 8.2903 ], [ -82.2102, 8.2865 ], [ -82.2149, 8.2857 ], [ -82.2133, 8.2847 ], [ -82.2114, 8.2859 ], [ -82.2091, 8.2852 ], [ -82.2141, 8.2799 ], [ -82.2102, 8.2806 ], [ -82.2077, 8.2695 ], [ -82.2171, 8.2709 ], [ -82.2211, 8.2766 ], [ -82.2233, 8.2865 ], [ -82.2146, 8.299 ], [ -82.2194, 8.3051 ], [ -82.218, 8.3182 ], [ -82.2082, 8.3152 ], [ -82.2057, 8.3244 ], [ -82.2152, 8.3329 ], [ -82.2124, 8.3396 ], [ -82.182, 8.3381 ], [ -82.1649, 8.3326 ], [ -82.1609, 8.3295 ], [ -82.165, 8.327 ], [ -82.1607, 8.3222 ], [ -82.1644, 8.3181 ], [ -82.1645, 8.3173 ], [ -82.1634, 8.3165 ], [ -82.1603, 8.3227 ], [ -82.1601, 8.3219 ], [ -82.1595, 8.3226 ], [ -82.1581, 8.3219 ], [ -82.1573, 8.3217 ], [ -82.1569, 8.3218 ], [ -82.1638, 8.3265 ], [ -82.1591, 8.3304 ], [ -82.1635, 8.3329 ], [ -82.1462, 8.3395 ], [ -82.1411, 8.3378 ], [ -82.1463, 8.34 ], [ -82.1447, 8.3447 ], [ -82.1408, 8.3422 ], [ -82.1371, 8.3409 ], [ -82.1341, 8.3429 ], [ -82.1342, 8.343 ], [ -82.1454, 8.3451 ], [ -82.1408, 8.355 ], [ -82.1439, 8.3528 ], [ -82.1471, 8.3505 ], [ -82.1507, 8.3386 ], [ -82.1605, 8.3485 ], [ -82.1597, 8.3403 ], [ -82.1704, 8.3401 ], [ -82.1695, 8.3413 ], [ -82.1695, 8.3426 ], [ -82.1701, 8.3433 ], [ -82.1734, 8.3398 ], [ -82.1686, 8.3463 ], [ -82.1729, 8.345 ], [ -82.1742, 8.3512 ], [ -82.1728, 8.3527 ], [ -82.1684, 8.3528 ], [ -82.1674, 8.3535 ], [ -82.1725, 8.3536 ], [ -82.176, 8.3496 ], [ -82.1758, 8.3411 ], [ -82.1909, 8.3451 ], [ -82.1904, 8.348 ], [ -82.2172, 8.3451 ], [ -82.2218, 8.3512 ], [ -82.2159, 8.3697 ], [ -82.2184, 8.3718 ], [ -82.2163, 8.3718 ], [ -82.2125, 8.3744 ], [ -82.2184, 8.3727 ], [ -82.2028, 8.3789 ], [ -82.201, 8.3759 ], [ -82.197, 8.3742 ], [ -82.1995, 8.3714 ], [ -82.1996, 8.37 ], [ -82.194, 8.3737 ], [ -82.2043, 8.3869 ], [ -82.2088, 8.3876 ], [ -82.2043, 8.3819 ], [ -82.2113, 8.3792 ], [ -82.2088, 8.3872 ], [ -82.2136, 8.3888 ], [ -82.2139, 8.4006 ], [ -82.2229, 8.4099 ], [ -82.2213, 8.4193 ], [ -82.2047, 8.4282 ], [ -82.2118, 8.4604 ], [ -82.2048, 8.4666 ], [ -82.1982, 8.4619 ], [ -82.1937, 8.4702 ], [ -82.1818, 8.4778 ], [ -82.1693, 8.4774 ], [ -82.1662, 8.469 ], [ -82.1785, 8.4698 ], [ -82.1761, 8.4651 ], [ -82.1833, 8.4568 ], [ -82.18, 8.4505 ], [ -82.1755, 8.4526 ], [ -82.1637, 8.4446 ], [ -82.1635, 8.449 ], [ -82.1538, 8.4537 ], [ -82.1349, 8.451 ], [ -82.1336, 8.4555 ], [ -82.1257, 8.453 ], [ -82.1187, 8.4581 ], [ -82.1166, 8.4529 ], [ -82.1098, 8.4587 ], [ -82.1007, 8.4575 ], [ -82.0956, 8.4695 ], [ -82.0918, 8.4603 ], [ -82.0879, 8.4691 ], [ -82.0848, 8.4675 ], [ -82.0845, 8.4546 ], [ -82.0757, 8.466 ], [ -82.0792, 8.4641 ], [ -82.091, 8.4734 ], [ -82.0771, 8.4852 ], [ -82.0693, 8.4784 ], [ -82.0655, 8.4799 ], [ -82.07, 8.4686 ], [ -82.0653, 8.4666 ], [ -82.0673, 8.4611 ], [ -82.0627, 8.4553 ], [ -82.0583, 8.4558 ], [ -82.0566, 8.4415 ], [ -82.0488, 8.4348 ], [ -82.0533, 8.4251 ], [ -82.0433, 8.4245 ], [ -82.0464, 8.4096 ], [ -82.0281, 8.4269 ], [ -82.0201, 8.4212 ], [ -82.0265, 8.4111 ], [ -82.0219, 8.4062 ], [ -82.0382, 8.3977 ], [ -82.0377, 8.3899 ], [ -82.0334, 8.3835 ], [ -82.0107, 8.3916 ], [ -82.032, 8.3693 ], [ -82.0201, 8.3658 ], [ -82.0278, 8.359 ], [ -82.0179, 8.3455 ], [ -82.0142, 8.3461 ], [ -82.0155, 8.3428 ], [ -82.0072, 8.3405 ], [ -82.0046, 8.3307 ], [ -81.9942, 8.3333 ], [ -81.9856, 8.3266 ], [ -81.9852, 8.319 ], [ -81.9988, 8.3226 ], [ -81.9935, 8.3105 ], [ -81.9961, 8.3052 ], [ -81.9958, 8.3032 ], [ -81.9932, 8.3059 ], [ -81.9911, 8.3004 ], [ -81.9855, 8.3079 ], [ -81.9852, 8.3015 ], [ -81.9917, 8.2973 ], [ -81.9814, 8.2859 ], [ -81.985, 8.2862 ], [ -81.9859, 8.2762 ], [ -81.9782, 8.2771 ], [ -81.9749, 8.2706 ], [ -81.9711, 8.273 ], [ -81.9659, 8.2669 ], [ -81.9634, 8.2702 ], [ -81.9537, 8.2613 ], [ -81.9505, 8.2664 ], [ -81.95, 8.252 ], [ -81.9525, 8.2505 ], [ -81.954, 8.2496 ], [ -81.9534, 8.2485 ], [ -81.957, 8.2487 ], [ -81.959, 8.2464 ], [ -81.9606, 8.2482 ], [ -81.9609, 8.2482 ], [ -81.9594, 8.2463 ], [ -81.9588, 8.2463 ], [ -81.9577, 8.2467 ], [ -81.9562, 8.2451 ], [ -81.9579, 8.2427 ], [ -81.954, 8.2314 ], [ -81.9688, 8.2255 ], [ -81.9693, 8.2289 ], [ -81.9682, 8.2294 ], [ -81.9658, 8.2281 ], [ -81.9642, 8.2279 ], [ -81.9631, 8.2288 ], [ -81.9628, 8.2303 ], [ -81.9689, 8.2387 ], [ -81.9674, 8.2395 ], [ -81.9656, 8.2416 ], [ -81.9645, 8.2418 ], [ -81.9642, 8.2406 ], [ -81.9657, 8.2392 ], [ -81.966, 8.2378 ], [ -81.966, 8.237 ], [ -81.9656, 8.2363 ], [ -81.9651, 8.2359 ], [ -81.9639, 8.2412 ], [ -81.9644, 8.2419 ], [ -81.9653, 8.242 ], [ -81.969, 8.2389 ], [ -81.9695, 8.2376 ], [ -81.9632, 8.2291 ], [ -81.9685, 8.2297 ], [ -81.9698, 8.2287 ], [ -81.9701, 8.227 ], [ -81.9694, 8.2257 ], [ -81.9678, 8.2244 ], [ -81.9609, 8.2247 ], [ -81.966, 8.2177 ], [ -81.9714, 8.2161 ], [ -81.9738, 8.218 ], [ -81.978, 8.2172 ], [ -81.9775, 8.2221 ], [ -81.9782, 8.2224 ], [ -81.9798, 8.2219 ], [ -81.9776, 8.222 ], [ -81.9784, 8.2169 ], [ -81.9721, 8.2145 ], [ -81.9725, 8.2108 ], [ -81.9771, 8.2119 ], [ -81.9732, 8.2101 ], [ -81.9803, 8.2114 ], [ -81.9825, 8.211 ], [ -81.973, 8.2086 ], [ -81.985, 8.2057 ], [ -81.9866, 8.204 ], [ -81.9887, 8.2056 ], [ -81.9928, 8.2045 ], [ -81.9925, 8.2074 ], [ -81.9948, 8.2092 ], [ -81.9927, 8.2074 ], [ -81.9944, 8.2055 ], [ -81.9924, 8.2041 ], [ -81.986, 8.2035 ], [ -81.9711, 8.2069 ], [ -81.9678, 8.2018 ], [ -81.9829, 8.2017 ], [ -81.9968, 8.2043 ], [ -82.0006, 8.2065 ], [ -82.0064, 8.2183 ], [ -81.9993, 8.216 ], [ -81.9975, 8.219 ], [ -81.9978, 8.22 ], [ -81.9991, 8.2208 ], [ -81.9972, 8.2249 ], [ -81.9973, 8.2253 ], [ -81.9979, 8.226 ], [ -81.9993, 8.2209 ], [ -81.9981, 8.2185 ], [ -82.0126, 8.2184 ], [ -82.012, 8.2212 ], [ -82.0083, 8.2214 ], [ -82.008, 8.2219 ], [ -82.008, 8.2266 ], [ -82.0083, 8.227 ], [ -82.0088, 8.2271 ], [ -82.0102, 8.2262 ], [ -82.0081, 8.2265 ], [ -82.0082, 8.2217 ], [ -82.0116, 8.2222 ], [ -82.0183, 8.2196 ], [ -82.0174, 8.229 ], [ -82.0177, 8.2299 ], [ -82.0181, 8.2303 ], [ -82.0199, 8.231 ], [ -82.0176, 8.2291 ], [ -82.0185, 8.227 ], [ -82.027, 8.2293 ], [ -82.0218, 8.2335 ], [ -82.0239, 8.2427 ], [ -82.0269, 8.2441 ], [ -82.024, 8.2468 ], [ -82.0224, 8.2516 ], [ -82.0271, 8.2455 ], [ -82.03, 8.2465 ], [ -82.0302, 8.2492 ], [ -82.0308, 8.2498 ], [ -82.0315, 8.25 ], [ -82.0319, 8.2495 ], [ -82.032, 8.2475 ], [ -82.0338, 8.2453 ], [ -82.0337, 8.2434 ], [ -82.0375, 8.2441 ], [ -82.0408, 8.2408 ], [ -82.0416, 8.2415 ], [ -82.0406, 8.2433 ], [ -82.0408, 8.2442 ], [ -82.0418, 8.2416 ], [ -82.0409, 8.2406 ], [ -82.0337, 8.2432 ], [ -82.0333, 8.2437 ], [ -82.0336, 8.245 ], [ -82.032, 8.2469 ], [ -82.0313, 8.2498 ], [ -82.0308, 8.2467 ], [ -82.0277, 8.2428 ], [ -82.0329, 8.2399 ], [ -82.0372, 8.241 ], [ -82.0396, 8.2394 ], [ -82.0401, 8.238 ], [ -82.0396, 8.2366 ], [ -82.032, 8.2296 ], [ -82.0398, 8.2269 ], [ -82.0403, 8.225 ], [ -82.037, 8.2198 ], [ -82.0321, 8.2177 ], [ -82.0285, 8.2177 ], [ -82.022, 8.2204 ], [ -82.0077, 8.2129 ], [ -82.009, 8.21 ], [ -82.0416, 8.2185 ], [ -82.0828, 8.2168 ], [ -82.1165, 8.2253 ], [ -82.1142, 8.2284 ], [ -82.1174, 8.2269 ], [ -82.119, 8.2324 ], [ -82.1123, 8.2362 ], [ -82.1048, 8.2291 ], [ -82.1018, 8.2287 ], [ -82.1014, 8.2271 ], [ -82.0979, 8.2263 ], [ -82.0964, 8.2268 ], [ -82.0957, 8.2274 ], [ -82.1055, 8.231 ], [ -82.102, 8.2315 ], [ -82.1012, 8.2328 ], [ -82.1018, 8.2346 ], [ -82.1059, 8.2369 ], [ -82.1028, 8.239 ], [ -82.1026, 8.2416 ], [ -82.1036, 8.2424 ], [ -82.1031, 8.2426 ], [ -82.1031, 8.243 ], [ -82.1038, 8.2425 ], [ -82.1029, 8.2392 ], [ -82.1061, 8.237 ], [ -82.1019, 8.2319 ], [ -82.1125, 8.2379 ], [ -82.1099, 8.2486 ], [ -82.1054, 8.2491 ], [ -82.1038, 8.25 ], [ -82.107, 8.2492 ], [ -82.1078, 8.2502 ], [ -82.1067, 8.2505 ], [ -82.1066, 8.2514 ], [ -82.1106, 8.2481 ], [ -82.1125, 8.2424 ], [ -82.1166, 8.2459 ], [ -82.1132, 8.2495 ], [ -82.1134, 8.2543 ], [ -82.1166, 8.2544 ], [ -82.1168, 8.2542 ], [ -82.1135, 8.2534 ], [ -82.117, 8.2456 ], [ -82.1128, 8.2405 ], [ -82.1215, 8.2319 ], [ -82.1268, 8.2377 ], [ -82.1243, 8.2384 ], [ -82.1275, 8.2385 ], [ -82.1262, 8.243 ], [ -82.1281, 8.2455 ], [ -82.1281, 8.2385 ], [ -82.1375, 8.2402 ], [ -82.1364, 8.2505 ], [ -82.1418, 8.2582 ], [ -82.1389, 8.2628 ], [ -82.1406, 8.2672 ], [ -82.1397, 8.2677 ], [ -82.1375, 8.2677 ], [ -82.1366, 8.2681 ], [ -82.1356, 8.2694 ], [ -82.1359, 8.2701 ], [ -82.1341, 8.2706 ], [ -82.1341, 8.2709 ], [ -82.1354, 8.2718 ], [ -82.1359, 8.2719 ], [ -82.1409, 8.2673 ], [ -82.1421, 8.2719 ], [ -82.1432, 8.2727 ], [ -82.1504, 8.2744 ], [ -82.1513, 8.2742 ], [ -82.1524, 8.2726 ], [ -82.1532, 8.2726 ], [ -82.1515, 8.2757 ], [ -82.1544, 8.2715 ], [ -82.1542, 8.2706 ], [ -82.1535, 8.2694 ], [ -82.1559, 8.2695 ], [ -82.157, 8.2675 ], [ -82.1579, 8.269 ], [ -82.1587, 8.2685 ], [ -82.1571, 8.2673 ], [ -82.1536, 8.2691 ], [ -82.1508, 8.2741 ], [ -82.1464, 8.2713 ], [ -82.1427, 8.2721 ], [ -82.1398, 8.2634 ], [ -82.1447, 8.2602 ], [ -82.142, 8.2611 ], [ -82.1431, 8.2562 ], [ -82.1399, 8.2496 ], [ -82.1424, 8.25 ], [ -82.1452, 8.2484 ], [ -82.1462, 8.2534 ], [ -82.1519, 8.256 ], [ -82.1535, 8.2552 ], [ -82.154, 8.2521 ], [ -82.1589, 8.2533 ], [ -82.1612, 8.2531 ], [ -82.1616, 8.2524 ], [ -82.1618, 8.2511 ], [ -82.1639, 8.2524 ], [ -82.1645, 8.2518 ], [ -82.1651, 8.2526 ], [ -82.1647, 8.2516 ], [ -82.1617, 8.251 ], [ -82.1611, 8.253 ], [ -82.1541, 8.2516 ], [ -82.1525, 8.2554 ], [ -82.1469, 8.2531 ], [ -82.1466, 8.2481 ], [ -82.1439, 8.2469 ], [ -82.1409, 8.2485 ], [ -82.1406, 8.245 ], [ -82.1422, 8.2445 ], [ -82.1435, 8.2417 ], [ -82.1438, 8.244 ], [ -82.1453, 8.2461 ], [ -82.1459, 8.246 ], [ -82.1467, 8.2443 ], [ -82.1479, 8.2446 ], [ -82.1494, 8.2442 ], [ -82.1466, 8.2442 ], [ -82.1453, 8.2459 ], [ -82.1437, 8.2414 ], [ -82.1412, 8.2443 ], [ -82.1373, 8.2374 ], [ -82.1272, 8.2349 ], [ -82.133, 8.2265 ], [ -82.1262, 8.2312 ], [ -82.1227, 8.225 ], [ -82.1265, 8.2251 ], [ -82.1254, 8.2212 ], [ -82.1224, 8.2246 ], [ -82.1133, 8.2166 ], [ -82.117, 8.2112 ], [ -82.1215, 8.2126 ], [ -82.1248, 8.2075 ], [ -82.1279, 8.2095 ], [ -82.1398, 8.2025 ], [ -82.1433, 8.1819 ], [ -82.1395, 8.18 ], [ -82.1437, 8.1702 ], [ -82.1409, 8.1655 ], [ -82.1535, 8.1686 ], [ -82.1561, 8.1643 ], [ -82.163, 8.1664 ], [ -82.163, 8.1722 ], [ -82.155, 8.172 ], [ -82.1452, 8.1869 ], [ -82.1494, 8.1971 ], [ -82.1561, 8.1916 ], [ -82.1646, 8.1932 ], [ -82.1469, 8.2115 ], [ -82.1601, 8.2206 ], [ -82.1689, 8.2179 ], [ -82.1654, 8.2106 ], [ -82.1707, 8.2078 ], [ -82.1662, 8.2038 ], [ -82.1675, 8.2003 ], [ -82.1784, 8.2075 ], [ -82.1965, 8.2015 ], [ -82.1998, 8.2106 ], [ -82.1959, 8.2137 ], [ -82.2005, 8.2196 ], [ -82.2111, 8.2162 ], [ -82.2235, 8.2188 ], [ -82.2227, 8.2306 ], [ -82.2025, 8.2414 ] ], [ [ -82.1329, 8.3406 ], [ -82.1321, 8.3404 ], [ -82.1341, 8.3429 ], [ -82.1329, 8.3406 ] ], [ [ -81.9614, 8.2482 ], [ -81.9618, 8.2477 ], [ -81.9612, 8.2466 ], [ -81.9609, 8.2482 ], [ -81.9614, 8.2482 ] ], [ [ -81.9647, 8.2355 ], [ -81.9632, 8.2352 ], [ -81.961, 8.2353 ], [ -81.9598, 8.2359 ], [ -81.9651, 8.2359 ], [ -81.9647, 8.2355 ] ], [ [ -81.9798, 8.2224 ], [ -81.9788, 8.2227 ], [ -81.9786, 8.2231 ], [ -81.98, 8.2259 ], [ -81.9841, 8.2285 ], [ -81.9816, 8.2293 ], [ -81.9816, 8.2297 ], [ -81.9822, 8.2309 ], [ -81.9814, 8.2307 ], [ -81.9811, 8.2308 ], [ -81.9812, 8.2322 ], [ -81.9843, 8.2286 ], [ -81.9799, 8.2218 ], [ -81.9798, 8.2219 ], [ -81.9798, 8.2224 ] ], [ [ -81.9942, 8.2099 ], [ -81.994, 8.2108 ], [ -81.995, 8.2093 ], [ -81.9948, 8.2092 ], [ -81.9942, 8.2099 ] ], [ [ -82.0108, 8.2285 ], [ -82.0103, 8.2262 ], [ -82.0102, 8.2262 ], [ -82.0108, 8.2285 ] ], [ [ -82.0201, 8.2334 ], [ -82.02, 8.231 ], [ -82.0199, 8.231 ], [ -82.0201, 8.2334 ] ], [ [ -82.1025, 8.2497 ], [ -82.1011, 8.2502 ], [ -82.0996, 8.2511 ], [ -82.0988, 8.2503 ], [ -82.0979, 8.2505 ], [ -82.0996, 8.2512 ], [ -82.1038, 8.25 ], [ -82.1025, 8.2497 ] ], [ [ -82.1149, 8.2568 ], [ -82.1148, 8.2578 ], [ -82.1151, 8.2578 ], [ -82.1166, 8.2544 ], [ -82.1149, 8.2568 ] ], [ [ -82.1197, 8.2592 ], [ -82.1198, 8.2589 ], [ -82.1151, 8.2578 ], [ -82.1197, 8.2592 ] ], [ [ -82.1179, 8.2599 ], [ -82.1176, 8.2604 ], [ -82.1176, 8.2607 ], [ -82.1184, 8.2612 ], [ -82.118, 8.2628 ], [ -82.1187, 8.264 ], [ -82.1197, 8.2592 ], [ -82.1179, 8.2599 ] ], [ [ -82.1178, 8.2641 ], [ -82.1171, 8.2645 ], [ -82.1167, 8.2631 ], [ -82.1152, 8.2633 ], [ -82.1171, 8.2647 ], [ -82.1187, 8.2642 ], [ -82.1187, 8.264 ], [ -82.1178, 8.2641 ] ], [ [ -82.1241, 8.2384 ], [ -82.1238, 8.2388 ], [ -82.1237, 8.2391 ], [ -82.1241, 8.2398 ], [ -82.1242, 8.2398 ], [ -82.1243, 8.2384 ], [ -82.1241, 8.2384 ] ], [ [ -82.1259, 8.2505 ], [ -82.126, 8.251 ], [ -82.1281, 8.2508 ], [ -82.1281, 8.2455 ], [ -82.1259, 8.2505 ] ], [ [ -82.1514, 8.2758 ], [ -82.1515, 8.2761 ], [ -82.1518, 8.2763 ], [ -82.1538, 8.2767 ], [ -82.1538, 8.2769 ], [ -82.1539, 8.2767 ], [ -82.1515, 8.2757 ], [ -82.1514, 8.2758 ] ], [ [ -82.1529, 8.2769 ], [ -82.1525, 8.2772 ], [ -82.1526, 8.2778 ], [ -82.1532, 8.2779 ], [ -82.1526, 8.2772 ], [ -82.1538, 8.277 ], [ -82.1538, 8.2769 ], [ -82.1529, 8.2769 ] ], [ [ -82.0605, 8.2421 ], [ -82.0604, 8.2411 ], [ -82.059, 8.243 ], [ -82.0597, 8.2438 ], [ -82.0614, 8.2441 ], [ -82.0605, 8.2421 ] ], [ [ -82.1915, 8.3266 ], [ -82.1907, 8.3288 ], [ -82.1913, 8.3289 ], [ -82.1915, 8.3266 ] ] ] ] } },
{ "type": "Feature", "properties": { "id": "las_lajas", "name": "Corredor Oriental - San Felix / Las Lajas", "tier": "action_plan", "products": "sun & beach; mangrove visits; recreational nautical tourism", "nature_hooks": "long Pacific beaches; mangroves; gateway to Gulf of Chiriqui", "vocation_en": "A sun-and-beach destination with mangrove visits and recreational nautical tourism; ATP destination action plan dated 2023.", "vocation_es": "Destino para experiencias de sol y playa, visitas a manglares y turismo nautico recreativo.", "districts": "Chiriquí/San Félix; Chiriquí/Remedios", "area_km2": 394.4 }, "geometry": { "type": "MultiPolygon", "coordinates": [ [ [ [ -81.8177, 8.0856 ], [ -81.8084, 8.0877 ], [ -81.809, 8.0834 ], [ -81.8166, 8.0808 ], [ -81.8177, 8.0856 ] ] ], [ [ [ -81.7598, 8.1665 ], [ -81.7604, 8.1668 ], [ -81.7588, 8.1671 ], [ -81.7598, 8.1665 ] ] ], [ [ [ -81.7706, 8.1687 ], [ -81.7709, 8.1681 ], [ -81.7708, 8.1688 ], [ -81.7706, 8.1687 ] ] ], [ [ [ -81.7724, 8.1717 ], [ -81.7685, 8.1696 ], [ -81.7658, 8.1697 ], [ -81.7685, 8.1691 ], [ -81.7724, 8.1717 ] ] ], [ [ [ -81.7569, 8.1881 ], [ -81.7553, 8.1796 ], [ -81.7593, 8.1822 ], [ -81.7569, 8.1881 ] ] ], [ [ [ -81.7603, 8.1862 ], [ -81.7608, 8.1871 ], [ -81.76, 8.1878 ], [ -81.7603, 8.1862 ] ] ], [ [ [ -81.9536, 8.1979 ], [ -81.9537, 8.1975 ], [ -81.9541, 8.1979 ], [ -81.9536, 8.1979 ] ] ], [ [ [ -81.842, 8.3161 ], [ -81.8336, 8.3049 ], [ -81.8235, 8.31 ], [ -81.8171, 8.3055 ], [ -81.8256, 8.2949 ], [ -81.8187, 8.2783 ], [ -81.809, 8.281 ], [ -81.791, 8.2735 ], [ -81.792, 8.2802 ], [ -81.7771, 8.273 ], [ -81.7829, 8.2678 ], [ -81.7723, 8.2627 ], [ -81.7691, 8.2671 ], [ -81.7746, 8.2697 ], [ -81.7683, 8.272 ], [ -81.7606, 8.2835 ], [ -81.7452, 8.2804 ], [ -81.7517, 8.2629 ], [ -81.7425, 8.2615 ], [ -81.7418, 8.2688 ], [ -81.734, 8.2708 ], [ -81.7272, 8.258 ], [ -81.7288, 8.2524 ], [ -81.7195, 8.2406 ], [ -81.7145, 8.2406 ], [ -81.7129, 8.2289 ], [ -81.7165, 8.2224 ], [ -81.7279, 8.2181 ], [ -81.7339, 8.2085 ], [ -81.7385, 8.2084 ], [ -81.7415, 8.2177 ], [ -81.7475, 8.219 ], [ -81.7514, 8.2152 ], [ -81.7566, 8.2202 ], [ -81.7608, 8.2163 ], [ -81.7656, 8.2011 ], [ -81.7601, 8.193 ], [ -81.7633, 8.181 ], [ -81.7707, 8.1829 ], [ -81.7627, 8.1724 ], [ -81.7718, 8.1744 ], [ -81.7735, 8.1706 ], [ -81.7709, 8.1686 ], [ -81.7781, 8.1677 ], [ -81.7663, 8.1644 ], [ -81.7563, 8.1658 ], [ -81.7519, 8.169 ], [ -81.753, 8.1594 ], [ -81.7613, 8.1548 ], [ -81.7604, 8.1432 ], [ -81.764, 8.1403 ], [ -81.7592, 8.14 ], [ -81.7649, 8.1294 ], [ -81.7716, 8.1282 ], [ -81.791, 8.1356 ], [ -81.7993, 8.1463 ], [ -81.8172, 8.1542 ], [ -81.9099, 8.1831 ], [ -81.9112, 8.1895 ], [ -81.9234, 8.1866 ], [ -81.9626, 8.1921 ], [ -81.9611, 8.2007 ], [ -81.9608, 8.1955 ], [ -81.9603, 8.195 ], [ -81.9591, 8.1945 ], [ -81.9592, 8.1992 ], [ -81.95, 8.1949 ], [ -81.9267, 8.193 ], [ -81.9254, 8.1933 ], [ -81.9243, 8.1946 ], [ -81.924, 8.1967 ], [ -81.926, 8.1997 ], [ -81.9239, 8.1993 ], [ -81.92, 8.2032 ], [ -81.9262, 8.1997 ], [ -81.9267, 8.1932 ], [ -81.9563, 8.1996 ], [ -81.9609, 8.2067 ], [ -81.9531, 8.2186 ], [ -81.946, 8.2217 ], [ -81.9435, 8.2249 ], [ -81.9521, 8.2198 ], [ -81.9428, 8.235 ], [ -81.9359, 8.2414 ], [ -81.9307, 8.2378 ], [ -81.9266, 8.2382 ], [ -81.9257, 8.245 ], [ -81.9179, 8.2463 ], [ -81.9167, 8.2529 ], [ -81.9114, 8.2505 ], [ -81.9107, 8.2513 ], [ -81.9109, 8.2525 ], [ -81.9128, 8.2552 ], [ -81.9085, 8.2536 ], [ -81.9082, 8.2545 ], [ -81.908, 8.2578 ], [ -81.9095, 8.2586 ], [ -81.9113, 8.2579 ], [ -81.912, 8.2586 ], [ -81.9077, 8.2603 ], [ -81.9121, 8.2586 ], [ -81.9086, 8.2538 ], [ -81.913, 8.2555 ], [ -81.9121, 8.2509 ], [ -81.9175, 8.2538 ], [ -81.9183, 8.2473 ], [ -81.9265, 8.2457 ], [ -81.9288, 8.2387 ], [ -81.9313, 8.2405 ], [ -81.9269, 8.2475 ], [ -81.9272, 8.2485 ], [ -81.9284, 8.2487 ], [ -81.9283, 8.2497 ], [ -81.9317, 8.2407 ], [ -81.9374, 8.2458 ], [ -81.9422, 8.2465 ], [ -81.9401, 8.2531 ], [ -81.9423, 8.2523 ], [ -81.9424, 8.2464 ], [ -81.9365, 8.2442 ], [ -81.9407, 8.2407 ], [ -81.9477, 8.2493 ], [ -81.9474, 8.2543 ], [ -81.9498, 8.2622 ], [ -81.9387, 8.2679 ], [ -81.9503, 8.2627 ], [ -81.9528, 8.2671 ], [ -81.9516, 8.2636 ], [ -81.9537, 8.2613 ], [ -81.9634, 8.2702 ], [ -81.9654, 8.2668 ], [ -81.9712, 8.273 ], [ -81.9744, 8.2703 ], [ -81.9782, 8.2771 ], [ -81.9848, 8.275 ], [ -81.985, 8.2862 ], [ -81.9814, 8.2859 ], [ -81.9917, 8.2973 ], [ -81.9852, 8.3015 ], [ -81.9855, 8.3079 ], [ -81.9917, 8.3005 ], [ -81.9932, 8.3059 ], [ -81.9961, 8.3039 ], [ -81.9953, 8.313 ], [ -81.9862, 8.3178 ], [ -81.9864, 8.3136 ], [ -81.9817, 8.3136 ], [ -81.9771, 8.3261 ], [ -81.9738, 8.3202 ], [ -81.9594, 8.3229 ], [ -81.961, 8.3181 ], [ -81.9574, 8.3177 ], [ -81.946, 8.3332 ], [ -81.945, 8.3251 ], [ -81.9339, 8.3213 ], [ -81.938, 8.3223 ], [ -81.9413, 8.3172 ], [ -81.9348, 8.3162 ], [ -81.933, 8.3196 ], [ -81.9337, 8.3298 ], [ -81.9228, 8.3268 ], [ -81.9208, 8.3361 ], [ -81.9124, 8.3352 ], [ -81.907, 8.3394 ], [ -81.8979, 8.3338 ], [ -81.9012, 8.3257 ], [ -81.888, 8.3222 ], [ -81.8903, 8.3271 ], [ -81.8853, 8.3267 ], [ -81.8846, 8.331 ], [ -81.8877, 8.3341 ], [ -81.8814, 8.3377 ], [ -81.8706, 8.3398 ], [ -81.8677, 8.3354 ], [ -81.8572, 8.342 ], [ -81.8366, 8.3418 ], [ -81.8395, 8.3496 ], [ -81.8365, 8.3509 ], [ -81.8329, 8.3455 ], [ -81.8359, 8.3412 ], [ -81.8285, 8.3401 ], [ -81.842, 8.3161 ] ], [ [ -81.7969, 8.208 ], [ -81.7961, 8.205 ], [ -81.7945, 8.2065 ], [ -81.7969, 8.208 ] ], [ [ -81.8155, 8.1663 ], [ -81.8212, 8.1655 ], [ -81.8154, 8.1645 ], [ -81.8155, 8.1663 ] ], [ [ -81.8647, 8.1754 ], [ -81.8569, 8.1714 ], [ -81.8471, 8.1706 ], [ -81.8505, 8.1753 ], [ -81.8576, 8.1758 ], [ -81.8566, 8.1726 ], [ -81.8647, 8.1754 ] ] ], [ [ [ -81.9476, 8.2543 ], [ -81.949, 8.2518 ], [ -81.9479, 8.2548 ], [ -81.9476, 8.2543 ] ] ] ] } },
{ "type": "Feature", "properties": { "id": "baru", "name": "Golfo de Chiriqui - Baru", "tier": "action_plan", "products": "beach; agro-industrial visits; nature", "nature_hooks": "Pacific coast; mangroves; banana landscapes", "vocation_en": "A destination combining agro-industrial visits with a well-conserved natural setting; ATP destination action plan dated 2023.", "vocation_es": "Destino en el que visitar plantas agro-industriales en un entorno natural excelentemente conservado.", "districts": "Chiriquí/Barú", "area_km2": 599.6 }, "geometry": { "type": "MultiPolygon", "coordinates": [ [ [ [ -82.8839, 8.0197 ], [ -82.8777, 8.0204 ], [ -82.8712, 8.0123 ], [ -82.8839, 8.0197 ] ] ], [ [ [ -82.8719, 8.2408 ], [ -82.8721, 8.2397 ], [ -82.8728, 8.2407 ], [ -82.8719, 8.2408 ] ] ], [ [ [ -82.8722, 8.2416 ], [ -82.8722, 8.2421 ], [ -82.8718, 8.2416 ], [ -82.8722, 8.2416 ] ] ], [ [ [ -82.8707, 8.246 ], [ -82.8716, 8.2421 ], [ -82.872, 8.2479 ], [ -82.8707, 8.246 ] ] ], [ [ [ -82.8676, 8.2512 ], [ -82.8697, 8.251 ], [ -82.8678, 8.2531 ], [ -82.8676, 8.2512 ] ] ], [ [ [ -82.867, 8.2553 ], [ -82.8674, 8.2566 ], [ -82.867, 8.257 ], [ -82.867, 8.2553 ] ] ], [ [ [ -82.8291, 8.594 ], [ -82.8007, 8.5788 ], [ -82.8027, 8.5716 ], [ -82.8306, 8.5526 ], [ -82.8367, 8.5427 ], [ -82.8256, 8.5126 ], [ -82.8242, 8.4842 ], [ -82.8266, 8.469 ], [ -82.8306, 8.4675 ], [ -82.829, 8.4542 ], [ -82.8182, 8.4503 ], [ -82.8253, 8.4448 ], [ -82.8142, 8.4418 ], [ -82.8113, 8.4472 ], [ -82.8047, 8.4406 ], [ -82.8059, 8.436 ], [ -82.7987, 8.4391 ], [ -82.7963, 8.4334 ], [ -82.7899, 8.4391 ], [ -82.7884, 8.4296 ], [ -82.783, 8.4294 ], [ -82.7848, 8.4209 ], [ -82.7745, 8.414 ], [ -82.7783, 8.4003 ], [ -82.773, 8.3988 ], [ -82.7735, 8.3843 ], [ -82.7598, 8.3808 ], [ -82.7556, 8.3706 ], [ -82.739, 8.3668 ], [ -82.7402, 8.3617 ], [ -82.7197, 8.3532 ], [ -82.7172, 8.3443 ], [ -82.708, 8.347 ], [ -82.7095, 8.3395 ], [ -82.7046, 8.3313 ], [ -82.7108, 8.3323 ], [ -82.7043, 8.3278 ], [ -82.7299, 8.3229 ], [ -82.7259, 8.3263 ], [ -82.7222, 8.3262 ], [ -82.7211, 8.3279 ], [ -82.7382, 8.3254 ], [ -82.7418, 8.3205 ], [ -82.7357, 8.3214 ], [ -82.7498, 8.3162 ], [ -82.7861, 8.3096 ], [ -82.8069, 8.2994 ], [ -82.8365, 8.2936 ], [ -82.8564, 8.2765 ], [ -82.8682, 8.2569 ], [ -82.8739, 8.2443 ], [ -82.8776, 8.2184 ], [ -82.8732, 8.2034 ], [ -82.8767, 8.151 ], [ -82.8714, 8.1305 ], [ -82.8733, 8.1194 ], [ -82.857, 8.0915 ], [ -82.8522, 8.0721 ], [ -82.8578, 8.059 ], [ -82.8684, 8.0518 ], [ -82.8667, 8.0362 ], [ -82.8746, 8.0303 ], [ -82.9034, 8.0402 ], [ -82.8909, 8.0518 ], [ -82.8952, 8.055 ], [ -82.896, 8.0649 ], [ -82.8835, 8.0792 ], [ -82.8903, 8.0955 ], [ -82.8861, 8.1083 ], [ -82.9078, 8.1431 ], [ -82.9089, 8.1623 ], [ -82.914, 8.1633 ], [ -82.9139, 8.1696 ], [ -82.9183, 8.1722 ], [ -82.9201, 8.1909 ], [ -82.9266, 8.1908 ], [ -82.925, 8.2074 ], [ -82.9361, 8.2106 ], [ -82.9304, 8.2408 ], [ -82.938, 8.252 ], [ -82.9421, 8.273 ], [ -82.9513, 8.2672 ], [ -82.9575, 8.2812 ], [ -82.9685, 8.2788 ], [ -82.976, 8.2882 ], [ -82.9897, 8.2712 ], [ -82.9988, 8.2869 ], [ -83.0041, 8.289 ], [ -83.0048, 8.2965 ], [ -83.0245, 8.3053 ], [ -83.0229, 8.3117 ], [ -83.0276, 8.317 ], [ -83.0451, 8.3175 ], [ -83.0521, 8.3366 ], [ -83.0464, 8.3348 ], [ -83.0476, 8.3423 ], [ -83.0289, 8.3524 ], [ -83.0197, 8.3512 ], [ -83.0172, 8.3562 ], [ -83.0082, 8.3565 ], [ -82.9896, 8.3759 ], [ -82.984, 8.3725 ], [ -82.9693, 8.3863 ], [ -82.9667, 8.3979 ], [ -82.9541, 8.4079 ], [ -82.9536, 8.414 ], [ -82.9357, 8.4237 ], [ -82.9311, 8.435 ], [ -82.9154, 8.4287 ], [ -82.8685, 8.4396 ], [ -82.8395, 8.4802 ], [ -82.8318, 8.5044 ], [ -82.8398, 8.5463 ], [ -82.8224, 8.5672 ], [ -82.827, 8.582 ], [ -82.8248, 8.5877 ], [ -82.8342, 8.5913 ], [ -82.8291, 8.594 ] ], [ [ -82.788, 8.3129 ], [ -82.7898, 8.3135 ], [ -82.7907, 8.3137 ], [ -82.788, 8.3129 ] ] ], [ [ [ -82.7285, 8.325 ], [ -82.7281, 8.3257 ], [ -82.7278, 8.3251 ], [ -82.7285, 8.325 ] ] ], [ [ [ -82.7276, 8.3252 ], [ -82.7272, 8.3262 ], [ -82.7269, 8.3259 ], [ -82.7276, 8.3252 ] ] ] ] } },
{ "type": "Feature", "properties": { "id": "las_perlas", "name": "Archipielago de Las Perlas", "tier": "action_plan", "products": "island sun & beach; diving & snorkelling; whale watching; nautical", "nature_hooks": "Las Perlas Archipelago marine managed area; humpback whale breeding grounds; coral communities; island beaches", "vocation_en": "An island destination oriented to low-impact tropical sun-and-beach experiences on high-quality beaches; ATP destination action plan dated 2022. The archipelago is already a declared marine managed-resources area.", "vocation_es": "Destino insular ideal para experiencias de bajo impacto de sol y playa tropical en playas de gran calidad.", "districts": "Panamá/Balboa", "area_km2": 331.8 }, "geometry": { "type": "MultiPolygon", "coordinates": [ [ [ [ -79.098, 8.2066 ], [ -79.0966, 8.2052 ], [ -79.0984, 8.2056 ], [ -79.098, 8.2066 ] ] ], [ [ [ -79.0934, 8.2061 ], [ -79.0935, 8.2069 ], [ -79.0929, 8.2065 ], [ -79.0934, 8.2061 ] ] ], [ [ [ -79.122, 8.2065 ], [ -79.1225, 8.207 ], [ -79.1217, 8.2068 ], [ -79.122, 8.2065 ] ] ], [ [ [ -79.1245, 8.2074 ], [ -79.1239, 8.2075 ], [ -79.1243, 8.2071 ], [ -79.1245, 8.2074 ] ] ], [ [ [ -79.1099, 8.2102 ], [ -79.1065, 8.2074 ], [ -79.109, 8.2054 ], [ -79.1099, 8.2102 ] ] ], [ [ [ -79.1128, 8.2095 ], [ -79.1138, 8.209 ], [ -79.1134, 8.2101 ], [ -79.1128, 8.2095 ] ] ], [ [ [ -79.1246, 8.2107 ], [ -79.1239, 8.2082 ], [ -79.1253, 8.2088 ], [ -79.1246, 8.2107 ] ] ], [ [ [ -79.0973, 8.212 ], [ -79.0962, 8.21 ], [ -79.0978, 8.2097 ], [ -79.0973, 8.212 ] ] ], [ [ [ -79.109, 8.2122 ], [ -79.1096, 8.2114 ], [ -79.11, 8.2115 ], [ -79.109, 8.2122 ] ] ], [ [ [ -79.0939, 8.2131 ], [ -79.0949, 8.2133 ], [ -79.0938, 8.2138 ], [ -79.0939, 8.2131 ] ] ], [ [ [ -79.0975, 8.2237 ], [ -79.0973, 8.2228 ], [ -79.0978, 8.223 ], [ -79.0975, 8.2237 ] ] ], [ [ [ -79.1055, 8.2262 ], [ -79.1058, 8.2257 ], [ -79.1056, 8.2269 ], [ -79.1055, 8.2262 ] ] ], [ [ [ -79.1, 8.229 ], [ -79.1, 8.2282 ], [ -79.1006, 8.2285 ], [ -79.1, 8.229 ] ] ], [ [ [ -79.0986, 8.23 ], [ -79.0984, 8.229 ], [ -79.0992, 8.2291 ], [ -79.0986, 8.23 ] ] ], [ [ [ -79.0926, 8.2371 ], [ -79.0927, 8.2363 ], [ -79.093, 8.2365 ], [ -79.0926, 8.2371 ] ] ], [ [ [ -79.0765, 8.2532 ], [ -79.0773, 8.2525 ], [ -79.0774, 8.2528 ], [ -79.0765, 8.2532 ] ] ], [ [ [ -79.1421, 8.2541 ], [ -79.143, 8.2549 ], [ -79.1426, 8.2556 ], [ -79.1421, 8.2541 ] ] ], [ [ [ -79.1278, 8.2574 ], [ -79.1277, 8.2563 ], [ -79.1285, 8.257 ], [ -79.1278, 8.2574 ] ] ], [ [ [ -79.14, 8.2604 ], [ -79.1385, 8.2591 ], [ -79.139, 8.2584 ], [ -79.14, 8.2604 ] ] ], [ [ [ -79.1034, 8.3157 ], [ -79.084, 8.2884 ], [ -79.0839, 8.2721 ], [ -79.0765, 8.269 ], [ -79.0763, 8.263 ], [ -79.0689, 8.2643 ], [ -79.0662, 8.2585 ], [ -79.0779, 8.2589 ], [ -79.0821, 8.254 ], [ -79.0869, 8.2605 ], [ -79.1024, 8.2565 ], [ -79.1065, 8.2459 ], [ -79.0984, 8.2385 ], [ -79.0998, 8.2301 ], [ -79.1058, 8.2313 ], [ -79.1109, 8.227 ], [ -79.1083, 8.2179 ], [ -79.1112, 8.2096 ], [ -79.1128, 8.2139 ], [ -79.1209, 8.2088 ], [ -79.1296, 8.214 ], [ -79.131, 8.2217 ], [ -79.1271, 8.2274 ], [ -79.1346, 8.2236 ], [ -79.1323, 8.2283 ], [ -79.1377, 8.2441 ], [ -79.1445, 8.2395 ], [ -79.1427, 8.2508 ], [ -79.1398, 8.2497 ], [ -79.1369, 8.2596 ], [ -79.1345, 8.2544 ], [ -79.1203, 8.2582 ], [ -79.1309, 8.2641 ], [ -79.1238, 8.2795 ], [ -79.1292, 8.2816 ], [ -79.1249, 8.284 ], [ -79.1294, 8.2868 ], [ -79.1297, 8.2949 ], [ -79.117, 8.3154 ], [ -79.1034, 8.3157 ] ] ], [ [ [ -79.094, 8.373 ], [ -79.0938, 8.3721 ], [ -79.0942, 8.3721 ], [ -79.094, 8.373 ] ] ], [ [ [ -79.0795, 8.3991 ], [ -79.0804, 8.3988 ], [ -79.0796, 8.3992 ], [ -79.0795, 8.3991 ] ] ], [ [ [ -79.079, 8.4006 ], [ -79.079, 8.3991 ], [ -79.08, 8.3998 ], [ -79.079, 8.4006 ] ] ], [ [ [ -79.0845, 8.4018 ], [ -79.0839, 8.402 ], [ -79.0842, 8.4016 ], [ -79.0845, 8.4018 ] ] ], [ [ [ -79.114, 8.4284 ], [ -79.1157, 8.4213 ], [ -79.1015, 8.4152 ], [ -79.1032, 8.4081 ], [ -79.0958, 8.4085 ], [ -79.0945, 8.401 ], [ -79.088, 8.4097 ], [ -79.09, 8.4189 ], [ -79.0823, 8.4141 ], [ -79.087, 8.4019 ], [ -79.08, 8.3966 ], [ -79.086, 8.3781 ], [ -79.0956, 8.3779 ], [ -79.0962, 8.3837 ], [ -79.1038, 8.3894 ], [ -79.1172, 8.3917 ], [ -79.1173, 8.4038 ], [ -79.128, 8.4006 ], [ -79.1318, 8.4041 ], [ -79.127, 8.4214 ], [ -79.114, 8.4284 ] ] ], [ [ [ -79.1099, 8.4246 ], [ -79.1052, 8.4243 ], [ -79.1079, 8.4218 ], [ -79.1099, 8.4246 ] ] ], [ [ [ -79.1039, 8.4417 ], [ -79.1034, 8.4411 ], [ -79.1041, 8.4413 ], [ -79.1039, 8.4417 ] ] ], [ [ [ -79.1066, 8.4472 ], [ -79.1061, 8.4426 ], [ -79.1081, 8.4403 ], [ -79.1104, 8.4456 ], [ -79.1066, 8.4472 ] ] ], [ [ [ -79.0608, 8.4815 ], [ -79.0617, 8.4821 ], [ -79.0612, 8.4831 ], [ -79.0608, 8.4815 ] ] ], [ [ [ -79.0491, 8.4887 ], [ -79.0485, 8.4834 ], [ -79.0512, 8.4815 ], [ -79.0536, 8.4855 ], [ -79.0491, 8.4887 ] ] ], [ [ [ -79.0561, 8.5039 ], [ -79.0581, 8.4935 ], [ -79.0496, 8.5003 ], [ -79.0562, 8.4898 ], [ -79.0527, 8.4873 ], [ -79.0673, 8.4818 ], [ -79.069, 8.4952 ], [ -79.0561, 8.5039 ] ] ], [ [ [ -79.0497, 8.4955 ], [ -79.0469, 8.493 ], [ -79.0537, 8.4907 ], [ -79.0497, 8.4955 ] ] ], [ [ [ -79.0566, 8.5107 ], [ -79.0576, 8.5097 ], [ -79.0586, 8.5105 ], [ -79.0566, 8.5107 ] ] ], [ [ [ -79.0522, 8.5228 ], [ -79.0521, 8.5224 ], [ -79.0528, 8.522 ], [ -79.0522, 8.5228 ] ] ], [ [ [ -79.0642, 8.6022 ], [ -79.0606, 8.599 ], [ -79.064, 8.5979 ], [ -79.0642, 8.6022 ] ] ], [ [ [ -79.0641, 8.6361 ], [ -79.0588, 8.6354 ], [ -79.0571, 8.6242 ], [ -79.0513, 8.6245 ], [ -79.0632, 8.6078 ], [ -79.0718, 8.6204 ], [ -79.0641, 8.6361 ] ] ], [ [ [ -79.0566, 8.6422 ], [ -79.0571, 8.6415 ], [ -79.0572, 8.6418 ], [ -79.0566, 8.6422 ] ] ], [ [ [ -79.0615, 8.6489 ], [ -79.0613, 8.6498 ], [ -79.061, 8.6493 ], [ -79.0615, 8.6489 ] ] ], [ [ [ -79.0509, 8.6688 ], [ -79.0493, 8.6621 ], [ -79.0596, 8.6665 ], [ -79.0581, 8.6702 ], [ -79.0509, 8.6688 ] ] ], [ [ [ -79.0639, 8.6727 ], [ -79.0612, 8.6728 ], [ -79.0607, 8.6709 ], [ -79.0639, 8.6727 ] ] ], [ [ [ -79.0038, 8.3325 ], [ -79.0038, 8.3318 ], [ -79.0047, 8.3323 ], [ -79.0038, 8.3325 ] ] ], [ [ [ -79.0031, 8.3347 ], [ -79.004, 8.3333 ], [ -79.0046, 8.3335 ], [ -79.0031, 8.3347 ] ] ], [ [ [ -79.0092, 8.3344 ], [ -79.0037, 8.3357 ], [ -79.0075, 8.3334 ], [ -79.0092, 8.3344 ] ] ], [ [ [ -78.9874, 8.3382 ], [ -78.9869, 8.3373 ], [ -78.9888, 8.338 ], [ -78.9874, 8.3382 ] ] ], [ [ [ -78.9809, 8.34 ], [ -78.9815, 8.3403 ], [ -78.9804, 8.3411 ], [ -78.9809, 8.34 ] ] ], [ [ [ -78.9807, 8.3418 ], [ -78.9809, 8.3421 ], [ -78.9806, 8.3421 ], [ -78.9807, 8.3418 ] ] ], [ [ [ -78.9782, 8.3464 ], [ -78.9787, 8.348 ], [ -78.9786, 8.3482 ], [ -78.9782, 8.3464 ] ] ], [ [ [ -79.0022, 8.3485 ], [ -79.0013, 8.3474 ], [ -79.0031, 8.3484 ], [ -79.0022, 8.3485 ] ] ], [ [ [ -79.0105, 8.365 ], [ -79.0129, 8.3622 ], [ -79.0159, 8.3626 ], [ -79.0156, 8.3635 ], [ -79.0105, 8.365 ] ] ], [ [ [ -78.985, 8.426 ], [ -78.9865, 8.4244 ], [ -78.9875, 8.4246 ], [ -78.985, 8.426 ] ] ], [ [ [ -78.9835, 8.4275 ], [ -78.9805, 8.4259 ], [ -78.9828, 8.4249 ], [ -78.9835, 8.4275 ] ] ], [ [ [ -78.9757, 8.4275 ], [ -78.9745, 8.4298 ], [ -78.974, 8.4298 ], [ -78.9757, 8.4275 ] ] ], [ [ [ -78.9828, 8.4339 ], [ -78.983, 8.4353 ], [ -78.9825, 8.4348 ], [ -78.9828, 8.4339 ] ] ], [ [ [ -78.9873, 8.4374 ], [ -78.9869, 8.4368 ], [ -78.9874, 8.4373 ], [ -78.9873, 8.4374 ] ] ], [ [ [ -78.9886, 8.4406 ], [ -78.9877, 8.4404 ], [ -78.9882, 8.4401 ], [ -78.9886, 8.4406 ] ] ], [ [ [ -78.9886, 8.4412 ], [ -78.9888, 8.442 ], [ -78.9881, 8.4414 ], [ -78.9886, 8.4412 ] ] ], [ [ [ -78.9747, 8.4411 ], [ -78.9748, 8.4414 ], [ -78.9746, 8.4422 ], [ -78.9747, 8.4411 ] ] ], [ [ [ -79.0117, 8.4414 ], [ -79.0118, 8.4421 ], [ -79.0114, 8.4416 ], [ -79.0117, 8.4414 ] ] ], [ [ [ -79.011, 8.4418 ], [ -79.0101, 8.4423 ], [ -79.01, 8.4422 ], [ -79.011, 8.4418 ] ] ], [ [ [ -78.9904, 8.4422 ], [ -78.9915, 8.4435 ], [ -78.9908, 8.4437 ], [ -78.9904, 8.4422 ] ] ], [ [ [ -79.0077, 8.4455 ], [ -79.0067, 8.4437 ], [ -79.0087, 8.4442 ], [ -79.0077, 8.4455 ] ] ], [ [ [ -79.0044, 8.4507 ], [ -79.0047, 8.4498 ], [ -79.0049, 8.4507 ], [ -79.0044, 8.4507 ] ] ], [ [ [ -78.9895, 8.454 ], [ -78.9902, 8.4553 ], [ -78.9893, 8.4551 ], [ -78.9895, 8.454 ] ] ], [ [ [ -78.9746, 8.4895 ], [ -78.9796, 8.4842 ], [ -78.9791, 8.4765 ], [ -78.9874, 8.4774 ], [ -78.9968, 8.4694 ], [ -78.9882, 8.4698 ], [ -78.996, 8.4646 ], [ -78.9862, 8.4661 ], [ -78.9853, 8.4605 ], [ -78.9729, 8.4628 ], [ -78.9804, 8.456 ], [ -78.9764, 8.4474 ], [ -78.9807, 8.443 ], [ -78.9795, 8.4503 ], [ -78.9868, 8.4507 ], [ -78.9893, 8.4606 ], [ -79.0034, 8.4632 ], [ -79.0082, 8.4583 ], [ -79.0147, 8.4666 ], [ -79.0232, 8.4659 ], [ -79.0204, 8.4714 ], [ -79.0171, 8.4693 ], [ -79.0122, 8.4731 ], [ -79.0092, 8.4668 ], [ -79.002, 8.4768 ], [ -78.9964, 8.4738 ], [ -78.9936, 8.4792 ], [ -78.9834, 8.4827 ], [ -78.9822, 8.4889 ], [ -78.9746, 8.4895 ] ] ], [ [ [ -79.0198, 8.4718 ], [ -79.0205, 8.4727 ], [ -79.0195, 8.4733 ], [ -79.0198, 8.4718 ] ] ], [ [ [ -79.0065, 8.4909 ], [ -78.9983, 8.4876 ], [ -79.0037, 8.4806 ], [ -79.0126, 8.4816 ], [ -79.0065, 8.4909 ] ] ], [ [ [ -79.0206, 8.4869 ], [ -79.0196, 8.4878 ], [ -79.0206, 8.4867 ], [ -79.0206, 8.4869 ] ] ], [ [ [ -79.0093, 8.4945 ], [ -79.0093, 8.4928 ], [ -79.0111, 8.4932 ], [ -79.0093, 8.4945 ] ] ], [ [ [ -79.0288, 8.5232 ], [ -79.0265, 8.5203 ], [ -79.0338, 8.5111 ], [ -79.0337, 8.5029 ], [ -79.0241, 8.5014 ], [ -79.0221, 8.4955 ], [ -79.0275, 8.4921 ], [ -79.0334, 8.4947 ], [ -79.0316, 8.5011 ], [ -79.0432, 8.5026 ], [ -79.0288, 8.5232 ] ] ], [ [ [ -79.0282, 8.5154 ], [ -79.0217, 8.5135 ], [ -79.0215, 8.51 ], [ -79.0282, 8.5154 ] ] ], [ [ [ -79.0395, 8.5248 ], [ -79.045, 8.5207 ], [ -79.0388, 8.5214 ], [ -79.0421, 8.514 ], [ -79.0513, 8.5107 ], [ -79.0472, 8.5181 ], [ -79.0508, 8.5224 ], [ -79.0395, 8.5248 ] ] ], [ [ [ -79.0259, 8.5201 ], [ -79.0144, 8.521 ], [ -79.019, 8.5179 ], [ -79.0259, 8.5201 ] ] ], [ [ [ -79.0061, 8.5302 ], [ -79.0069, 8.5297 ], [ -79.0073, 8.53 ], [ -79.0061, 8.5302 ] ] ], [ [ [ -79.0093, 8.5322 ], [ -79.0086, 8.5307 ], [ -79.01, 8.5315 ], [ -79.0093, 8.5322 ] ] ], [ [ [ -79.0353, 8.5384 ], [ -79.0304, 8.5382 ], [ -79.0355, 8.5335 ], [ -79.0353, 8.5384 ] ] ], [ [ [ -79.0343, 8.5497 ], [ -79.0346, 8.5488 ], [ -79.0351, 8.5488 ], [ -79.0343, 8.5497 ] ] ], [ [ [ -79.0238, 8.5788 ], [ -79.0241, 8.5738 ], [ -79.0169, 8.5752 ], [ -79.0235, 8.5643 ], [ -79.0283, 8.5669 ], [ -79.0258, 8.5746 ], [ -79.0325, 8.573 ], [ -79.0238, 8.5788 ] ] ], [ [ [ -79.0246, 8.5965 ], [ -79.0252, 8.5926 ], [ -79.0171, 8.5908 ], [ -79.0191, 8.5873 ], [ -79.0299, 8.582 ], [ -79.0346, 8.5843 ], [ -79.0363, 8.593 ], [ -79.0246, 8.5965 ] ] ], [ [ [ -79.0323, 8.6349 ], [ -79.0275, 8.6271 ], [ -79.0456, 8.6194 ], [ -79.0445, 8.626 ], [ -79.0323, 8.6349 ] ] ], [ [ [ -79.0351, 8.6513 ], [ -79.0353, 8.6491 ], [ -79.0373, 8.6486 ], [ -79.0351, 8.6513 ] ] ], [ [ [ -78.9109, 8.2218 ], [ -78.9103, 8.2214 ], [ -78.9113, 8.2213 ], [ -78.9109, 8.2218 ] ] ], [ [ [ -78.9191, 8.2261 ], [ -78.9198, 8.2273 ], [ -78.9185, 8.2262 ], [ -78.9191, 8.2261 ] ] ], [ [ [ -78.9172, 8.2269 ], [ -78.9176, 8.2276 ], [ -78.9168, 8.2274 ], [ -78.9172, 8.2269 ] ] ], [ [ [ -78.9099, 8.2375 ], [ -78.9099, 8.2387 ], [ -78.9094, 8.2381 ], [ -78.9099, 8.2375 ] ] ], [ [ [ -78.9281, 8.2467 ], [ -78.9295, 8.2464 ], [ -78.9291, 8.2472 ], [ -78.9281, 8.2467 ] ] ], [ [ [ -78.9111, 8.2472 ], [ -78.9114, 8.2479 ], [ -78.9111, 8.248 ], [ -78.9111, 8.2472 ] ] ], [ [ [ -78.9328, 8.2603 ], [ -78.9325, 8.2587 ], [ -78.9338, 8.2596 ], [ -78.9328, 8.2603 ] ] ], [ [ [ -78.9344, 8.2622 ], [ -78.9354, 8.261 ], [ -78.9353, 8.2624 ], [ -78.9344, 8.2622 ] ] ], [ [ [ -78.9364, 8.2649 ], [ -78.9357, 8.2635 ], [ -78.9373, 8.2637 ], [ -78.9364, 8.2649 ] ] ], [ [ [ -78.9411, 8.2654 ], [ -78.9406, 8.266 ], [ -78.9407, 8.2654 ], [ -78.9411, 8.2654 ] ] ], [ [ [ -78.9391, 8.2672 ], [ -78.939, 8.266 ], [ -78.9401, 8.2667 ], [ -78.9391, 8.2672 ] ] ], [ [ [ -78.9337, 8.2804 ], [ -78.9346, 8.2812 ], [ -78.9335, 8.2818 ], [ -78.9337, 8.2804 ] ] ], [ [ [ -78.9159, 8.2809 ], [ -78.9168, 8.2818 ], [ -78.9164, 8.2827 ], [ -78.9159, 8.2809 ] ] ], [ [ [ -78.9168, 8.2848 ], [ -78.9175, 8.2847 ], [ -78.9172, 8.2853 ], [ -78.9168, 8.2848 ] ] ], [ [ [ -78.95, 8.2887 ], [ -78.95, 8.2868 ], [ -78.9502, 8.2868 ], [ -78.95, 8.2887 ] ] ], [ [ [ -78.9518, 8.29 ], [ -78.9516, 8.2888 ], [ -78.9521, 8.2899 ], [ -78.9518, 8.29 ] ] ], [ [ [ -78.9595, 8.2912 ], [ -78.9603, 8.2906 ], [ -78.9602, 8.2914 ], [ -78.9595, 8.2912 ] ] ], [ [ [ -78.966, 8.2971 ], [ -78.9671, 8.2972 ], [ -78.9663, 8.2978 ], [ -78.966, 8.2971 ] ] ], [ [ [ -78.9079, 8.2977 ], [ -78.9074, 8.2987 ], [ -78.907, 8.2986 ], [ -78.9079, 8.2977 ] ] ], [ [ [ -78.9561, 8.3183 ], [ -78.9567, 8.3181 ], [ -78.9565, 8.3187 ], [ -78.9561, 8.3183 ] ] ], [ [ [ -78.9564, 8.3196 ], [ -78.9566, 8.3203 ], [ -78.956, 8.3202 ], [ -78.9564, 8.3196 ] ] ], [ [ [ -78.9571, 8.3241 ], [ -78.957, 8.3249 ], [ -78.956, 8.3249 ], [ -78.9571, 8.3241 ] ] ], [ [ [ -78.9587, 8.3314 ], [ -78.9583, 8.3305 ], [ -78.9589, 8.3309 ], [ -78.9587, 8.3314 ] ] ], [ [ [ -78.96, 8.3317 ], [ -78.9602, 8.3323 ], [ -78.9597, 8.3322 ], [ -78.96, 8.3317 ] ] ], [ [ [ -78.9691, 8.3772 ], [ -78.9691, 8.3766 ], [ -78.9694, 8.3772 ], [ -78.9691, 8.3772 ] ] ], [ [ [ -78.9721, 8.3819 ], [ -78.9728, 8.38 ], [ -78.9743, 8.3807 ], [ -78.9721, 8.3819 ] ] ], [ [ [ -78.9638, 8.3953 ], [ -78.9627, 8.3926 ], [ -78.9666, 8.3914 ], [ -78.9638, 8.3953 ] ] ], [ [ [ -78.9664, 8.4155 ], [ -78.9668, 8.416 ], [ -78.9663, 8.4163 ], [ -78.9664, 8.4155 ] ] ], [ [ [ -78.9703, 8.4228 ], [ -78.9709, 8.4236 ], [ -78.9698, 8.4236 ], [ -78.9703, 8.4228 ] ] ], [ [ [ -78.9358, 8.4643 ], [ -78.9368, 8.4615 ], [ -78.9391, 8.4632 ], [ -78.9358, 8.4643 ] ] ], [ [ [ -78.9718, 8.4645 ], [ -78.9717, 8.4635 ], [ -78.9724, 8.4633 ], [ -78.9718, 8.4645 ] ] ], [ [ [ -78.9419, 8.4656 ], [ -78.9396, 8.4653 ], [ -78.9418, 8.4639 ], [ -78.9419, 8.4656 ] ] ], [ [ [ -78.9708, 8.467 ], [ -78.9714, 8.4675 ], [ -78.9706, 8.4679 ], [ -78.9708, 8.467 ] ] ], [ [ [ -78.914, 8.4715 ], [ -78.914, 8.4734 ], [ -78.9129, 8.4733 ], [ -78.914, 8.4715 ] ] ], [ [ [ -78.91, 8.4769 ], [ -78.9113, 8.4747 ], [ -78.9116, 8.4761 ], [ -78.91, 8.4769 ] ] ], [ [ [ -78.9136, 8.4766 ], [ -78.9151, 8.4765 ], [ -78.9135, 8.477 ], [ -78.9136, 8.4766 ] ] ], [ [ [ -78.9649, 8.4777 ], [ -78.9655, 8.4769 ], [ -78.9661, 8.4777 ], [ -78.9649, 8.4777 ] ] ], [ [ [ -78.9192, 8.481 ], [ -78.9193, 8.4821 ], [ -78.9186, 8.4815 ], [ -78.9192, 8.481 ] ] ], [ [ [ -78.9379, 8.4856 ], [ -78.9394, 8.4842 ], [ -78.9398, 8.4844 ], [ -78.9379, 8.4856 ] ] ], [ [ [ -78.9512, 8.4966 ], [ -78.9503, 8.4959 ], [ -78.9514, 8.496 ], [ -78.9512, 8.4966 ] ] ], [ [ [ -78.7689, 8.1845 ], [ -78.7695, 8.1851 ], [ -78.7688, 8.1853 ], [ -78.7689, 8.1845 ] ] ], [ [ [ -78.7693, 8.1858 ], [ -78.7707, 8.1867 ], [ -78.7677, 8.1877 ], [ -78.7693, 8.1858 ] ] ], [ [ [ -78.7771, 8.1976 ], [ -78.7736, 8.1943 ], [ -78.777, 8.1943 ], [ -78.7771, 8.1976 ] ] ], [ [ [ -78.9091, 8.2189 ], [ -78.9058, 8.2182 ], [ -78.9059, 8.2178 ], [ -78.9091, 8.2189 ] ] ], [ [ [ -78.8415, 8.2831 ], [ -78.8371, 8.2767 ], [ -78.8396, 8.2698 ], [ -78.8508, 8.2688 ], [ -78.8541, 8.2782 ], [ -78.8415, 8.2831 ] ] ], [ [ [ -78.7954, 8.2876 ], [ -78.7949, 8.2885 ], [ -78.7947, 8.2876 ], [ -78.7954, 8.2876 ] ] ], [ [ [ -78.8561, 8.2886 ], [ -78.8559, 8.2896 ], [ -78.8553, 8.2897 ], [ -78.8561, 8.2886 ] ] ], [ [ [ -78.7922, 8.2886 ], [ -78.7935, 8.2897 ], [ -78.7926, 8.29 ], [ -78.7922, 8.2886 ] ] ], [ [ [ -78.8539, 8.2912 ], [ -78.8549, 8.2911 ], [ -78.8537, 8.2918 ], [ -78.8539, 8.2912 ] ] ], [ [ [ -78.8901, 8.2948 ], [ -78.8887, 8.2921 ], [ -78.8905, 8.2907 ], [ -78.8901, 8.2948 ] ] ], [ [ [ -78.8557, 8.2953 ], [ -78.8582, 8.2948 ], [ -78.8592, 8.2956 ], [ -78.857, 8.2955 ], [ -78.8561, 8.296 ], [ -78.8557, 8.2953 ] ] ], [ [ [ -78.8865, 8.2987 ], [ -78.887, 8.2975 ], [ -78.8876, 8.2981 ], [ -78.8865, 8.2987 ] ] ], [ [ [ -78.8751, 8.2998 ], [ -78.8762, 8.2987 ], [ -78.8762, 8.2994 ], [ -78.8751, 8.2998 ] ] ], [ [ [ -78.8516, 8.3011 ], [ -78.8524, 8.3014 ], [ -78.8522, 8.3021 ], [ -78.8516, 8.3011 ] ] ], [ [ [ -78.9034, 8.3077 ], [ -78.9021, 8.3074 ], [ -78.9032, 8.3075 ], [ -78.9034, 8.3077 ] ] ], [ [ [ -78.8182, 8.329 ], [ -78.8188, 8.3274 ], [ -78.8186, 8.3289 ], [ -78.8182, 8.329 ] ] ], [ [ [ -78.8054, 8.3296 ], [ -78.8053, 8.3291 ], [ -78.8063, 8.3281 ], [ -78.8054, 8.3296 ] ] ], [ [ [ -78.841, 8.3287 ], [ -78.8411, 8.3293 ], [ -78.8406, 8.3294 ], [ -78.841, 8.3287 ] ] ], [ [ [ -78.8049, 8.331 ], [ -78.8058, 8.3297 ], [ -78.8055, 8.3312 ], [ -78.8049, 8.331 ] ] ], [ [ [ -78.8892, 8.4748 ], [ -78.8808, 8.4712 ], [ -78.8834, 8.4648 ], [ -78.8805, 8.4618 ], [ -78.8781, 8.468 ], [ -78.8732, 8.4613 ], [ -78.8778, 8.4564 ], [ -78.8714, 8.4578 ], [ -78.8742, 8.4364 ], [ -78.8687, 8.4547 ], [ -78.8667, 8.4502 ], [ -78.8612, 8.4499 ], [ -78.8616, 8.4458 ], [ -78.8581, 8.4467 ], [ -78.8624, 8.4405 ], [ -78.8596, 8.4322 ], [ -78.8642, 8.4161 ], [ -78.8663, 8.4115 ], [ -78.8669, 8.4112 ], [ -78.8674, 8.4105 ], [ -78.8675, 8.4098 ], [ -78.868, 8.4097 ], [ -78.8705, 8.407 ], [ -78.8718, 8.405 ], [ -78.8642, 8.4108 ], [ -78.8582, 8.4224 ], [ -78.856, 8.4164 ], [ -78.8646, 8.4072 ], [ -78.8653, 8.4035 ], [ -78.8533, 8.4153 ], [ -78.8467, 8.406 ], [ -78.8426, 8.413 ], [ -78.836, 8.4009 ], [ -78.8427, 8.3996 ], [ -78.8357, 8.3896 ], [ -78.8412, 8.384 ], [ -78.8479, 8.3829 ], [ -78.8498, 8.3885 ], [ -78.8515, 8.3848 ], [ -78.8571, 8.3864 ], [ -78.8484, 8.3788 ], [ -78.8546, 8.379 ], [ -78.8626, 8.3841 ], [ -78.8635, 8.3838 ], [ -78.8535, 8.378 ], [ -78.8515, 8.371 ], [ -78.85, 8.3737 ], [ -78.8479, 8.3729 ], [ -78.8517, 8.3671 ], [ -78.8383, 8.363 ], [ -78.843, 8.3566 ], [ -78.8419, 8.3479 ], [ -78.8472, 8.3461 ], [ -78.8515, 8.3415 ], [ -78.8516, 8.3397 ], [ -78.8536, 8.3406 ], [ -78.8589, 8.338 ], [ -78.8515, 8.3396 ], [ -78.8455, 8.3463 ], [ -78.831, 8.3442 ], [ -78.8357, 8.3407 ], [ -78.8407, 8.3429 ], [ -78.8459, 8.3314 ], [ -78.843, 8.3205 ], [ -78.8517, 8.3145 ], [ -78.8543, 8.3036 ], [ -78.8561, 8.303 ], [ -78.8571, 8.3056 ], [ -78.8577, 8.3058 ], [ -78.8589, 8.3056 ], [ -78.8595, 8.3059 ], [ -78.8555, 8.3018 ], [ -78.852, 8.304 ], [ -78.857, 8.2958 ], [ -78.87, 8.2971 ], [ -78.8724, 8.3022 ], [ -78.8734, 8.3025 ], [ -78.8944, 8.2996 ], [ -78.8921, 8.3039 ], [ -78.8983, 8.2968 ], [ -78.8957, 8.3071 ], [ -78.8987, 8.3089 ], [ -78.8972, 8.3062 ], [ -78.9037, 8.3088 ], [ -78.9115, 8.2942 ], [ -78.9135, 8.2994 ], [ -78.9208, 8.2978 ], [ -78.9167, 8.2915 ], [ -78.9219, 8.283 ], [ -78.9194, 8.275 ], [ -78.9229, 8.2664 ], [ -78.9125, 8.2549 ], [ -78.9113, 8.2388 ], [ -78.9126, 8.2444 ], [ -78.9142, 8.2459 ], [ -78.9146, 8.24 ], [ -78.9061, 8.2282 ], [ -78.8993, 8.2308 ], [ -78.8967, 8.228 ], [ -78.8975, 8.2234 ], [ -78.9068, 8.2209 ], [ -78.928, 8.2361 ], [ -78.9226, 8.2379 ], [ -78.9274, 8.2413 ], [ -78.9241, 8.2512 ], [ -78.9323, 8.2644 ], [ -78.9326, 8.2692 ], [ -78.929, 8.2692 ], [ -78.9264, 8.2734 ], [ -78.9334, 8.2783 ], [ -78.9295, 8.2803 ], [ -78.929, 8.2826 ], [ -78.9332, 8.2806 ], [ -78.934, 8.2864 ], [ -78.935, 8.2874 ], [ -78.9354, 8.2785 ], [ -78.9332, 8.2736 ], [ -78.9466, 8.2877 ], [ -78.9443, 8.2879 ], [ -78.9434, 8.2885 ], [ -78.9434, 8.2888 ], [ -78.965, 8.2938 ], [ -78.9668, 8.3015 ], [ -78.9632, 8.3005 ], [ -78.9631, 8.3013 ], [ -78.9715, 8.3055 ], [ -78.9715, 8.3095 ], [ -78.9646, 8.312 ], [ -78.9654, 8.3274 ], [ -78.9617, 8.3316 ], [ -78.9622, 8.319 ], [ -78.9552, 8.3117 ], [ -78.9542, 8.3239 ], [ -78.9458, 8.3198 ], [ -78.9383, 8.3196 ], [ -78.9377, 8.3232 ], [ -78.9486, 8.3229 ], [ -78.954, 8.3318 ], [ -78.9558, 8.3263 ], [ -78.9571, 8.339 ], [ -78.9482, 8.3419 ], [ -78.9473, 8.3375 ], [ -78.9406, 8.3376 ], [ -78.9394, 8.3387 ], [ -78.9393, 8.3401 ], [ -78.9385, 8.3398 ], [ -78.9367, 8.3402 ], [ -78.9353, 8.3425 ], [ -78.9344, 8.3412 ], [ -78.9285, 8.3399 ], [ -78.9353, 8.3427 ], [ -78.9473, 8.3381 ], [ -78.9469, 8.3414 ], [ -78.9556, 8.3526 ], [ -78.9517, 8.3428 ], [ -78.9718, 8.369 ], [ -78.9608, 8.3805 ], [ -78.9573, 8.3776 ], [ -78.9607, 8.3816 ], [ -78.9625, 8.3803 ], [ -78.9569, 8.391 ], [ -78.9681, 8.4119 ], [ -78.9646, 8.412 ], [ -78.9634, 8.4207 ], [ -78.9711, 8.4257 ], [ -78.9656, 8.4306 ], [ -78.9732, 8.4309 ], [ -78.9701, 8.438 ], [ -78.975, 8.4466 ], [ -78.9732, 8.4557 ], [ -78.9661, 8.4613 ], [ -78.9636, 8.4563 ], [ -78.9503, 8.4598 ], [ -78.9514, 8.455 ], [ -78.9464, 8.4527 ], [ -78.9328, 8.4606 ], [ -78.9284, 8.456 ], [ -78.9278, 8.4543 ], [ -78.9293, 8.4538 ], [ -78.9294, 8.4534 ], [ -78.9287, 8.4529 ], [ -78.9227, 8.4575 ], [ -78.9298, 8.4645 ], [ -78.9249, 8.4626 ], [ -78.92, 8.4669 ], [ -78.9199, 8.4608 ], [ -78.9148, 8.4638 ], [ -78.9166, 8.4678 ], [ -78.9089, 8.4709 ], [ -78.9058, 8.4689 ], [ -78.9076, 8.461 ], [ -78.9053, 8.4661 ], [ -78.9036, 8.4591 ], [ -78.8958, 8.4592 ], [ -78.8995, 8.4575 ], [ -78.9023, 8.4526 ], [ -78.9021, 8.4502 ], [ -78.8983, 8.457 ], [ -78.8969, 8.4568 ], [ -78.8969, 8.4539 ], [ -78.8963, 8.4533 ], [ -78.8959, 8.4538 ], [ -78.8933, 8.4635 ], [ -78.8963, 8.4661 ], [ -78.8892, 8.4748 ] ] ], [ [ [ -78.8053, 8.3564 ], [ -78.805, 8.3577 ], [ -78.8045, 8.3569 ], [ -78.8053, 8.3564 ] ] ], [ [ [ -78.8048, 8.3715 ], [ -78.8058, 8.3618 ], [ -78.8115, 8.3611 ], [ -78.8096, 8.3707 ], [ -78.8048, 8.3715 ] ] ], [ [ [ -78.8339, 8.3693 ], [ -78.8345, 8.3688 ], [ -78.8343, 8.3698 ], [ -78.8339, 8.3693 ] ] ], [ [ [ -78.826, 8.3969 ], [ -78.8185, 8.3932 ], [ -78.8196, 8.3891 ], [ -78.8124, 8.3875 ], [ -78.8147, 8.3815 ], [ -78.8094, 8.3812 ], [ -78.8131, 8.3692 ], [ -78.8251, 8.3694 ], [ -78.8345, 8.3762 ], [ -78.8287, 8.3904 ], [ -78.8334, 8.3872 ], [ -78.8333, 8.3911 ], [ -78.826, 8.3969 ] ] ], [ [ [ -78.8385, 8.3839 ], [ -78.8395, 8.385 ], [ -78.8394, 8.3852 ], [ -78.8385, 8.3839 ] ] ], [ [ [ -78.8359, 8.3981 ], [ -78.8345, 8.3959 ], [ -78.8364, 8.3958 ], [ -78.8359, 8.3981 ] ] ], [ [ [ -78.8636, 8.407 ], [ -78.8628, 8.4062 ], [ -78.8634, 8.4058 ], [ -78.8636, 8.407 ] ] ], [ [ [ -78.8024, 8.4072 ], [ -78.8033, 8.406 ], [ -78.803, 8.4075 ], [ -78.8024, 8.4072 ] ] ], [ [ [ -78.8505, 8.4231 ], [ -78.8502, 8.4237 ], [ -78.8497, 8.4232 ], [ -78.8505, 8.4231 ] ] ], [ [ [ -78.8468, 8.4267 ], [ -78.8475, 8.4262 ], [ -78.8474, 8.4269 ], [ -78.8468, 8.4267 ] ] ], [ [ [ -78.8571, 8.4289 ], [ -78.8596, 8.4272 ], [ -78.858, 8.4298 ], [ -78.8571, 8.4289 ] ] ], [ [ [ -78.8531, 8.4328 ], [ -78.8528, 8.4293 ], [ -78.849, 8.4239 ], [ -78.8533, 8.4281 ], [ -78.8531, 8.4328 ] ] ], [ [ [ -78.8488, 8.4293 ], [ -78.8497, 8.4288 ], [ -78.8498, 8.4291 ], [ -78.8488, 8.4293 ] ] ], [ [ [ -78.8483, 8.4444 ], [ -78.8471, 8.442 ], [ -78.849, 8.4426 ], [ -78.8483, 8.4444 ] ] ], [ [ [ -78.8573, 8.4436 ], [ -78.8584, 8.4446 ], [ -78.8578, 8.4452 ], [ -78.8573, 8.4436 ] ] ], [ [ [ -78.8537, 8.4617 ], [ -78.852, 8.4577 ], [ -78.8548, 8.4614 ], [ -78.8537, 8.4617 ] ] ], [ [ [ -78.9087, 8.4738 ], [ -78.9014, 8.4696 ], [ -78.9025, 8.4659 ], [ -78.9087, 8.4738 ] ] ], [ [ [ -78.9008, 8.4723 ], [ -78.9008, 8.4743 ], [ -78.9003, 8.4741 ], [ -78.9008, 8.4723 ] ] ], [ [ [ -78.9033, 8.4776 ], [ -78.9048, 8.4759 ], [ -78.9038, 8.4809 ], [ -78.9033, 8.4776 ] ] ], [ [ [ -78.9, 8.4803 ], [ -78.9015, 8.4807 ], [ -78.9007, 8.4817 ], [ -78.9, 8.4803 ] ] ] ] } },
{ "type": "Feature", "properties": { "id": "ngabe_soloy", "name": "Comarca Ngabe - Soloy", "tier": "action_plan", "products": "indigenous community tourism; river & waterfall experiences; cultural immersion", "nature_hooks": "highland rivers & waterfalls; Ngabe cultural landscape; forest", "vocation_en": "A destination for discovering original cultures and ethnicities, developed with the Ngabe community. The plan is explicit that living-heritage tourism must operate under strict ethical frameworks with the community at the centre of decisions and benefiting equitably and durably.", "vocation_es": "Destino para el descubrimiento de culturas y etnias originarias.", "districts": "Comarca Ngäbe Buglé/Besiko", "area_km2": 753.2 }, "geometry": { "type": "Polygon", "coordinates": [ [ [ -81.9153, 8.6418 ], [ -81.9147, 8.4795 ], [ -81.905, 8.468 ], [ -81.9011, 8.4515 ], [ -81.9069, 8.4394 ], [ -81.9057, 8.4233 ], [ -81.9156, 8.4147 ], [ -81.9147, 8.4075 ], [ -81.9277, 8.3917 ], [ -81.9339, 8.394 ], [ -81.9348, 8.385 ], [ -81.9465, 8.3803 ], [ -81.9549, 8.3599 ], [ -81.9668, 8.3536 ], [ -81.9738, 8.3376 ], [ -81.9883, 8.3378 ], [ -81.9902, 8.334 ], [ -81.9938, 8.3367 ], [ -81.9957, 8.3314 ], [ -82.0002, 8.3339 ], [ -82.0041, 8.3304 ], [ -82.0072, 8.3405 ], [ -82.0155, 8.3428 ], [ -82.0142, 8.3461 ], [ -82.0179, 8.3455 ], [ -82.0278, 8.359 ], [ -82.0201, 8.3658 ], [ -82.0277, 8.3664 ], [ -82.0312, 8.3718 ], [ -82.0255, 8.3725 ], [ -82.0107, 8.3915 ], [ -82.035, 8.3848 ], [ -82.0383, 8.3976 ], [ -82.0219, 8.4062 ], [ -82.0265, 8.4111 ], [ -82.0201, 8.4212 ], [ -82.0281, 8.4269 ], [ -82.0464, 8.4096 ], [ -82.0433, 8.4245 ], [ -82.0533, 8.4251 ], [ -82.0488, 8.4348 ], [ -82.0566, 8.4415 ], [ -82.0583, 8.4558 ], [ -82.0627, 8.4553 ], [ -82.0673, 8.4611 ], [ -82.0653, 8.4666 ], [ -82.07, 8.4686 ], [ -82.0655, 8.4799 ], [ -82.0693, 8.4784 ], [ -82.0771, 8.4852 ], [ -82.091, 8.4734 ], [ -82.0792, 8.4641 ], [ -82.0757, 8.466 ], [ -82.0845, 8.4546 ], [ -82.0848, 8.4675 ], [ -82.0879, 8.4691 ], [ -82.0918, 8.4603 ], [ -82.0956, 8.4695 ], [ -82.1007, 8.4575 ], [ -82.1098, 8.4587 ], [ -82.1141, 8.4534 ], [ -82.1187, 8.4581 ], [ -82.1257, 8.453 ], [ -82.1339, 8.4554 ], [ -82.1349, 8.451 ], [ -82.1538, 8.4537 ], [ -82.1635, 8.449 ], [ -82.1636, 8.4446 ], [ -82.1755, 8.4526 ], [ -82.181, 8.4514 ], [ -82.1828, 8.4587 ], [ -82.1761, 8.4651 ], [ -82.1785, 8.4698 ], [ -82.1661, 8.4692 ], [ -82.1693, 8.4774 ], [ -82.1802, 8.4775 ], [ -82.1772, 8.4924 ], [ -82.1611, 8.5041 ], [ -82.1583, 8.5143 ], [ -82.1483, 8.5191 ], [ -82.1572, 8.5359 ], [ -82.1486, 8.5382 ], [ -82.1436, 8.5545 ], [ -82.1368, 8.5561 ], [ -82.1386, 8.561 ], [ -82.1312, 8.563 ], [ -82.1311, 8.558 ], [ -82.1279, 8.5583 ], [ -82.1258, 8.5684 ], [ -82.134, 8.5718 ], [ -82.1441, 8.5627 ], [ -82.1509, 8.5742 ], [ -82.1603, 8.5715 ], [ -82.1643, 8.557 ], [ -82.1594, 8.5406 ], [ -82.1627, 8.5402 ], [ -82.1636, 8.5308 ], [ -82.1676, 8.5322 ], [ -82.1749, 8.5534 ], [ -82.1592, 8.5804 ], [ -82.1606, 8.5863 ], [ -82.1522, 8.5885 ], [ -82.1494, 8.6025 ], [ -82.1537, 8.6114 ], [ -82.1592, 8.612 ], [ -82.1573, 8.7682 ], [ -82.1191, 8.7694 ], [ -82.1119, 8.7629 ], [ -82.1151, 8.7518 ], [ -82.1124, 8.7447 ], [ -82.1178, 8.7305 ], [ -82.1133, 8.729 ], [ -82.1133, 8.7239 ], [ -82.1294, 8.6989 ], [ -82.1221, 8.6824 ], [ -82.1242, 8.6692 ], [ -82.1315, 8.6588 ], [ -82.1212, 8.646 ], [ -82.0804, 8.6328 ], [ -82.0699, 8.6412 ], [ -82.0516, 8.635 ], [ -82.0301, 8.6449 ], [ -82.0115, 8.6389 ], [ -81.9908, 8.6443 ], [ -81.9783, 8.6386 ], [ -81.9577, 8.6475 ], [ -81.9492, 8.6354 ], [ -81.9153, 8.6418 ] ] ] } }
]
}
