{
"type": "FeatureCollection",
"name": "osm_trails",
"crs": { "type": "name", "properties": { "name": "urn:ogc:def:crs:OGC:1.3:CRS84" } },
"xy_coordinate_resolution": 1e-05,
"features": [
{ "type": "Feature", "properties": { "name": "Calle 4a Sur" }, "geometry": { "type": "Point", "coordinates": [ -82.44987, 8.77587 ] } },
{ "type": "Feature", "properties": { "name": "Paso Luna" }, "geometry": { "type": "Point", "coordinates": [ -82.35783, 8.66005 ] } },
{ "type": "Feature", "properties": { "name": "Puente sobre Río Chiriquí Nuevo" }, "geometry": { "type": "Point", "coordinates": [ -82.34877, 8.65925 ] } },
{ "type": "Feature", "properties": { "name": "cascades, waterfall, Wasserfall" }, "geometry": { "type": "Point", "coordinates": [ -81.12036, 8.51777 ] } },
{ "type": "Feature", "properties": { "name": "Sendero El Roble" }, "geometry": { "type": "Point", "coordinates": [ -79.5456, 8.98898 ] } },
{ "type": "Feature", "properties": { "name": "Camino del Mono Titi" }, "geometry": { "type": "Point", "coordinates": [ -79.54636, 8.99378 ] } },
{ "type": "Feature", "properties": { "name": "Calle Amelia Denis de Icaza" }, "geometry": { "type": "Point", "coordinates": [ -79.54957, 8.95801 ] } },
{ "type": "Feature", "properties": { "name": "Calle Amelia Denis de Icaza" }, "geometry": { "type": "Point", "coordinates": [ -79.54906, 8.95618 ] } },
{ "type": "Feature", "properties": { "name": "El Dique" }, "geometry": { "type": "Point", "coordinates": [ -79.69576, 9.12368 ] } },
{ "type": "Feature", "properties": { "name": "RUTA 842 - Pipeline Road - Camino del Oleoducto" }, "geometry": { "type": "Point", "coordinates": [ -79.77861, 9.19852 ] } },
{ "type": "Feature", "properties": { "name": "Plantation Road" }, "geometry": { "type": "Point", "coordinates": [ -79.65046, 9.09707 ] } },
{ "type": "Feature", "properties": { "name": "Calle Wilson" }, "geometry": { "type": "Point", "coordinates": [ -79.90499, 9.2822 ] } },
{ "type": "Feature", "properties": { "name": "Calle Fife" }, "geometry": { "type": "Point", "coordinates": [ -79.90305, 9.28583 ] } },
{ "type": "Feature", "properties": { "name": "VIA INTERNA" }, "geometry": { "type": "Point", "coordinates": [ -79.56503, 8.91416 ] } },
{ "type": "Feature", "properties": { "name": "Calle J Sur" }, "geometry": { "type": "Point", "coordinates": [ -82.44454, 8.42635 ] } },
{ "type": "Feature", "properties": { "name": "Calle Coiner" }, "geometry": { "type": "Point", "coordinates": [ -79.58859, 9.00373 ] } },
{ "type": "Feature", "properties": { "name": "La Cascada" }, "geometry": { "type": "Point", "coordinates": [ -82.61752, 8.89779 ] } },
{ "type": "Feature", "properties": { "name": "Calle 3a Oeste" }, "geometry": { "type": "Point", "coordinates": [ -82.63594, 8.78566 ] } },
{ "type": "Feature", "properties": { "name": "Avenida 10a Oeste" }, "geometry": { "type": "Point", "coordinates": [ -82.43094, 8.44378 ] } },
{ "type": "Feature", "properties": { "name": "Calle 3a" }, "geometry": { "type": "Point", "coordinates": [ -82.43726, 8.4069 ] } },
{ "type": "Feature", "properties": { "name": "Calle N Sur" }, "geometry": { "type": "Point", "coordinates": [ -82.43828, 8.41559 ] } },
{ "type": "Feature", "properties": { "name": "Antiguas Vías del Ferrocarril" }, "geometry": { "type": "Point", "coordinates": [ -82.48276, 8.42188 ] } },
{ "type": "Feature", "properties": { "name": "Avenida Licenciado Julio Miranda" }, "geometry": { "type": "Point", "coordinates": [ -82.44594, 8.41719 ] } },
{ "type": "Feature", "properties": { "name": "Camino La Torre" }, "geometry": { "type": "Point", "coordinates": [ -82.42975, 8.59216 ] } },
{ "type": "Feature", "properties": { "name": "Bella Vista - Qbda Tallo" }, "geometry": { "type": "Point", "coordinates": [ -82.87476, 8.05266 ] } },
{ "type": "Feature", "properties": { "name": "Calle de la Empedrada" }, "geometry": { "type": "Point", "coordinates": [ -79.48792, 9.00656 ] } },
{ "type": "Feature", "properties": { "name": "Camino a Remedios" }, "geometry": { "type": "Point", "coordinates": [ -81.8602, 8.25602 ] } },
{ "type": "Feature", "properties": { "name": "The Lost Waterfalls" }, "geometry": { "type": "Point", "coordinates": [ -82.47554, 8.84253 ] } },
{ "type": "Feature", "properties": { "name": "Avenida C Oeste" }, "geometry": { "type": "Point", "coordinates": [ -82.43521, 8.77443 ] } },
{ "type": "Feature", "properties": { "name": "Calle Binacional" }, "geometry": { "type": "Point", "coordinates": [ -82.88393, 8.79546 ] } },
{ "type": "Feature", "properties": { "name": "Calle 11a Este Transversal" }, "geometry": { "type": "Point", "coordinates": [ -82.63325, 8.77287 ] } },
{ "type": "Feature", "properties": { "name": "Calle 1a" }, "geometry": { "type": "Point", "coordinates": [ -79.47447, 9.06068 ] } },
{ "type": "Feature", "properties": { "name": "Calle San Antonio" }, "geometry": { "type": "Point", "coordinates": [ -79.443, 9.05553 ] } },
{ "type": "Feature", "properties": { "name": "Calle Los Olivos" }, "geometry": { "type": "Point", "coordinates": [ -79.41347, 9.06053 ] } },
{ "type": "Feature", "properties": { "name": "Paso Balsa" }, "geometry": { "type": "Point", "coordinates": [ -82.86299, 8.07742 ] } },
{ "type": "Feature", "properties": { "name": "Punta Burica" }, "geometry": { "type": "Point", "coordinates": [ -82.86874, 8.04127 ] } },
{ "type": "Feature", "properties": { "name": "BellaVista-Resbalosa" }, "geometry": { "type": "Point", "coordinates": [ -82.88382, 8.04304 ] } },
{ "type": "Feature", "properties": { "name": "Calle 3a Norte" }, "geometry": { "type": "Point", "coordinates": [ -82.65209, 8.77457 ] } },
{ "type": "Feature", "properties": { "name": "Calle 4a Este" }, "geometry": { "type": "Point", "coordinates": [ -82.63183, 8.7807 ] } },
{ "type": "Feature", "properties": { "name": "Sendero El Convento" }, "geometry": { "type": "Point", "coordinates": [ -80.11673, 8.62683 ] } },
{ "type": "Feature", "properties": { "name": "Rio Mono Trail" }, "geometry": { "type": "Point", "coordinates": [ -79.42312, 9.21748 ] } },
{ "type": "Feature", "properties": { "name": "CP-Las Nubes 02" }, "geometry": { "type": "Point", "coordinates": [ -82.59849, 8.8816 ] } },
{ "type": "Feature", "properties": { "name": "CP-Las Nubes 03" }, "geometry": { "type": "Point", "coordinates": [ -82.59544, 8.88483 ] } },
{ "type": "Feature", "properties": { "name": "Paseo Los Bambitos" }, "geometry": { "type": "Point", "coordinates": [ -82.6205, 8.85158 ] } },
{ "type": "Feature", "properties": { "name": "Pueblo Nuevo Playa" }, "geometry": { "type": "Point", "coordinates": [ -82.85809, 8.27371 ] } },
{ "type": "Feature", "properties": { "name": "San Bartolo Arriba" }, "geometry": { "type": "Point", "coordinates": [ -82.92794, 8.28221 ] } },
{ "type": "Feature", "properties": { "name": "Rabo de Puerco - Quebrada de Piedra rural" }, "geometry": { "type": "Point", "coordinates": [ -82.92129, 8.28932 ] } },
{ "type": "Feature", "properties": { "name": "San Valentín" }, "geometry": { "type": "Point", "coordinates": [ -82.76733, 8.3453 ] } },
{ "type": "Feature", "properties": { "name": "Camino de Carenero" }, "geometry": { "type": "Point", "coordinates": [ -82.23302, 9.34408 ] } },
{ "type": "Feature", "properties": { "name": "El Asentamiento" }, "geometry": { "type": "Point", "coordinates": [ -82.91714, 8.28318 ] } },
{ "type": "Feature", "properties": { "name": "Camino Real de Rabo de Puerco Arriba" }, "geometry": { "type": "Point", "coordinates": [ -82.9225, 8.28231 ] } },
{ "type": "Feature", "properties": { "name": "San Bartolo Límite" }, "geometry": { "type": "Point", "coordinates": [ -82.94267, 8.28125 ] } },
{ "type": "Feature", "properties": { "name": "Rabo de Puerco Cabecera" }, "geometry": { "type": "Point", "coordinates": [ -82.92669, 8.28256 ] } },
{ "type": "Feature", "properties": { "name": "Monte Verde Arriba - Camino rural" }, "geometry": { "type": "Point", "coordinates": [ -82.89647, 8.2871 ] } },
{ "type": "Feature", "properties": { "name": "Llano Bonito" }, "geometry": { "type": "Point", "coordinates": [ -82.87422, 8.27387 ] } },
{ "type": "Feature", "properties": { "name": "Sendero Las Palmas-Llano Bonito" }, "geometry": { "type": "Point", "coordinates": [ -82.87705, 8.27011 ] } },
{ "type": "Feature", "properties": { "name": "Paso Llano Bonito Oeste" }, "geometry": { "type": "Point", "coordinates": [ -82.8796, 8.27377 ] } },
{ "type": "Feature", "properties": { "name": "Calle 127 Oeste" }, "geometry": { "type": "Point", "coordinates": [ -79.4618, 9.04401 ] } },
{ "type": "Feature", "properties": { "name": "Vía Volcán" }, "geometry": { "type": "Point", "coordinates": [ -82.86026, 8.82188 ] } },
{ "type": "Feature", "properties": { "name": "Paso Luna" }, "geometry": { "type": "Point", "coordinates": [ -82.34074, 8.6699 ] } },
{ "type": "Feature", "properties": { "name": "Calle 11a Este Transversal" }, "geometry": { "type": "Point", "coordinates": [ -82.63051, 8.78327 ] } },
{ "type": "Feature", "properties": { "name": "Calle 13a Sur" }, "geometry": { "type": "Point", "coordinates": [ -82.63831, 8.76002 ] } },
{ "type": "Feature", "properties": { "name": "Avenida 8a Este" }, "geometry": { "type": "Point", "coordinates": [ -82.64641, 8.79546 ] } },
{ "type": "Feature", "properties": { "name": "Avenida 10a Este" }, "geometry": { "type": "Point", "coordinates": [ -82.63547, 8.78439 ] } },
{ "type": "Feature", "properties": { "name": "Avenida 16a Este" }, "geometry": { "type": "Point", "coordinates": [ -82.63177, 8.79605 ] } },
{ "type": "Feature", "properties": { "name": "Avenida 8a Norte" }, "geometry": { "type": "Point", "coordinates": [ -82.63741, 8.78435 ] } },
{ "type": "Feature", "properties": { "name": "Avenida 7a Este" }, "geometry": { "type": "Point", "coordinates": [ -82.62882, 8.77703 ] } },
{ "type": "Feature", "properties": { "name": "Calle 2a Sur" }, "geometry": { "type": "Point", "coordinates": [ -82.6371, 8.78073 ] } },
{ "type": "Feature", "properties": { "name": "Calle 11a Norte" }, "geometry": { "type": "Point", "coordinates": [ -82.6446, 8.79169 ] } },
{ "type": "Feature", "properties": { "name": "Avenida 11a Norte" }, "geometry": { "type": "Point", "coordinates": [ -82.63478, 8.78632 ] } },
{ "type": "Feature", "properties": { "name": "Avenida 15a Este" }, "geometry": { "type": "Point", "coordinates": [ -82.63251, 8.79547 ] } },
{ "type": "Feature", "properties": { "name": "Avenida 7a Norte" }, "geometry": { "type": "Point", "coordinates": [ -82.63719, 8.7829 ] } },
{ "type": "Feature", "properties": { "name": "Calle 2a Sur" }, "geometry": { "type": "Point", "coordinates": [ -82.63547, 8.78219 ] } },
{ "type": "Feature", "properties": { "name": "Avenida 6a Norte" }, "geometry": { "type": "Point", "coordinates": [ -82.64332, 8.78779 ] } },
{ "type": "Feature", "properties": { "name": "Calle 8a Norte" }, "geometry": { "type": "Point", "coordinates": [ -82.6456, 8.78625 ] } },
{ "type": "Feature", "properties": { "name": "Avenida 7a Norte" }, "geometry": { "type": "Point", "coordinates": [ -82.63385, 8.77953 ] } },
{ "type": "Feature", "properties": { "name": "Calle 13a Norte" }, "geometry": { "type": "Point", "coordinates": [ -82.64464, 8.79495 ] } },
{ "type": "Feature", "properties": { "name": "Calle 1a Este" }, "geometry": { "type": "Point", "coordinates": [ -82.63551, 8.78099 ] } },
{ "type": "Feature", "properties": { "name": "Avenida 1a Oeste" }, "geometry": { "type": "Point", "coordinates": [ -82.63869, 8.77123 ] } },
{ "type": "Feature", "properties": { "name": "Calle 7a Este" }, "geometry": { "type": "Point", "coordinates": [ -82.63887, 8.76996 ] } },
{ "type": "Feature", "properties": { "name": "Paso Las Palmas Norte" }, "geometry": { "type": "Point", "coordinates": [ -82.87247, 8.26882 ] } },
{ "type": "Feature", "properties": { "name": "Camino Real Rabo de Puerco Arriba - Río San Bartolo" }, "geometry": { "type": "Point", "coordinates": [ -82.94109, 8.30067 ] } },
{ "type": "Feature", "properties": { "name": "Vargas" }, "geometry": { "type": "Point", "coordinates": [ -82.87724, 8.16434 ] } },
{ "type": "Feature", "properties": { "name": "Vargas" }, "geometry": { "type": "Point", "coordinates": [ -82.87798, 8.16283 ] } },
{ "type": "Feature", "properties": { "name": "Rabo de Puerco Arriba" }, "geometry": { "type": "Point", "coordinates": [ -82.91291, 8.27977 ] } },
{ "type": "Feature", "properties": { "name": "Calle Juventino Garcia Del Cid" }, "geometry": { "type": "Point", "coordinates": [ -82.59216, 8.80989 ] } },
{ "type": "Feature", "properties": { "name": "Calle Secundaria Parque Nacional Volcán Barú" }, "geometry": { "type": "Point", "coordinates": [ -82.60141, 8.81124 ] } },
{ "type": "Feature", "properties": { "name": "The Lost Waterfalls" }, "geometry": { "type": "Point", "coordinates": [ -82.48088, 8.84265 ] } },
{ "type": "Feature", "properties": { "name": "Red Frog Beach Residential II" }, "geometry": { "type": "Point", "coordinates": [ -82.16189, 9.34787 ] } },
{ "type": "Feature", "properties": { "name": "Avenida Don Antonio Anguizola" }, "geometry": { "type": "Point", "coordinates": [ -82.51649, 8.28531 ] } },
{ "type": "Feature", "properties": { "name": "Las Huacas Abajo" }, "geometry": { "type": "Point", "coordinates": [ -82.43324, 8.69722 ] } },
{ "type": "Feature", "properties": { "name": "C-2-00" }, "geometry": { "type": "Point", "coordinates": [ -80.6618, 8.76923 ] } },
{ "type": "Feature", "properties": { "name": "Vía Divalá" }, "geometry": { "type": "Point", "coordinates": [ -82.71557, 8.40481 ] } },
{ "type": "Feature", "properties": { "name": "BellaVista-Resbalosa" }, "geometry": { "type": "Point", "coordinates": [ -82.88644, 8.03755 ] } },
{ "type": "Feature", "properties": { "name": "Bella Vista - El Salto" }, "geometry": { "type": "Point", "coordinates": [ -82.88877, 8.04877 ] } },
{ "type": "Feature", "properties": { "name": "Vía Qbda Llana - Volcán" }, "geometry": { "type": "Point", "coordinates": [ -82.68082, 8.72047 ] } },
{ "type": "Feature", "properties": { "name": "Sendero" }, "geometry": { "type": "Point", "coordinates": [ -82.58969, 8.73972 ] } },
{ "type": "Feature", "properties": { "name": "Palmira del Banco Arriba" }, "geometry": { "type": "Point", "coordinates": [ -82.54399, 8.72337 ] } },
{ "type": "Feature", "properties": { "name": "Vereda de Bastimentos" }, "geometry": { "type": "Point", "coordinates": [ -82.21083, 9.34772 ] } },
{ "type": "Feature", "properties": { "name": "Camino a Playa Wizard" }, "geometry": { "type": "Point", "coordinates": [ -82.20769, 9.3477 ] } },
{ "type": "Feature", "properties": { "name": "Calle M Norte" }, "geometry": { "type": "Point", "coordinates": [ -82.39613, 9.29649 ] } },
{ "type": "Feature", "properties": { "name": "Avenida Don Antonio Anguizola" }, "geometry": { "type": "Point", "coordinates": [ -82.55096, 8.29777 ] } },
{ "type": "Feature", "properties": { "name": "Sendero Los Caobos" }, "geometry": { "type": "Point", "coordinates": [ -79.54687, 8.98808 ] } },
{ "type": "Feature", "properties": { "name": "Sendero La Cienaguita" }, "geometry": { "type": "Point", "coordinates": [ -79.54694, 8.99254 ] } },
{ "type": "Feature", "properties": { "name": "Paso Bajo Mendez" }, "geometry": { "type": "Point", "coordinates": [ -82.30426, 8.65469 ] } },
{ "type": "Feature", "properties": { "name": "Paso La Abuela" }, "geometry": { "type": "Point", "coordinates": [ -82.34236, 8.64693 ] } },
{ "type": "Feature", "properties": { "name": "Calle 6a Norte" }, "geometry": { "type": "Point", "coordinates": [ -82.64209, 8.7872 ] } },
{ "type": "Feature", "properties": { "name": "Sendero Los Quetzales" }, "geometry": { "type": "Point", "coordinates": [ -82.52454, 8.84694 ] } },
{ "type": "Feature", "properties": { "name": "Carretera Las Chorocas" }, "geometry": { "type": "Point", "coordinates": [ -82.92896, 8.33095 ] } },
{ "type": "Feature", "properties": { "name": "Panama Verde" }, "geometry": { "type": "Point", "coordinates": [ -82.61443, 8.89323 ] } },
{ "type": "Feature", "properties": { "name": "Punta Burica" }, "geometry": { "type": "Point", "coordinates": [ -82.86846, 8.04278 ] } },
{ "type": "Feature", "properties": { "name": "Punta Burica" }, "geometry": { "type": "Point", "coordinates": [ -82.86795, 8.04277 ] } },
{ "type": "Feature", "properties": { "name": "CP-Las Nubes 03" }, "geometry": { "type": "Point", "coordinates": [ -82.5959, 8.88649 ] } },
{ "type": "Feature", "properties": { "name": "CP-Las Nubes 03" }, "geometry": { "type": "Point", "coordinates": [ -82.5951, 8.88522 ] } },
{ "type": "Feature", "properties": { "name": "Puente" }, "geometry": { "type": "Point", "coordinates": [ -80.53029, 7.74872 ] } },
{ "type": "Feature", "properties": { "name": "Puente" }, "geometry": { "type": "Point", "coordinates": [ -80.55707, 7.77846 ] } },
{ "type": "Feature", "properties": { "name": "Pipeline Trail" }, "geometry": { "type": "Point", "coordinates": [ -82.49782, 8.8268 ] } },
{ "type": "Feature", "properties": { "name": "Vía Yaviza - El Real" }, "geometry": { "type": "Point", "coordinates": [ -77.69249, 8.15417 ] } },
{ "type": "Feature", "properties": { "name": "El Tatica Water Falls trail" }, "geometry": { "type": "Point", "coordinates": [ -82.48334, 8.83999 ] } },
{ "type": "Feature", "properties": { "name": "Calle Norte de Bastimentos" }, "geometry": { "type": "Point", "coordinates": [ -82.21175, 9.34913 ] } },
{ "type": "Feature", "properties": { "name": "Calle Norte de Bastimentos" }, "geometry": { "type": "Point", "coordinates": [ -82.21132, 9.34975 ] } },
{ "type": "Feature", "properties": { "name": "Calle Norte de Bastimentos" }, "geometry": { "type": "Point", "coordinates": [ -82.21153, 9.3484 ] } },
{ "type": "Feature", "properties": { "name": "Vereda de Bastimentos" }, "geometry": { "type": "Point", "coordinates": [ -82.20635, 9.34706 ] } },
{ "type": "Feature", "properties": { "name": "Wizard´ s Beach Trail (Camino a Playa Wizard)" }, "geometry": { "type": "Point", "coordinates": [ -82.20473, 9.34942 ] } },
{ "type": "Feature", "properties": { "name": "The Lost Waterfalls" }, "geometry": { "type": "Point", "coordinates": [ -82.47624, 8.84209 ] } },
{ "type": "Feature", "properties": { "name": "The Lost Waterfalls" }, "geometry": { "type": "Point", "coordinates": [ -82.47389, 8.84304 ] } },
{ "type": "Feature", "properties": { "name": "Via Punta Bejuco" }, "geometry": { "type": "Point", "coordinates": [ -82.14644, 8.21247 ] } },
{ "type": "Feature", "properties": { "name": "Via Punta Bejuco" }, "geometry": { "type": "Point", "coordinates": [ -82.14572, 8.20088 ] } },
{ "type": "Feature", "properties": { "name": "Antiguas Vías del Ferrocarril" }, "geometry": { "type": "Point", "coordinates": [ -82.66346, 8.51686 ] } },
{ "type": "Feature", "properties": { "name": "Avenida 9a Este" }, "geometry": { "type": "Point", "coordinates": [ -82.42302, 8.42407 ] } },
{ "type": "Feature", "properties": { "name": "Calle 4a Norte" }, "geometry": { "type": "Point", "coordinates": [ -82.64248, 8.78354 ] } },
{ "type": "Feature", "properties": { "name": "Avenida 8a Este" }, "geometry": { "type": "Point", "coordinates": [ -82.63248, 8.77965 ] } },
{ "type": "Feature", "properties": { "name": "Camino Cascada Bermejo" }, "geometry": { "type": "Point", "coordinates": [ -81.08894, 8.5424 ] } },
{ "type": "Feature", "properties": { "name": "Hacia Playa" }, "geometry": { "type": "Point", "coordinates": [ -80.00342, 8.43613 ] } },
{ "type": "Feature", "properties": { "name": "The Lost Waterfalls" }, "geometry": { "type": "Point", "coordinates": [ -82.47667, 8.84168 ] } },
{ "type": "Feature", "properties": { "name": "The Lost Waterfalls" }, "geometry": { "type": "Point", "coordinates": [ -82.47293, 8.84415 ] } },
{ "type": "Feature", "properties": { "name": "The Lost Waterfalls" }, "geometry": { "type": "Point", "coordinates": [ -82.4791, 8.84228 ] } },
{ "type": "Feature", "properties": { "name": "Calle División" }, "geometry": { "type": "Point", "coordinates": [ -82.89036, 8.09753 ] } },
{ "type": "Feature", "properties": { "name": "Camino Las Peñas" }, "geometry": { "type": "Point", "coordinates": [ -82.95168, 8.28789 ] } },
{ "type": "Feature", "properties": { "name": "El Pianista Trail" }, "geometry": { "type": "Point", "coordinates": [ -82.42744, 8.80927 ] } },
{ "type": "Feature", "properties": { "name": "Sendero Santa Cruz" }, "geometry": { "type": "Point", "coordinates": [ -81.73414, 7.62482 ] } },
{ "type": "Feature", "properties": { "name": "Camino Real" }, "geometry": { "type": "Point", "coordinates": [ -81.20435, 7.56482 ] } },
{ "type": "Feature", "properties": { "name": "Camino Parque de Paitilla" }, "geometry": { "type": "Point", "coordinates": [ -79.51212, 8.97545 ] } },
{ "type": "Feature", "properties": { "name": "La Amistad" }, "geometry": { "type": "Point", "coordinates": [ -82.67983, 8.88445 ] } },
{ "type": "Feature", "properties": { "name": "Calle 9a Suroeste" }, "geometry": { "type": "Point", "coordinates": [ -82.43507, 8.73206 ] } },
{ "type": "Feature", "properties": { "name": "Calle 1a" }, "geometry": { "type": "Point", "coordinates": [ -82.43769, 8.40722 ] } },
{ "type": "Feature", "properties": { "name": "Avenida 9a Oeste" }, "geometry": { "type": "Point", "coordinates": [ -82.42784, 8.4462 ] } },
{ "type": "Feature", "properties": { "name": "Calle La Cuchilla" }, "geometry": { "type": "Point", "coordinates": [ -82.60745, 8.58253 ] } },
{ "type": "Feature", "properties": { "name": "Calle División" }, "geometry": { "type": "Point", "coordinates": [ -82.89328, 8.08992 ] } },
{ "type": "Feature", "properties": { "name": "Volcancito shortcut path" }, "geometry": { "type": "Point", "coordinates": [ -82.43739, 8.76842 ] } },
{ "type": "Feature", "properties": { "name": "Calle T Sur" }, "geometry": { "type": "Point", "coordinates": [ -82.44047, 8.40842 ] } },
{ "type": "Feature", "properties": { "name": "Calle Manuel María Correa" }, "geometry": { "type": "Point", "coordinates": [ -80.42018, 7.96115 ] } },
{ "type": "Feature", "properties": { "name": "Calle del Obispo" }, "geometry": { "type": "Point", "coordinates": [ -79.48773, 9.00715 ] } },
{ "type": "Feature", "properties": { "name": "Antiguas Vías del Ferrocarril" }, "geometry": { "type": "Point", "coordinates": [ -82.48754, 8.42157 ] } },
{ "type": "Feature", "properties": { "name": "Sendero al Cerro" }, "geometry": { "type": "Point", "coordinates": [ -81.88216, 8.25338 ] } },
{ "type": "Feature", "properties": { "name": "Muelle Puerto Mensabé" }, "geometry": { "type": "Point", "coordinates": [ -80.16818, 7.75637 ] } },
{ "type": "Feature", "properties": { "name": "Avenida 3a Sur" }, "geometry": { "type": "Point", "coordinates": [ -82.61689, 8.51452 ] } },
{ "type": "Feature", "properties": { "name": "Calle De Las Hermanas" }, "geometry": { "type": "Point", "coordinates": [ -82.42267, 8.42383 ] } },
{ "type": "Feature", "properties": { "name": "Calle De Las Hermanas" }, "geometry": { "type": "Point", "coordinates": [ -82.42321, 8.42313 ] } },
{ "type": "Feature", "properties": { "name": "Camino Parque de Paitilla" }, "geometry": { "type": "Point", "coordinates": [ -79.5124, 8.9754 ] } },
{ "type": "Feature", "properties": { "name": "Camino Parque de Paitilla" }, "geometry": { "type": "Point", "coordinates": [ -79.51235, 8.97534 ] } },
{ "type": "Feature", "properties": { "name": "Salida 6" }, "geometry": { "type": "Point", "coordinates": [ -82.43749, 8.41982 ] } },
{ "type": "Feature", "properties": { "name": "Salida 7" }, "geometry": { "type": "Point", "coordinates": [ -82.43682, 8.42073 ] } },
{ "type": "Feature", "properties": { "name": "Salida 1" }, "geometry": { "type": "Point", "coordinates": [ -82.43713, 8.42247 ] } },
{ "type": "Feature", "properties": { "name": "Salida 3" }, "geometry": { "type": "Point", "coordinates": [ -82.43899, 8.42137 ] } },
{ "type": "Feature", "properties": { "name": "Salida 5" }, "geometry": { "type": "Point", "coordinates": [ -82.43872, 8.41886 ] } },
{ "type": "Feature", "properties": { "name": "Avenida 10a Oeste" }, "geometry": { "type": "Point", "coordinates": [ -82.43037, 8.44446 ] } },
{ "type": "Feature", "properties": { "name": "Vía San Pablo Nuevo Arriba" }, "geometry": { "type": "Point", "coordinates": [ -82.52326, 8.41834 ] } },
{ "type": "Feature", "properties": { "name": "Antiguas Vías del Ferrocarril" }, "geometry": { "type": "Point", "coordinates": [ -82.51182, 8.41847 ] } },
{ "type": "Feature", "properties": { "name": "Calle Cementerio" }, "geometry": { "type": "Point", "coordinates": [ -82.56922, 8.50685 ] } },
{ "type": "Feature", "properties": { "name": "Vereda Rafael Benitez" }, "geometry": { "type": "Point", "coordinates": [ -82.4226, 8.42479 ] } },
{ "type": "Feature", "properties": { "name": "Calle De Las Hermanas" }, "geometry": { "type": "Point", "coordinates": [ -82.42376, 8.42258 ] } },
{ "type": "Feature", "properties": { "name": "Puente Peatonal Nuevo Sasardí/Mulatupu" }, "geometry": { "type": "Point", "coordinates": [ -77.75236, 8.94385 ] } },
{ "type": "Feature", "properties": { "name": "Antigua Linea del Ferrocarril de Chiriquí" }, "geometry": { "type": "Point", "coordinates": [ -82.69155, 8.51968 ] } },
{ "type": "Feature", "properties": { "name": "Calle 2a Sur" }, "geometry": { "type": "Point", "coordinates": [ -82.63793, 8.77998 ] } },
{ "type": "Feature", "properties": { "name": "Avenida 9a Este" }, "geometry": { "type": "Point", "coordinates": [ -82.63022, 8.78072 ] } },
{ "type": "Feature", "properties": { "name": "Calle 11a Sur" }, "geometry": { "type": "Point", "coordinates": [ -82.63697, 8.76954 ] } },
{ "type": "Feature", "properties": { "name": "9852" }, "geometry": { "type": "Point", "coordinates": [ -79.49782, 9.0517 ] } },
{ "type": "Feature", "properties": { "name": "Avenida 9a Este" }, "geometry": { "type": "Point", "coordinates": [ -82.632, 8.78063 ] } },
{ "type": "Feature", "properties": { "name": "Avenida 9a Este" }, "geometry": { "type": "Point", "coordinates": [ -82.63602, 8.78388 ] } },
{ "type": "Feature", "properties": { "name": "Avenida 7a Norte" }, "geometry": { "type": "Point", "coordinates": [ -82.6388, 8.78432 ] } },
{ "type": "Feature", "properties": { "name": "Sendero la Laguna" }, "geometry": { "type": "Point", "coordinates": [ -79.69455, 9.1178 ] } },
{ "type": "Feature", "properties": { "name": "Vereda O. Gutiérrez" }, "geometry": { "type": "Point", "coordinates": [ -82.42058, 8.53299 ] } },
{ "type": "Feature", "properties": { "name": "Antiguas Vías del Ferrocarril" }, "geometry": { "type": "Point", "coordinates": [ -82.43001, 8.63559 ] } },
{ "type": "Feature", "properties": { "name": "Vereda Aurora" }, "geometry": { "type": "Point", "coordinates": [ -82.42595, 8.4135 ] } },
{ "type": "Feature", "properties": { "name": "Avenida 4a Sur" }, "geometry": { "type": "Point", "coordinates": [ -82.65016, 8.77893 ] } },
{ "type": "Feature", "properties": { "name": "Avenida 4a Sur" }, "geometry": { "type": "Point", "coordinates": [ -82.65374, 8.78271 ] } },
{ "type": "Feature", "properties": { "name": "Calle 9a Norte" }, "geometry": { "type": "Point", "coordinates": [ -82.64282, 8.79043 ] } },
{ "type": "Feature", "properties": { "name": "Avenida 11a Norte" }, "geometry": { "type": "Point", "coordinates": [ -82.63884, 8.79179 ] } },
{ "type": "Feature", "properties": { "name": "Calle 12a Norte" }, "geometry": { "type": "Point", "coordinates": [ -82.64336, 8.7945 ] } },
{ "type": "Feature", "properties": { "name": "Calle 9a Norte" }, "geometry": { "type": "Point", "coordinates": [ -82.64079, 8.79193 ] } },
{ "type": "Feature", "properties": { "name": "Calle 6a Norte" }, "geometry": { "type": "Point", "coordinates": [ -82.63865, 8.78949 ] } },
{ "type": "Feature", "properties": { "name": "Calle 5a Norte" }, "geometry": { "type": "Point", "coordinates": [ -82.63792, 8.78866 ] } },
{ "type": "Feature", "properties": { "name": "Avenida 8a Norte" }, "geometry": { "type": "Point", "coordinates": [ -82.64381, 8.79183 ] } },
{ "type": "Feature", "properties": { "name": "Avenida 7a Norte" }, "geometry": { "type": "Point", "coordinates": [ -82.6473, 8.79399 ] } },
{ "type": "Feature", "properties": { "name": "Calle 14a Norte" }, "geometry": { "type": "Point", "coordinates": [ -82.64732, 8.79407 ] } },
{ "type": "Feature", "properties": { "name": "Avenida 12a Norte" }, "geometry": { "type": "Point", "coordinates": [ -82.63361, 8.78671 ] } },
{ "type": "Feature", "properties": { "name": "Calle 4a Oeste" }, "geometry": { "type": "Point", "coordinates": [ -82.63681, 8.78618 ] } },
{ "type": "Feature", "properties": { "name": "Avenida 10a Norte" }, "geometry": { "type": "Point", "coordinates": [ -82.63658, 8.78674 ] } },
{ "type": "Feature", "properties": { "name": "Calle 4a Norte" }, "geometry": { "type": "Point", "coordinates": [ -82.6374, 8.78807 ] } },
{ "type": "Feature", "properties": { "name": "Calle U Norte" }, "geometry": { "type": "Point", "coordinates": [ -82.40787, 9.29822 ] } },
{ "type": "Feature", "properties": { "name": "Calle E Norte" }, "geometry": { "type": "Point", "coordinates": [ -82.43791, 8.44334 ] } },
{ "type": "Feature", "properties": { "name": "Calle D Norte" }, "geometry": { "type": "Point", "coordinates": [ -82.43814, 8.44312 ] } },
{ "type": "Feature", "properties": { "name": "Camino de Cruces" }, "geometry": { "type": "Point", "coordinates": [ -79.57253, 9.00746 ] } },
{ "type": "Feature", "properties": { "name": "Camino a Remedios" }, "geometry": { "type": "Point", "coordinates": [ -81.8607, 8.25565 ] } },
{ "type": "Feature", "properties": { "name": "Avenida 15a" }, "geometry": { "type": "Point", "coordinates": [ -80.52205, 8.34313 ] } },
{ "type": "Feature", "properties": { "name": "Antiguas Vías del Ferrocarril" }, "geometry": { "type": "Point", "coordinates": [ -82.58925, 8.45082 ] } },
{ "type": "Feature", "properties": { "name": "Wizard´ s Beach Trail (Camino a Playa Wizard)" }, "geometry": { "type": "Point", "coordinates": [ -82.20045, 9.35165 ] } },
{ "type": "Feature", "properties": { "name": "Sendero Los Quetzales" }, "geometry": { "type": "Point", "coordinates": [ -82.49691, 8.85243 ] } },
{ "type": "Feature", "properties": { "name": "Sendero Los Quetzales" }, "geometry": { "type": "Point", "coordinates": [ -82.494, 8.85162 ] } },
{ "type": "Feature", "properties": { "name": "Sendero Los Quetzales" }, "geometry": { "type": "Point", "coordinates": [ -82.50794, 8.85155 ] } },
{ "type": "Feature", "properties": { "name": "Sendero Los Quetzales" }, "geometry": { "type": "Point", "coordinates": [ -82.51463, 8.84958 ] } },
{ "type": "Feature", "properties": { "name": "Calle Alberto Constance" }, "geometry": { "type": "Point", "coordinates": [ -79.58032, 8.99228 ] } },
{ "type": "Feature", "properties": { "name": "Cinta Norteña" }, "geometry": { "type": "Point", "coordinates": [ -79.5278, 9.10079 ] } },
{ "type": "Feature", "properties": { "name": "CARRETERA K9" }, "geometry": { "type": "Point", "coordinates": [ -79.60137, 8.98528 ] } },
{ "type": "Feature", "properties": { "name": "CARRETERA K9" }, "geometry": { "type": "Point", "coordinates": [ -79.60981, 8.9828 ] } },
{ "type": "Feature", "properties": { "name": "Hike to El Salto Waterfall" }, "geometry": { "type": "Point", "coordinates": [ -80.82941, 7.69482 ] } },
{ "type": "Feature", "properties": { "name": "Calle La Pita" }, "geometry": { "type": "Point", "coordinates": [ -82.56836, 8.38569 ] } },
{ "type": "Feature", "properties": { "name": "Camino acceso a Llaño Ñopo Sur" }, "geometry": { "type": "Point", "coordinates": [ -81.61371, 8.42167 ] } },
{ "type": "Feature", "properties": { "name": "Camino a los Petroglifos de Caldera" }, "geometry": { "type": "Point", "coordinates": [ -82.36883, 8.65782 ] } },
{ "type": "Feature", "properties": { "name": "Caisan Centro-Guabito" }, "geometry": { "type": "Point", "coordinates": [ -82.78023, 8.75869 ] } },
{ "type": "Feature", "properties": { "name": "Calle sn" }, "geometry": { "type": "Point", "coordinates": [ -82.91244, 8.32637 ] } },
{ "type": "Feature", "properties": { "name": "Majagua Civil Rural" }, "geometry": { "type": "Point", "coordinates": [ -82.92415, 8.34631 ] } },
{ "type": "Feature", "properties": { "name": "Camino de las Chorocas" }, "geometry": { "type": "Point", "coordinates": [ -82.98262, 8.32956 ] } },
{ "type": "Feature", "properties": { "name": "Trillo 6" }, "geometry": { "type": "Point", "coordinates": [ -82.9657, 8.32543 ] } },
{ "type": "Feature", "properties": { "name": "Trillo 8" }, "geometry": { "type": "Point", "coordinates": [ -82.96877, 8.32496 ] } },
{ "type": "Feature", "properties": { "name": "Trillo 4" }, "geometry": { "type": "Point", "coordinates": [ -82.96061, 8.33078 ] } },
{ "type": "Feature", "properties": { "name": "Trillo 3" }, "geometry": { "type": "Point", "coordinates": [ -82.9601, 8.32938 ] } },
{ "type": "Feature", "properties": { "name": "Carretera 1" }, "geometry": { "type": "Point", "coordinates": [ -82.96117, 8.3228 ] } },
{ "type": "Feature", "properties": { "name": "Calle 7a Norte" }, "geometry": { "type": "Point", "coordinates": [ -82.43546, 8.78841 ] } },
{ "type": "Feature", "properties": { "name": "Calle 6a Norte" }, "geometry": { "type": "Point", "coordinates": [ -82.43535, 8.78761 ] } },
{ "type": "Feature", "properties": { "name": "Calle El Choriillo" }, "geometry": { "type": "Point", "coordinates": [ -82.33988, 8.70541 ] } },
{ "type": "Feature", "properties": { "name": "India Vieja Abajo" }, "geometry": { "type": "Point", "coordinates": [ -82.36424, 8.75915 ] } },
{ "type": "Feature", "properties": { "name": "Calle 6a Sur" }, "geometry": { "type": "Point", "coordinates": [ -82.43472, 8.774 ] } },
{ "type": "Feature", "properties": { "name": "Calle 2a Norte" }, "geometry": { "type": "Point", "coordinates": [ -82.64025, 8.78308 ] } },
{ "type": "Feature", "properties": { "name": "Calle 13a Norte" }, "geometry": { "type": "Point", "coordinates": [ -82.65128, 8.78884 ] } },
{ "type": "Feature", "properties": { "name": "Calle 14a Norte" }, "geometry": { "type": "Point", "coordinates": [ -82.64892, 8.79092 ] } },
{ "type": "Feature", "properties": { "name": "Calle La Línea" }, "geometry": { "type": "Point", "coordinates": [ -82.68057, 8.51933 ] } },
{ "type": "Feature", "properties": { "name": "Antiguas Vías del Ferrocarril" }, "geometry": { "type": "Point", "coordinates": [ -82.65817, 8.51385 ] } },
{ "type": "Feature", "properties": { "name": "Acceso a Muelle" }, "geometry": { "type": "Point", "coordinates": [ -82.4354, 8.37204 ] } },
{ "type": "Feature", "properties": { "name": "Acceso a Muelle" }, "geometry": { "type": "Point", "coordinates": [ -82.43411, 8.37317 ] } },
{ "type": "Feature", "properties": { "name": "Antiguas Vías del Ferrocarril" }, "geometry": { "type": "Point", "coordinates": [ -82.43149, 8.41134 ] } },
{ "type": "Feature", "properties": { "name": "Sendero Los Momotides" }, "geometry": { "type": "Point", "coordinates": [ -79.54578, 8.98365 ] } },
{ "type": "Feature", "properties": { "name": "Calle Santo Domingo" }, "geometry": { "type": "Point", "coordinates": [ -79.48601, 9.009 ] } },
{ "type": "Feature", "properties": { "name": "Puente del Rey" }, "geometry": { "type": "Point", "coordinates": [ -79.48583, 9.01334 ] } },
{ "type": "Feature", "properties": { "name": "La Samia trail" }, "geometry": { "type": "Point", "coordinates": [ -80.11901, 8.61948 ] } },
{ "type": "Feature", "properties": { "name": "Camino de Cruces" }, "geometry": { "type": "Point", "coordinates": [ -79.66434, 9.12467 ] } },
{ "type": "Feature", "properties": { "name": "Camino de Cruces" }, "geometry": { "type": "Point", "coordinates": [ -79.62822, 9.11116 ] } },
{ "type": "Feature", "properties": { "name": "Paso Baules" }, "geometry": { "type": "Point", "coordinates": [ -82.8737, 8.08157 ] } },
{ "type": "Feature", "properties": { "name": "Paso Baules" }, "geometry": { "type": "Point", "coordinates": [ -82.86458, 8.08395 ] } },
{ "type": "Feature", "properties": { "name": "Paso Balsa" }, "geometry": { "type": "Point", "coordinates": [ -82.87199, 8.08072 ] } },
{ "type": "Feature", "properties": { "name": "Paso Balsa" }, "geometry": { "type": "Point", "coordinates": [ -82.87157, 8.07996 ] } },
{ "type": "Feature", "properties": { "name": "Camino a la Playa" }, "geometry": { "type": "Point", "coordinates": [ -82.87563, 8.19025 ] } },
{ "type": "Feature", "properties": { "name": "Via Punta Bejuco" }, "geometry": { "type": "Point", "coordinates": [ -82.14419, 8.18885 ] } },
{ "type": "Feature", "properties": { "name": "Vía Residencial Ocean Front" }, "geometry": { "type": "Point", "coordinates": [ -82.15311, 8.1995 ] } },
{ "type": "Feature", "properties": { "name": "Rio De Jesus-Mata Ahogado" }, "geometry": { "type": "Point", "coordinates": [ -80.09272, 8.61222 ] } },
{ "type": "Feature", "properties": { "name": "sendero Cerro El Picacho" }, "geometry": { "type": "Point", "coordinates": [ -80.04817, 8.62621 ] } },
{ "type": "Feature", "properties": { "name": "camino La Laguna-El Picacho" }, "geometry": { "type": "Point", "coordinates": [ -80.04501, 8.62497 ] } },
{ "type": "Feature", "properties": { "name": "hacentamiento" }, "geometry": { "type": "Point", "coordinates": [ -80.0516, 8.61821 ] } },
{ "type": "Feature", "properties": { "name": "Camino Melliza Arriba" }, "geometry": { "type": "Point", "coordinates": [ -82.88138, 8.18836 ] } },
{ "type": "Feature", "properties": { "name": "Carretera 12" }, "geometry": { "type": "Point", "coordinates": [ -82.49912, 8.34625 ] } },
{ "type": "Feature", "properties": { "name": "Calle de Palo Alto" }, "geometry": { "type": "Point", "coordinates": [ -82.40616, 8.80663 ] } },
{ "type": "Feature", "properties": { "name": "Pata de Macho-trail" }, "geometry": { "type": "Point", "coordinates": [ -82.39716, 8.81872 ] } },
{ "type": "Feature", "properties": { "name": "Calle de Palo Alto" }, "geometry": { "type": "Point", "coordinates": [ -82.39344, 8.80825 ] } },
{ "type": "Feature", "properties": { "name": "Acceso Muelle Salmón Rojo, S.A." }, "geometry": { "type": "Point", "coordinates": [ -79.43781, 9.0219 ] } },
{ "type": "Feature", "properties": { "name": "Salida 4" }, "geometry": { "type": "Point", "coordinates": [ -82.44041, 8.41937 ] } },
{ "type": "Feature", "properties": { "name": "Vía Cerro Azul - Altos de Tocumen" }, "geometry": { "type": "Point", "coordinates": [ -79.40316, 9.13638 ] } },
{ "type": "Feature", "properties": { "name": "Antiguas Vías de Ferrocarril" }, "geometry": { "type": "Point", "coordinates": [ -82.56213, 8.41023 ] } },
{ "type": "Feature", "properties": { "name": "Hidro Cuchilla" }, "geometry": { "type": "Point", "coordinates": [ -82.59508, 8.63427 ] } },
{ "type": "Feature", "properties": { "name": "Vía Macano Abajo" }, "geometry": { "type": "Point", "coordinates": [ -82.55766, 8.54206 ] } },
{ "type": "Feature", "properties": { "name": "Muelle Puerto Mensabé" }, "geometry": { "type": "Point", "coordinates": [ -80.16794, 7.75628 ] } },
{ "type": "Feature", "properties": { "name": "Sendero Cerro Chame" }, "geometry": { "type": "Point", "coordinates": [ -79.86029, 8.59278 ] } },
{ "type": "Feature", "properties": { "name": "Antiguas Líneas del Ferrocarril" }, "geometry": { "type": "Point", "coordinates": [ -82.8201, 8.47356 ] } },
{ "type": "Feature", "properties": { "name": "La Laguna abajo 03" }, "geometry": { "type": "Point", "coordinates": [ -80.04598, 8.60744 ] } },
{ "type": "Feature", "properties": { "name": "El Caimito" }, "geometry": { "type": "Point", "coordinates": [ -80.05135, 8.60141 ] } },
{ "type": "Feature", "properties": { "name": "calle la Placita" }, "geometry": { "type": "Point", "coordinates": [ -80.05126, 8.60288 ] } },
{ "type": "Feature", "properties": { "name": "Vía Caña Blanca" }, "geometry": { "type": "Point", "coordinates": [ -82.49488, 8.39216 ] } },
{ "type": "Feature", "properties": { "name": "Calle Glady" }, "geometry": { "type": "Point", "coordinates": [ -79.25823, 9.1741 ] } },
{ "type": "Feature", "properties": { "name": "Calle 11 de Octubre" }, "geometry": { "type": "Point", "coordinates": [ -79.77999, 8.88286 ] } },
{ "type": "Feature", "properties": { "name": "Sendero Las Fuentes" }, "geometry": { "type": "Point", "coordinates": [ -80.93139, 7.54183 ] } },
{ "type": "Feature", "properties": { "name": "Piedra Grande" }, "geometry": { "type": "Point", "coordinates": [ -81.45691, 8.52155 ] } },
{ "type": "Feature", "properties": { "name": "puente sobre el Rio Oi" }, "geometry": { "type": "Point", "coordinates": [ -81.36151, 8.49604 ] } },
{ "type": "Feature", "properties": { "name": "Paseo Sosa Y Barbero" }, "geometry": { "type": "Point", "coordinates": [ -82.43191, 8.44023 ] } },
{ "type": "Feature", "properties": { "name": "Camino Las Cañas El Flor" }, "geometry": { "type": "Point", "coordinates": [ -82.42619, 8.55812 ] } },
{ "type": "Feature", "properties": { "name": "Camino Las Cañas El Flor" }, "geometry": { "type": "Point", "coordinates": [ -82.43181, 8.55536 ] } },
{ "type": "Feature", "properties": { "name": "Las Animas" }, "geometry": { "type": "Point", "coordinates": [ -80.02137, 8.58406 ] } },
{ "type": "Feature", "properties": { "name": "Camino de Cruces" }, "geometry": { "type": "Point", "coordinates": [ -79.60643, 9.08667 ] } },
{ "type": "Feature", "properties": { "name": "Camino Real de Cruces" }, "geometry": { "type": "Point", "coordinates": [ -79.57559, 9.02029 ] } },
{ "type": "Feature", "properties": { "name": "Camino de Cruces (sección Clayton CSS)" }, "geometry": { "type": "Point", "coordinates": [ -79.5647, 9.00718 ] } },
{ "type": "Feature", "properties": { "name": "Camino de Cruces" }, "geometry": { "type": "Point", "coordinates": [ -79.54892, 8.98618 ] } },
{ "type": "Feature", "properties": { "name": "TransPanama VE Santa Fe - El Tute" }, "geometry": { "type": "Point", "coordinates": [ -81.09403, 8.49959 ] } },
{ "type": "Feature", "properties": { "name": "TransPanama VE Santa Fe - El Tute" }, "geometry": { "type": "Point", "coordinates": [ -81.09893, 8.48563 ] } },
{ "type": "Feature", "properties": { "name": "Piedra Llana beach trail" }, "geometry": { "type": "Point", "coordinates": [ -79.56533, 8.80289 ] } },
{ "type": "Feature", "properties": { "name": "Calle Central" }, "geometry": { "type": "Point", "coordinates": [ -82.2875, 8.5291 ] } },
{ "type": "Feature", "properties": { "name": "TransPanama VE Santa Fe - El Tute" }, "geometry": { "type": "Point", "coordinates": [ -81.09842, 8.49326 ] } },
{ "type": "Feature", "properties": { "name": "Sendero al Cerro Punta" }, "geometry": { "type": "Point", "coordinates": [ -82.58162, 8.87848 ] } },
{ "type": "Feature", "properties": { "name": "CP-Las Nubes-01" }, "geometry": { "type": "Point", "coordinates": [ -82.59582, 8.87541 ] } },
{ "type": "Feature", "properties": { "name": "Sendero a Cerro Chame" }, "geometry": { "type": "Point", "coordinates": [ -79.85011, 8.59235 ] } },
{ "type": "Feature", "properties": { "name": "Cariguana East" }, "geometry": { "type": "Point", "coordinates": [ -80.13351, 8.58753 ] } },
{ "type": "Feature", "properties": { "name": "Sendero Panamá" }, "geometry": { "type": "Point", "coordinates": [ -79.92622, 8.6823 ] } },
{ "type": "Feature", "properties": { "name": "Sendero Zamora" }, "geometry": { "type": "Point", "coordinates": [ -79.93035, 8.68391 ] } },
{ "type": "Feature", "properties": { "name": "Sendero La Cruz" }, "geometry": { "type": "Point", "coordinates": [ -79.92237, 8.68545 ] } },
{ "type": "Feature", "properties": { "name": "Paso Culebra" }, "geometry": { "type": "Point", "coordinates": [ -82.42275, 8.72636 ] } },
{ "type": "Feature", "properties": { "name": "Vía Cerro Cabezón" }, "geometry": { "type": "Point", "coordinates": [ -82.40751, 8.74098 ] } },
{ "type": "Feature", "properties": { "name": "Paso Culebra" }, "geometry": { "type": "Point", "coordinates": [ -82.41868, 8.72527 ] } },
{ "type": "Feature", "properties": { "name": "Panama Pacifico MTB track" }, "geometry": { "type": "Point", "coordinates": [ -79.59419, 8.93082 ] } },
{ "type": "Feature", "properties": { "name": "Sendero El Charco" }, "geometry": { "type": "Point", "coordinates": [ -79.66437, 9.08404 ] } },
{ "type": "Feature", "properties": { "name": "Camino Real" }, "geometry": { "type": "Point", "coordinates": [ -79.54651, 9.38374 ] } },
{ "type": "Feature", "properties": { "name": "Calle La Primavera" }, "geometry": { "type": "Point", "coordinates": [ -82.64196, 8.76252 ] } },
{ "type": "Feature", "properties": { "name": "El Centeno a Tara" }, "geometry": { "type": "Point", "coordinates": [ -80.96305, 7.9983 ] } },
{ "type": "Feature", "properties": { "name": "Avenida 15a Norte" }, "geometry": { "type": "Point", "coordinates": [ -82.62946, 8.79211 ] } },
{ "type": "Feature", "properties": { "name": "Carretera C-29" }, "geometry": { "type": "Point", "coordinates": [ -79.61264, 9.08568 ] } },
{ "type": "Feature", "properties": { "name": "Camino a Bovedas del Rio Larguillo" }, "geometry": { "type": "Point", "coordinates": [ -80.21991, 8.6729 ] } },
{ "type": "Feature", "properties": { "name": "Subida a Cerro La Vieja" }, "geometry": { "type": "Point", "coordinates": [ -80.20319, 8.67041 ] } },
{ "type": "Feature", "properties": { "name": "Vuelta Cerro La Vieja" }, "geometry": { "type": "Point", "coordinates": [ -80.20479, 8.67045 ] } },
{ "type": "Feature", "properties": { "name": "Via Reserva Natural Privada Las Oropéndolas" }, "geometry": { "type": "Point", "coordinates": [ -80.17702, 8.66576 ] } },
{ "type": "Feature", "properties": { "name": "Sendero a RNP Las Oropendolas" }, "geometry": { "type": "Point", "coordinates": [ -80.19171, 8.6657 ] } },
{ "type": "Feature", "properties": { "name": "Sendero hacia Cascada Tavidá" }, "geometry": { "type": "Point", "coordinates": [ -80.18207, 8.67739 ] } },
{ "type": "Feature", "properties": { "name": "Sendero El Espavé" }, "geometry": { "type": "Point", "coordinates": [ -80.18107, 8.67811 ] } },
{ "type": "Feature", "properties": { "name": "Avenida 1a Oeste" }, "geometry": { "type": "Point", "coordinates": [ -82.43308, 8.74999 ] } },
{ "type": "Feature", "properties": { "name": "Calle 3a Suroeste" }, "geometry": { "type": "Point", "coordinates": [ -82.43472, 8.73616 ] } },
{ "type": "Feature", "properties": { "name": "Calle 1a Suroeste" }, "geometry": { "type": "Point", "coordinates": [ -82.43459, 8.73746 ] } },
{ "type": "Feature", "properties": { "name": "RUTA 842 - Pipeline Road - Camino del Oleoducto" }, "geometry": { "type": "Point", "coordinates": [ -79.73167, 9.14958 ] } },
{ "type": "Feature", "properties": { "name": "sin descripcion" }, "geometry": { "type": "Point", "coordinates": [ -77.81988, 8.40434 ] } },
{ "type": "Feature", "properties": { "name": "Antiguas Líneas del Ferrocarril" }, "geometry": { "type": "Point", "coordinates": [ -82.82518, 8.46926 ] } },
{ "type": "Feature", "properties": { "name": "Antigua Linea del Ferrocarril de Chiriquí" }, "geometry": { "type": "Point", "coordinates": [ -82.69589, 8.51965 ] } },
{ "type": "Feature", "properties": { "name": "Antiguas Líneas del Ferrocarril" }, "geometry": { "type": "Point", "coordinates": [ -82.81211, 8.47852 ] } },
{ "type": "Feature", "properties": { "name": "Vía Cerro Azul - Altos de Tocumen" }, "geometry": { "type": "Point", "coordinates": [ -79.39383, 9.12085 ] } },
{ "type": "Feature", "properties": { "name": "Avenida Boulevard" }, "geometry": { "type": "Point", "coordinates": [ -79.87928, 8.54743 ] } },
{ "type": "Feature", "properties": { "name": "Calle del IDAAN" }, "geometry": { "type": "Point", "coordinates": [ -79.58768, 9.17092 ] } },
{ "type": "Feature", "properties": { "name": "lindero" }, "geometry": { "type": "Point", "coordinates": [ -78.95857, 9.26373 ] } },
{ "type": "Feature", "properties": { "name": "lindero" }, "geometry": { "type": "Point", "coordinates": [ -78.96029, 9.26074 ] } },
{ "type": "Feature", "properties": { "name": "lindero" }, "geometry": { "type": "Point", "coordinates": [ -78.96312, 9.26218 ] } },
{ "type": "Feature", "properties": { "name": "lindero" }, "geometry": { "type": "Point", "coordinates": [ -78.96122, 9.26387 ] } },
{ "type": "Feature", "properties": { "name": "Via Principal Punta Culebra Nature Center" }, "geometry": { "type": "Point", "coordinates": [ -79.52897, 8.91202 ] } },
{ "type": "Feature", "properties": { "name": "Sendero Bosque Tropical bajo" }, "geometry": { "type": "Point", "coordinates": [ -79.52865, 8.91186 ] } },
{ "type": "Feature", "properties": { "name": "Sendero Bosque Tropical Alto" }, "geometry": { "type": "Point", "coordinates": [ -79.52877, 8.91203 ] } },
{ "type": "Feature", "properties": { "name": "Puente Peatonal Calle de la Junta Comunal Sector 2 y 3" }, "geometry": { "type": "Point", "coordinates": [ -79.36275, 9.09818 ] } },
{ "type": "Feature", "properties": { "name": "Calle Secundaria Parque Nacional Volcán Barú" }, "geometry": { "type": "Point", "coordinates": [ -82.59824, 8.80954 ] } },
{ "type": "Feature", "properties": { "name": "Calle 18" }, "geometry": { "type": "Point", "coordinates": [ -80.95201, 8.11037 ] } },
{ "type": "Feature", "properties": { "name": "Calle Verde" }, "geometry": { "type": "Point", "coordinates": [ -80.93713, 7.54118 ] } },
{ "type": "Feature", "properties": { "name": "Sendero del Carricillo" }, "geometry": { "type": "Point", "coordinates": [ -79.53351, 9.02698 ] } },
{ "type": "Feature", "properties": { "name": "Sendero del Carricillo" }, "geometry": { "type": "Point", "coordinates": [ -79.53529, 9.02646 ] } },
{ "type": "Feature", "properties": { "name": "Sendeo del Jaguar" }, "geometry": { "type": "Point", "coordinates": [ -79.53694, 9.02358 ] } },
{ "type": "Feature", "properties": { "name": "Sendero Molienda Indigena" }, "geometry": { "type": "Point", "coordinates": [ -79.53637, 9.02496 ] } },
{ "type": "Feature", "properties": { "name": "Calle Altos del Brujo" }, "geometry": { "type": "Point", "coordinates": [ -82.83695, 8.62867 ] } },
{ "type": "Feature", "properties": { "name": "Calle Binacional" }, "geometry": { "type": "Point", "coordinates": [ -82.82494, 8.57698 ] } },
{ "type": "Feature", "properties": { "name": "Calle A" }, "geometry": { "type": "Point", "coordinates": [ -79.71236, 8.63859 ] } },
{ "type": "Feature", "properties": { "name": "Calle A3" }, "geometry": { "type": "Point", "coordinates": [ -79.71025, 8.64041 ] } },
{ "type": "Feature", "properties": { "name": "Vereda Cruza" }, "geometry": { "type": "Point", "coordinates": [ -79.36564, 9.09819 ] } },
{ "type": "Feature", "properties": { "name": "Avenida 2a" }, "geometry": { "type": "Point", "coordinates": [ -82.46745, 8.40464 ] } },
{ "type": "Feature", "properties": { "name": "jordanal" }, "geometry": { "type": "Point", "coordinates": [ -80.1026, 8.69142 ] } },
{ "type": "Feature", "properties": { "name": "Jordanal Arriba" }, "geometry": { "type": "Point", "coordinates": [ -80.10056, 8.68431 ] } },
{ "type": "Feature", "properties": { "name": "Barrio Limón" }, "geometry": { "type": "Point", "coordinates": [ -80.11007, 8.69252 ] } },
{ "type": "Feature", "properties": { "name": "Barrio Limón" }, "geometry": { "type": "Point", "coordinates": [ -80.11028, 8.69253 ] } },
{ "type": "Feature", "properties": { "name": "Calle 10a Norte" }, "geometry": { "type": "Point", "coordinates": [ -82.63862, 8.79518 ] } },
{ "type": "Feature", "properties": { "name": "Calle 10a Norte" }, "geometry": { "type": "Point", "coordinates": [ -82.63974, 8.79426 ] } },
{ "type": "Feature", "properties": { "name": "Plantation Road" }, "geometry": { "type": "Point", "coordinates": [ -79.6421, 9.12161 ] } },
{ "type": "Feature", "properties": { "name": "Avenida 4a Sur" }, "geometry": { "type": "Point", "coordinates": [ -82.64879, 8.7774 ] } },
{ "type": "Feature", "properties": { "name": "Río Indio Centro" }, "geometry": { "type": "Point", "coordinates": [ -80.11638, 8.72054 ] } },
{ "type": "Feature", "properties": { "name": "Calle K Sur" }, "geometry": { "type": "Point", "coordinates": [ -82.44751, 8.42836 ] } },
{ "type": "Feature", "properties": { "name": "Calle del IDAAN" }, "geometry": { "type": "Point", "coordinates": [ -79.55248, 9.13962 ] } },
{ "type": "Feature", "properties": { "name": "Sendero Podocarpus" }, "geometry": { "type": "Point", "coordinates": [ -79.92981, 8.68364 ] } },
{ "type": "Feature", "properties": { "name": "Camino de Cruces" }, "geometry": { "type": "Point", "coordinates": [ -79.59281, 9.06007 ] } },
{ "type": "Feature", "properties": { "name": "Camino de Cruces" }, "geometry": { "type": "Point", "coordinates": [ -79.5873, 9.04757 ] } },
{ "type": "Feature", "properties": { "name": "Camino de Cruces" }, "geometry": { "type": "Point", "coordinates": [ -79.58345, 9.04004 ] } },
{ "type": "Feature", "properties": { "name": "Third Cable Bridge" }, "geometry": { "type": "Point", "coordinates": [ -82.40547, 8.8827 ] } },
{ "type": "Feature", "properties": { "name": "Second Cable Bridge" }, "geometry": { "type": "Point", "coordinates": [ -82.40881, 8.87737 ] } },
{ "type": "Feature", "properties": { "name": "First Cable Bridge" }, "geometry": { "type": "Point", "coordinates": [ -82.41703, 8.871 ] } },
{ "type": "Feature", "properties": { "name": "aproximado" }, "geometry": { "type": "Point", "coordinates": [ -77.53325, 8.51093 ] } },
{ "type": "Feature", "properties": { "name": "aproximado" }, "geometry": { "type": "Point", "coordinates": [ -77.4223, 8.5534 ] } },
{ "type": "Feature", "properties": { "name": "camino Jordanal-Arenilla" }, "geometry": { "type": "Point", "coordinates": [ -80.10181, 8.71101 ] } },
{ "type": "Feature", "properties": { "name": "Pipeline Trail" }, "geometry": { "type": "Point", "coordinates": [ -82.48166, 8.83049 ] } },
{ "type": "Feature", "properties": { "name": "Pipeline Trail" }, "geometry": { "type": "Point", "coordinates": [ -82.48162, 8.83047 ] } },
{ "type": "Feature", "properties": { "name": "Pipeline Trail" }, "geometry": { "type": "Point", "coordinates": [ -82.48175, 8.83051 ] } },
{ "type": "Feature", "properties": { "name": "Pipeline Trail" }, "geometry": { "type": "Point", "coordinates": [ -82.48578, 8.82922 ] } },
{ "type": "Feature", "properties": { "name": "Pipeline Trail" }, "geometry": { "type": "Point", "coordinates": [ -82.48988, 8.82756 ] } },
{ "type": "Feature", "properties": { "name": "Pipeline Trail" }, "geometry": { "type": "Point", "coordinates": [ -82.48981, 8.82756 ] } },
{ "type": "Feature", "properties": { "name": "Pipeline Trail" }, "geometry": { "type": "Point", "coordinates": [ -82.48997, 8.82756 ] } },
{ "type": "Feature", "properties": { "name": "Pipeline Trail" }, "geometry": { "type": "Point", "coordinates": [ -82.49124, 8.82821 ] } },
{ "type": "Feature", "properties": { "name": "Pipeline Trail" }, "geometry": { "type": "Point", "coordinates": [ -82.49257, 8.82891 ] } },
{ "type": "Feature", "properties": { "name": "Pipeline Trail" }, "geometry": { "type": "Point", "coordinates": [ -82.49314, 8.8288 ] } },
{ "type": "Feature", "properties": { "name": "Pipeline Trail" }, "geometry": { "type": "Point", "coordinates": [ -82.49363, 8.8285 ] } },
{ "type": "Feature", "properties": { "name": "Calle Valle Rico" }, "geometry": { "type": "Point", "coordinates": [ -79.39212, 9.08627 ] } },
{ "type": "Feature", "properties": { "name": "Weir" }, "geometry": { "type": "Point", "coordinates": [ -79.83794, 9.16244 ] } },
{ "type": "Feature", "properties": { "name": "Shannon Cutoff" }, "geometry": { "type": "Point", "coordinates": [ -79.8404, 9.16049 ] } },
{ "type": "Feature", "properties": { "name": "WMW" }, "geometry": { "type": "Point", "coordinates": [ -79.84819, 9.1569 ] } },
{ "type": "Feature", "properties": { "name": "Conrad" }, "geometry": { "type": "Point", "coordinates": [ -79.85767, 9.15126 ] } },
{ "type": "Feature", "properties": { "name": "AVA" }, "geometry": { "type": "Point", "coordinates": [ -79.85403, 9.14794 ] } },
{ "type": "Feature", "properties": { "name": "AVA" }, "geometry": { "type": "Point", "coordinates": [ -79.84827, 9.15659 ] } },
{ "type": "Feature", "properties": { "name": "Wetmore" }, "geometry": { "type": "Point", "coordinates": [ -79.85101, 9.14461 ] } },
{ "type": "Feature", "properties": { "name": "Drayton" }, "geometry": { "type": "Point", "coordinates": [ -79.84528, 9.14844 ] } },
{ "type": "Feature", "properties": { "name": "Wheeler" }, "geometry": { "type": "Point", "coordinates": [ -79.8455, 9.15159 ] } },
{ "type": "Feature", "properties": { "name": "AMNH" }, "geometry": { "type": "Point", "coordinates": [ -79.84069, 9.151 ] } },
{ "type": "Feature", "properties": { "name": "Shannon" }, "geometry": { "type": "Point", "coordinates": [ -79.84086, 9.15678 ] } },
{ "type": "Feature", "properties": { "name": "RCS" }, "geometry": { "type": "Point", "coordinates": [ -79.83844, 9.151 ] } },
{ "type": "Feature", "properties": { "name": "Balboa" }, "geometry": { "type": "Point", "coordinates": [ -79.84348, 9.15529 ] } },
{ "type": "Feature", "properties": { "name": "Schneirla" }, "geometry": { "type": "Point", "coordinates": [ -79.84484, 9.15926 ] } },
{ "type": "Feature", "properties": { "name": "Zetek" }, "geometry": { "type": "Point", "coordinates": [ -79.85887, 9.1547 ] } },
{ "type": "Feature", "properties": { "name": "Standley" }, "geometry": { "type": "Point", "coordinates": [ -79.86176, 9.16166 ] } },
{ "type": "Feature", "properties": { "name": "Pearson" }, "geometry": { "type": "Point", "coordinates": [ -79.8504, 9.16164 ] } },
{ "type": "Feature", "properties": { "name": "Nemesia" }, "geometry": { "type": "Point", "coordinates": [ -79.85072, 9.16507 ] } },
{ "type": "Feature", "properties": { "name": "Lake" }, "geometry": { "type": "Point", "coordinates": [ -79.84663, 9.15966 ] } },
{ "type": "Feature", "properties": { "name": "Barbour" }, "geometry": { "type": "Point", "coordinates": [ -79.84373, 9.1679 ] } },
{ "type": "Feature", "properties": { "name": "Gross" }, "geometry": { "type": "Point", "coordinates": [ -79.84385, 9.17559 ] } },
{ "type": "Feature", "properties": { "name": "Miller" }, "geometry": { "type": "Point", "coordinates": [ -79.85119, 9.16801 ] } },
{ "type": "Feature", "properties": { "name": "FM" }, "geometry": { "type": "Point", "coordinates": [ -79.84377, 9.16135 ] } },
{ "type": "Feature", "properties": { "name": "Lathrop" }, "geometry": { "type": "Point", "coordinates": [ -79.84141, 9.16381 ] } },
{ "type": "Feature", "properties": { "name": "WMW" }, "geometry": { "type": "Point", "coordinates": [ -79.84047, 9.16298 ] } },
{ "type": "Feature", "properties": { "name": "Donato" }, "geometry": { "type": "Point", "coordinates": [ -79.83667, 9.16166 ] } },
{ "type": "Feature", "properties": { "name": "Lutz" }, "geometry": { "type": "Point", "coordinates": [ -79.83945, 9.16119 ] } },
{ "type": "Feature", "properties": { "name": "Snyder - Molino" }, "geometry": { "type": "Point", "coordinates": [ -79.8399, 9.16195 ] } },
{ "type": "Feature", "properties": { "name": "Fausto" }, "geometry": { "type": "Point", "coordinates": [ -79.83836, 9.16473 ] } },
{ "type": "Feature", "properties": { "name": "Fairchild" }, "geometry": { "type": "Point", "coordinates": [ -79.83705, 9.16993 ] } },
{ "type": "Feature", "properties": { "name": "Big Tree" }, "geometry": { "type": "Point", "coordinates": [ -79.8326, 9.15514 ] } },
{ "type": "Feature", "properties": { "name": "Van Tyne" }, "geometry": { "type": "Point", "coordinates": [ -79.83448, 9.15355 ] } },
{ "type": "Feature", "properties": { "name": "Hood" }, "geometry": { "type": "Point", "coordinates": [ -79.83079, 9.15628 ] } },
{ "type": "Feature", "properties": { "name": "T. Barbour" }, "geometry": { "type": "Point", "coordinates": [ -79.82977, 9.15966 ] } },
{ "type": "Feature", "properties": { "name": "Champman" }, "geometry": { "type": "Point", "coordinates": [ -79.82805, 9.15356 ] } },
{ "type": "Feature", "properties": { "name": "Harvard" }, "geometry": { "type": "Point", "coordinates": [ -79.82918, 9.14656 ] } },
{ "type": "Feature", "properties": { "name": "Avenida 11a Norte" }, "geometry": { "type": "Point", "coordinates": [ -82.63473, 8.78636 ] } },
{ "type": "Feature", "properties": { "name": "El Caimito" }, "geometry": { "type": "Point", "coordinates": [ -80.04932, 8.59771 ] } },
{ "type": "Feature", "properties": { "name": "Calle Los Ranchito" }, "geometry": { "type": "Point", "coordinates": [ -78.32038, 8.94216 ] } },
{ "type": "Feature", "properties": { "name": "Calle Bajos de Limoncito" }, "geometry": { "type": "Point", "coordinates": [ -82.86228, 8.65431 ] } },
{ "type": "Feature", "properties": { "name": "Calle Alto La Unión" }, "geometry": { "type": "Point", "coordinates": [ -82.87865, 8.82139 ] } },
{ "type": "Feature", "properties": { "name": "Puente Los Ladrillos" }, "geometry": { "type": "Point", "coordinates": [ -82.48454, 8.39512 ] } },
{ "type": "Feature", "properties": { "name": "Calle 3a Suroeste" }, "geometry": { "type": "Point", "coordinates": [ -82.43254, 8.7359 ] } },
{ "type": "Feature", "properties": { "name": "Ridge Trail" }, "geometry": { "type": "Point", "coordinates": [ -79.20514, 9.30674 ] } },
{ "type": "Feature", "properties": { "name": "Calle 11a Este Transversal" }, "geometry": { "type": "Point", "coordinates": [ -82.63207, 8.77738 ] } },
{ "type": "Feature", "properties": { "name": "Sendero El Charco" }, "geometry": { "type": "Point", "coordinates": [ -79.66247, 9.08875 ] } },
{ "type": "Feature", "properties": { "name": "El Pianista Trail" }, "geometry": { "type": "Point", "coordinates": [ -82.42421, 8.82853 ] } },
{ "type": "Feature", "properties": { "name": "Ancianos" }, "geometry": { "type": "Point", "coordinates": [ -82.68176, 8.88309 ] } },
{ "type": "Feature", "properties": { "name": "Puma" }, "geometry": { "type": "Point", "coordinates": [ -82.67863, 8.88393 ] } },
{ "type": "Feature", "properties": { "name": "Puma" }, "geometry": { "type": "Point", "coordinates": [ -82.67955, 8.88276 ] } },
{ "type": "Feature", "properties": { "name": "Cascada" }, "geometry": { "type": "Point", "coordinates": [ -82.68438, 8.88194 ] } },
{ "type": "Feature", "properties": { "name": "Roble" }, "geometry": { "type": "Point", "coordinates": [ -82.68259, 8.88682 ] } },
{ "type": "Feature", "properties": { "name": "Big Tree Loop" }, "geometry": { "type": "Point", "coordinates": [ -82.67547, 8.88605 ] } },
{ "type": "Feature", "properties": { "name": "Quetzal" }, "geometry": { "type": "Point", "coordinates": [ -82.6842, 8.88563 ] } },
{ "type": "Feature", "properties": { "name": "Bajareque" }, "geometry": { "type": "Point", "coordinates": [ -82.68433, 8.88836 ] } },
{ "type": "Feature", "properties": { "name": "Bajareque" }, "geometry": { "type": "Point", "coordinates": [ -82.68576, 8.88528 ] } },
{ "type": "Feature", "properties": { "name": "Bajareque" }, "geometry": { "type": "Point", "coordinates": [ -82.6851, 8.88698 ] } },
{ "type": "Feature", "properties": { "name": "Los pinto" }, "geometry": { "type": "Point", "coordinates": [ -80.08452, 8.63098 ] } },
{ "type": "Feature", "properties": { "name": "La Gaita" }, "geometry": { "type": "Point", "coordinates": [ -80.07383, 8.63547 ] } },
{ "type": "Feature", "properties": { "name": "Acceso al Puerto El Lagartero" }, "geometry": { "type": "Point", "coordinates": [ -81.20666, 7.66401 ] } },
{ "type": "Feature", "properties": { "name": "Calle a Puerto Hicaco" }, "geometry": { "type": "Point", "coordinates": [ -81.20142, 7.65373 ] } },
{ "type": "Feature", "properties": { "name": "Sendero Escaleras" }, "geometry": { "type": "Point", "coordinates": [ -80.93531, 7.54297 ] } },
{ "type": "Feature", "properties": { "name": "Sendero Ribera Sur" }, "geometry": { "type": "Point", "coordinates": [ -80.93625, 7.54521 ] } },
{ "type": "Feature", "properties": { "name": "Sendero Ribera Sur" }, "geometry": { "type": "Point", "coordinates": [ -80.93675, 7.54645 ] } },
{ "type": "Feature", "properties": { "name": "Sendero Escaleras" }, "geometry": { "type": "Point", "coordinates": [ -80.93286, 7.54215 ] } },
{ "type": "Feature", "properties": { "name": "Connection Puma to Big Tree Loop" }, "geometry": { "type": "Point", "coordinates": [ -82.67752, 8.88375 ] } },
{ "type": "Feature", "properties": { "name": "Puma" }, "geometry": { "type": "Point", "coordinates": [ -82.68354, 8.88111 ] } },
{ "type": "Feature", "properties": { "name": "Puma" }, "geometry": { "type": "Point", "coordinates": [ -82.68237, 8.88224 ] } },
{ "type": "Feature", "properties": { "name": "Puma" }, "geometry": { "type": "Point", "coordinates": [ -82.68183, 8.88214 ] } },
{ "type": "Feature", "properties": { "name": "Puma" }, "geometry": { "type": "Point", "coordinates": [ -82.6813, 8.88242 ] } },
{ "type": "Feature", "properties": { "name": "Roble" }, "geometry": { "type": "Point", "coordinates": [ -82.68379, 8.88568 ] } },
{ "type": "Feature", "properties": { "name": "Roble" }, "geometry": { "type": "Point", "coordinates": [ -82.68382, 8.8868 ] } },
{ "type": "Feature", "properties": { "name": "La Amistad" }, "geometry": { "type": "Point", "coordinates": [ -82.67432, 8.88479 ] } },
{ "type": "Feature", "properties": { "name": "La Amistad" }, "geometry": { "type": "Point", "coordinates": [ -82.67688, 8.88535 ] } },
{ "type": "Feature", "properties": { "name": "Big Tree Loop" }, "geometry": { "type": "Point", "coordinates": [ -82.67736, 8.88607 ] } },
{ "type": "Feature", "properties": { "name": "Big Tree Loop" }, "geometry": { "type": "Point", "coordinates": [ -82.67707, 8.88705 ] } },
{ "type": "Feature", "properties": { "name": "La Amistad" }, "geometry": { "type": "Point", "coordinates": [ -82.6767, 8.8851 ] } },
{ "type": "Feature", "properties": { "name": "La Amistad" }, "geometry": { "type": "Point", "coordinates": [ -82.67654, 8.88483 ] } },
{ "type": "Feature", "properties": { "name": "Carretera a Los Pozos" }, "geometry": { "type": "Point", "coordinates": [ -82.68951, 8.87524 ] } },
{ "type": "Feature", "properties": { "name": "Sendero Escaleras" }, "geometry": { "type": "Point", "coordinates": [ -80.93423, 7.54259 ] } },
{ "type": "Feature", "properties": { "name": "Vía al Cerro Marchena" }, "geometry": { "type": "Point", "coordinates": [ -80.16564, 7.62211 ] } },
{ "type": "Feature", "properties": { "name": "Camino del Mono Titi" }, "geometry": { "type": "Point", "coordinates": [ -79.54939, 8.99549 ] } },
{ "type": "Feature", "properties": { "name": "camino Cabecera de Jorones" }, "geometry": { "type": "Point", "coordinates": [ -81.50487, 8.08972 ] } },
{ "type": "Feature", "properties": { "name": "C.Toño" }, "geometry": { "type": "Point", "coordinates": [ -79.85418, 8.57946 ] } },
{ "type": "Feature", "properties": { "name": "C.Toño" }, "geometry": { "type": "Point", "coordinates": [ -79.84493, 8.573 ] } },
{ "type": "Feature", "properties": { "name": "Avenida 3a Este" }, "geometry": { "type": "Point", "coordinates": [ -80.77469, 7.94249 ] } },
{ "type": "Feature", "properties": { "name": "Bisira-Kankintu" }, "geometry": { "type": "Point", "coordinates": [ -81.86491, 8.89992 ] } },
{ "type": "Feature", "properties": { "name": "Calle S Sur" }, "geometry": { "type": "Point", "coordinates": [ -82.44457, 8.41743 ] } },
{ "type": "Feature", "properties": { "name": "Calle Binacional" }, "geometry": { "type": "Point", "coordinates": [ -82.87449, 8.81875 ] } },
{ "type": "Feature", "properties": { "name": "Calle Binacional" }, "geometry": { "type": "Point", "coordinates": [ -82.87947, 8.83516 ] } },
{ "type": "Feature", "properties": { "name": "Calle Binacional" }, "geometry": { "type": "Point", "coordinates": [ -82.88996, 8.789 ] } },
{ "type": "Feature", "properties": { "name": "Escalera de acceso peatonal" }, "geometry": { "type": "Point", "coordinates": [ -81.70422, 7.63776 ] } },
{ "type": "Feature", "properties": { "name": "Matapalo" }, "geometry": { "type": "Point", "coordinates": [ -79.69776, 9.12857 ] } },
{ "type": "Feature", "properties": { "name": "San Bartolo Límite" }, "geometry": { "type": "Point", "coordinates": [ -82.93128, 8.2784 ] } },
{ "type": "Feature", "properties": { "name": "Sendero Ecológico" }, "geometry": { "type": "Point", "coordinates": [ -79.57505, 8.90054 ] } },
{ "type": "Feature", "properties": { "name": "Sendero Panamá" }, "geometry": { "type": "Point", "coordinates": [ -79.57454, 8.90046 ] } },
{ "type": "Feature", "properties": { "name": "Fourth Cable Bridge" }, "geometry": { "type": "Point", "coordinates": [ -82.39408, 8.90881 ] } },
{ "type": "Feature", "properties": { "name": "La India Dormida Trailhead" }, "geometry": { "type": "Point", "coordinates": [ -80.15, 8.61581 ] } },
{ "type": "Feature", "properties": { "name": "Ruta de la Caldera" }, "geometry": { "type": "Point", "coordinates": [ -80.11632, 8.55803 ] } },
{ "type": "Feature", "properties": { "name": "Ruta de la Caldera" }, "geometry": { "type": "Point", "coordinates": [ -80.1138, 8.55779 ] } },
{ "type": "Feature", "properties": { "name": "Ruta de la Caldera" }, "geometry": { "type": "Point", "coordinates": [ -80.10876, 8.55937 ] } },
{ "type": "Feature", "properties": { "name": "Vía El Jobo" }, "geometry": { "type": "Point", "coordinates": [ -82.07501, 8.32426 ] } },
{ "type": "Feature", "properties": { "name": "Vía Llano Grande" }, "geometry": { "type": "Point", "coordinates": [ -82.08075, 8.32246 ] } },
{ "type": "Feature", "properties": { "name": "Vía San Antonio" }, "geometry": { "type": "Point", "coordinates": [ -82.081, 8.32204 ] } },
{ "type": "Feature", "properties": { "name": "The Lost Waterfalls" }, "geometry": { "type": "Point", "coordinates": [ -82.4812, 8.84203 ] } },
{ "type": "Feature", "properties": { "name": "The Lost Waterfalls" }, "geometry": { "type": "Point", "coordinates": [ -82.48102, 8.84246 ] } },
{ "type": "Feature", "properties": { "name": "Camino Las Cañas El Flor" }, "geometry": { "type": "Point", "coordinates": [ -82.44236, 8.55388 ] } },
{ "type": "Feature", "properties": { "name": "Paso Laja" }, "geometry": { "type": "Point", "coordinates": [ -82.48573, 8.45973 ] } },
{ "type": "Feature", "properties": { "name": "Red Frog Beach Residential II" }, "geometry": { "type": "Point", "coordinates": [ -82.16479, 9.34698 ] } },
{ "type": "Feature", "properties": { "name": "Calle Mirto" }, "geometry": { "type": "Point", "coordinates": [ -79.41288, 9.05979 ] } },
{ "type": "Feature", "properties": { "name": "Tramway" }, "geometry": { "type": "Point", "coordinates": [ -79.83753, 9.16366 ] } },
{ "type": "Feature", "properties": { "name": "Vereda de Tinajita" }, "geometry": { "type": "Point", "coordinates": [ -79.5056, 9.06054 ] } },
{ "type": "Feature", "properties": { "name": "Vereda Los Compa" }, "geometry": { "type": "Point", "coordinates": [ -79.48603, 9.06812 ] } },
{ "type": "Feature", "properties": { "name": "Chorrillito" }, "geometry": { "type": "Point", "coordinates": [ -80.9769, 8.4128 ] } },
{ "type": "Feature", "properties": { "name": "Calle F" }, "geometry": { "type": "Point", "coordinates": [ -79.70398, 8.64397 ] } },
{ "type": "Feature", "properties": { "name": "Calle Pardo" }, "geometry": { "type": "Point", "coordinates": [ -79.37569, 9.09917 ] } },
{ "type": "Feature", "properties": { "name": "Calle A2" }, "geometry": { "type": "Point", "coordinates": [ -79.71097, 8.63981 ] } },
{ "type": "Feature", "properties": { "name": "Laguna Ciénaga Mono" }, "geometry": { "type": "Point", "coordinates": [ -81.6799, 8.48612 ] } },
{ "type": "Feature", "properties": { "name": "Cima del Cerro Cabezón" }, "geometry": { "type": "Point", "coordinates": [ -82.40719, 8.74621 ] } },
{ "type": "Feature", "properties": { "name": "Vía Cementerio" }, "geometry": { "type": "Point", "coordinates": [ -82.3754, 8.64206 ] } },
{ "type": "Feature", "properties": { "name": "Piedra del Musgo Trail" }, "geometry": { "type": "Point", "coordinates": [ -82.41658, 8.79185 ] } },
{ "type": "Feature", "properties": { "name": "Vía Hato Nuevo" }, "geometry": { "type": "Point", "coordinates": [ -82.38695, 8.65377 ] } },
{ "type": "Feature", "properties": { "name": "Hato Nuevo" }, "geometry": { "type": "Point", "coordinates": [ -82.39358, 8.6695 ] } },
{ "type": "Feature", "properties": { "name": "Waterfall Trail" }, "geometry": { "type": "Point", "coordinates": [ -82.36837, 8.68372 ] } },
{ "type": "Feature", "properties": { "name": "Vía La Cruz" }, "geometry": { "type": "Point", "coordinates": [ -82.28322, 8.74808 ] } },
{ "type": "Feature", "properties": { "name": "India Vieja Arriba" }, "geometry": { "type": "Point", "coordinates": [ -82.36917, 8.76682 ] } },
{ "type": "Feature", "properties": { "name": "Finca Privada" }, "geometry": { "type": "Point", "coordinates": [ -82.3685, 8.7657 ] } },
{ "type": "Feature", "properties": { "name": "Balneario Piedra Caliza" }, "geometry": { "type": "Point", "coordinates": [ -82.34528, 8.69395 ] } },
{ "type": "Feature", "properties": { "name": "Calle Las Vargas" }, "geometry": { "type": "Point", "coordinates": [ -82.34377, 8.69116 ] } },
{ "type": "Feature", "properties": { "name": "Paso Luna" }, "geometry": { "type": "Point", "coordinates": [ -82.34981, 8.65882 ] } },
{ "type": "Feature", "properties": { "name": "Río Brujo" }, "geometry": { "type": "Point", "coordinates": [ -82.36628, 8.46776 ] } },
{ "type": "Feature", "properties": { "name": "Vereda  C" }, "geometry": { "type": "Point", "coordinates": [ -79.5052, 9.06058 ] } },
{ "type": "Feature", "properties": { "name": "Vereda A" }, "geometry": { "type": "Point", "coordinates": [ -79.50579, 9.05982 ] } },
{ "type": "Feature", "properties": { "name": "Antigua carretera a Chiriquí Grande" }, "geometry": { "type": "Point", "coordinates": [ -82.22914, 8.74231 ] } },
{ "type": "Feature", "properties": { "name": "Calle Secundaria Parque Nacional Volcán Barú" }, "geometry": { "type": "Point", "coordinates": [ -82.59694, 8.8059 ] } },
{ "type": "Feature", "properties": { "name": "Vía Llano de la Cruz - Ocú" }, "geometry": { "type": "Point", "coordinates": [ -80.68508, 7.95447 ] } },
{ "type": "Feature", "properties": { "name": "Paso Llano Bonito" }, "geometry": { "type": "Point", "coordinates": [ -82.87777, 8.27529 ] } },
{ "type": "Feature", "properties": { "name": "Volcán - PNVB SW" }, "geometry": { "type": "Point", "coordinates": [ -82.60531, 8.77758 ] } },
{ "type": "Feature", "properties": { "name": "Avenida 6a Este" }, "geometry": { "type": "Point", "coordinates": [ -82.42303, 8.38036 ] } },
{ "type": "Feature", "properties": { "name": "Calle N Sur" }, "geometry": { "type": "Point", "coordinates": [ -82.43811, 8.41522 ] } },
{ "type": "Feature", "properties": { "name": "Parque Nacional Volcán Barú" }, "geometry": { "type": "Point", "coordinates": [ -82.61755, 8.80064 ] } },
{ "type": "Feature", "properties": { "name": "Calle Juventino Garcia Del Cid" }, "geometry": { "type": "Point", "coordinates": [ -82.60465, 8.80604 ] } },
{ "type": "Feature", "properties": { "name": "Avenida 8a Norte" }, "geometry": { "type": "Point", "coordinates": [ -82.63932, 8.78656 ] } },
{ "type": "Feature", "properties": { "name": "Calle 4a Norte" }, "geometry": { "type": "Point", "coordinates": [ -82.64004, 8.78571 ] } },
{ "type": "Feature", "properties": { "name": "Salida 1" }, "geometry": { "type": "Point", "coordinates": [ -82.43721, 8.42236 ] } },
{ "type": "Feature", "properties": { "name": "Salida 3" }, "geometry": { "type": "Point", "coordinates": [ -82.43888, 8.42128 ] } },
{ "type": "Feature", "properties": { "name": "Salida 4" }, "geometry": { "type": "Point", "coordinates": [ -82.44033, 8.41944 ] } },
{ "type": "Feature", "properties": { "name": "Salida 5" }, "geometry": { "type": "Point", "coordinates": [ -82.43864, 8.41869 ] } },
{ "type": "Feature", "properties": { "name": "Salida 6" }, "geometry": { "type": "Point", "coordinates": [ -82.43762, 8.41994 ] } },
{ "type": "Feature", "properties": { "name": "Salida 7" }, "geometry": { "type": "Point", "coordinates": [ -82.43693, 8.42082 ] } },
{ "type": "Feature", "properties": { "name": "Calle 11" }, "geometry": { "type": "Point", "coordinates": [ -79.61442, 8.90197 ] } },
{ "type": "Feature", "properties": { "name": "Jungle Trail" }, "geometry": { "type": "Point", "coordinates": [ -82.21096, 9.32552 ] } },
{ "type": "Feature", "properties": { "name": "Access to Boatshed" }, "geometry": { "type": "Point", "coordinates": [ -82.20929, 9.32722 ] } },
{ "type": "Feature", "properties": { "name": "hamaca" }, "geometry": { "type": "Point", "coordinates": [ -81.0073, 8.50806 ] } },
{ "type": "Feature", "properties": { "name": "Calle de Tierra 1" }, "geometry": { "type": "Point", "coordinates": [ -81.59995, 8.42268 ] } },
{ "type": "Feature", "properties": { "name": "Calle K Sur" }, "geometry": { "type": "Point", "coordinates": [ -82.42244, 8.41296 ] } },
{ "type": "Feature", "properties": { "name": "Vía Macano Abajo" }, "geometry": { "type": "Point", "coordinates": [ -82.57081, 8.53857 ] } },
{ "type": "Feature", "properties": { "name": "Vía Macano Abajo" }, "geometry": { "type": "Point", "coordinates": [ -82.56781, 8.53888 ] } },
{ "type": "Feature", "properties": { "name": "Hacia RUTA 842 - Pipeline Road - Camino del Oleoducto" }, "geometry": { "type": "Point", "coordinates": [ -79.80558, 9.23075 ] } },
{ "type": "Feature", "properties": { "name": "Sendero Perdida" }, "geometry": { "type": "Point", "coordinates": [ -82.24948, 8.17826 ] } },
{ "type": "Feature", "properties": { "name": "Paso Aguila" }, "geometry": { "type": "Point", "coordinates": [ -82.25317, 8.17934 ] } },
{ "type": "Feature", "properties": { "name": "Paso Canopy" }, "geometry": { "type": "Point", "coordinates": [ -82.25032, 8.17846 ] } },
{ "type": "Feature", "properties": { "name": "Paso Canopy" }, "geometry": { "type": "Point", "coordinates": [ -82.25192, 8.17889 ] } },
{ "type": "Feature", "properties": { "name": "Estrecho de Pantana" }, "geometry": { "type": "Point", "coordinates": [ -82.2528, 8.17822 ] } },
{ "type": "Feature", "properties": { "name": "Estrecho de Pantana" }, "geometry": { "type": "Point", "coordinates": [ -82.25591, 8.17741 ] } },
{ "type": "Feature", "properties": { "name": "Sendero Barrigón" }, "geometry": { "type": "Point", "coordinates": [ -82.24952, 8.18043 ] } },
{ "type": "Feature", "properties": { "name": "Costanera Piñalitas" }, "geometry": { "type": "Point", "coordinates": [ -82.25047, 8.18237 ] } },
{ "type": "Feature", "properties": { "name": "Sendero Panamá" }, "geometry": { "type": "Point", "coordinates": [ -79.92664, 8.67845 ] } },
{ "type": "Feature", "properties": { "name": "camino La Laguna El Picacho" }, "geometry": { "type": "Point", "coordinates": [ -80.04142, 8.6261 ] } },
{ "type": "Feature", "properties": { "name": "Río Indio Arriba" }, "geometry": { "type": "Point", "coordinates": [ -80.11287, 8.65445 ] } },
{ "type": "Feature", "properties": { "name": "Camino real Pamarosa" }, "geometry": { "type": "Point", "coordinates": [ -80.06446, 8.64146 ] } },
{ "type": "Feature", "properties": { "name": "La Laguna 01" }, "geometry": { "type": "Point", "coordinates": [ -80.04791, 8.60863 ] } },
{ "type": "Feature", "properties": { "name": "La Laguna Arriba" }, "geometry": { "type": "Point", "coordinates": [ -80.05022, 8.6093 ] } },
{ "type": "Feature", "properties": { "name": "La Laguna Abajo 03" }, "geometry": { "type": "Point", "coordinates": [ -80.04567, 8.60778 ] } },
{ "type": "Feature", "properties": { "name": "El Aromo 02" }, "geometry": { "type": "Point", "coordinates": [ -80.04882, 8.60164 ] } },
{ "type": "Feature", "properties": { "name": "El Aromo 03" }, "geometry": { "type": "Point", "coordinates": [ -80.04774, 8.60125 ] } },
{ "type": "Feature", "properties": { "name": "Camino real, El Tamarindo" }, "geometry": { "type": "Point", "coordinates": [ -80.04274, 8.63358 ] } },
{ "type": "Feature", "properties": { "name": "La Mina 02" }, "geometry": { "type": "Point", "coordinates": [ -80.05414, 8.6226 ] } },
{ "type": "Feature", "properties": { "name": "Sendero Los Quetzales" }, "geometry": { "type": "Point", "coordinates": [ -82.50017, 8.85254 ] } },
{ "type": "Feature", "properties": { "name": "Sendero Los Quetzales" }, "geometry": { "type": "Point", "coordinates": [ -82.50228, 8.85287 ] } },
{ "type": "Feature", "properties": { "name": "El Guabito" }, "geometry": { "type": "Point", "coordinates": [ -80.05714, 8.59827 ] } },
{ "type": "Feature", "properties": { "name": "La Placita 03" }, "geometry": { "type": "Point", "coordinates": [ -80.05743, 8.59979 ] } },
{ "type": "Feature", "properties": { "name": "El Uverito" }, "geometry": { "type": "Point", "coordinates": [ -80.06157, 8.60868 ] } },
{ "type": "Feature", "properties": { "name": "El Uverito" }, "geometry": { "type": "Point", "coordinates": [ -80.05768, 8.61048 ] } },
{ "type": "Feature", "properties": { "name": "El Uverito" }, "geometry": { "type": "Point", "coordinates": [ -80.05765, 8.61161 ] } },
{ "type": "Feature", "properties": { "name": "El Aromo Abajo" }, "geometry": { "type": "Point", "coordinates": [ -80.04643, 8.59784 ] } },
{ "type": "Feature", "properties": { "name": "El Aromo Abajo 02" }, "geometry": { "type": "Point", "coordinates": [ -80.04531, 8.59841 ] } },
{ "type": "Feature", "properties": { "name": "El Aromo Abajo 02" }, "geometry": { "type": "Point", "coordinates": [ -80.04484, 8.59808 ] } },
{ "type": "Feature", "properties": { "name": "El Portalón 02" }, "geometry": { "type": "Point", "coordinates": [ -80.05815, 8.63045 ] } },
{ "type": "Feature", "properties": { "name": "El Portalón" }, "geometry": { "type": "Point", "coordinates": [ -80.05669, 8.62997 ] } },
{ "type": "Feature", "properties": { "name": "Calle la solana" }, "geometry": { "type": "Point", "coordinates": [ -80.03448, 8.59107 ] } },
{ "type": "Feature", "properties": { "name": "La solana 2" }, "geometry": { "type": "Point", "coordinates": [ -80.03084, 8.58768 ] } },
{ "type": "Feature", "properties": { "name": "calle Jobo Dulce" }, "geometry": { "type": "Point", "coordinates": [ -80.03549, 8.6098 ] } },
{ "type": "Feature", "properties": { "name": "calle Jobo Dulce 2" }, "geometry": { "type": "Point", "coordinates": [ -80.03522, 8.60952 ] } },
{ "type": "Feature", "properties": { "name": "calle Jobo Dulce 03" }, "geometry": { "type": "Point", "coordinates": [ -80.03437, 8.61122 ] } },
{ "type": "Feature", "properties": { "name": "El Portalón" }, "geometry": { "type": "Point", "coordinates": [ -80.0534, 8.63091 ] } },
{ "type": "Feature", "properties": { "name": "Sendero La Lagunita" }, "geometry": { "type": "Point", "coordinates": [ -80.05618, 8.62496 ] } },
{ "type": "Feature", "properties": { "name": "Lago La Laguna" }, "geometry": { "type": "Point", "coordinates": [ -80.05132, 8.62573 ] } },
{ "type": "Feature", "properties": { "name": "calle Privada" }, "geometry": { "type": "Point", "coordinates": [ -80.06501, 8.63787 ] } },
{ "type": "Feature", "properties": { "name": "Arenilla" }, "geometry": { "type": "Point", "coordinates": [ -80.10861, 8.73184 ] } },
{ "type": "Feature", "properties": { "name": "Vía Don Charías Beitia" }, "geometry": { "type": "Point", "coordinates": [ -82.78105, 8.5229 ] } },
{ "type": "Feature", "properties": { "name": "Camino el Uverito" }, "geometry": { "type": "Point", "coordinates": [ -80.05554, 8.60932 ] } },
{ "type": "Feature", "properties": { "name": "Barrio El limón" }, "geometry": { "type": "Point", "coordinates": [ -80.1101, 8.69254 ] } },
{ "type": "Feature", "properties": { "name": "privado" }, "geometry": { "type": "Point", "coordinates": [ -80.05619, 8.6214 ] } },
{ "type": "Feature", "properties": { "name": "calle El Picacho" }, "geometry": { "type": "Point", "coordinates": [ -80.04426, 8.6292 ] } },
{ "type": "Feature", "properties": { "name": "calle El Picacho" }, "geometry": { "type": "Point", "coordinates": [ -80.04383, 8.62858 ] } },
{ "type": "Feature", "properties": { "name": "calle El Picacho" }, "geometry": { "type": "Point", "coordinates": [ -80.0435, 8.62801 ] } },
{ "type": "Feature", "properties": { "name": "Calle El Picacho" }, "geometry": { "type": "Point", "coordinates": [ -80.04345, 8.62798 ] } },
{ "type": "Feature", "properties": { "name": "calle real Pamarosa" }, "geometry": { "type": "Point", "coordinates": [ -80.06409, 8.63828 ] } },
{ "type": "Feature", "properties": { "name": "vía pública" }, "geometry": { "type": "Point", "coordinates": [ -80.06302, 8.64578 ] } },
{ "type": "Feature", "properties": { "name": "calle flamenco" }, "geometry": { "type": "Point", "coordinates": [ -80.03424, 8.65479 ] } },
{ "type": "Feature", "properties": { "name": "Vía a Gavilla" }, "geometry": { "type": "Point", "coordinates": [ -82.1514, 8.20339 ] } },
{ "type": "Feature", "properties": { "name": "Via Punta Bejuco" }, "geometry": { "type": "Point", "coordinates": [ -82.14895, 8.2198 ] } },
{ "type": "Feature", "properties": { "name": "camino real Pamarosa" }, "geometry": { "type": "Point", "coordinates": [ -80.0641, 8.64002 ] } },
{ "type": "Feature", "properties": { "name": "RUTA 842 - Pipeline Road - Camino del Oleoducto" }, "geometry": { "type": "Point", "coordinates": [ -79.75302, 9.16883 ] } },
{ "type": "Feature", "properties": { "name": "Calle Binacional" }, "geometry": { "type": "Point", "coordinates": [ -82.92244, 8.43168 ] } },
{ "type": "Feature", "properties": { "name": "Calle Binacional" }, "geometry": { "type": "Point", "coordinates": [ -82.89024, 8.4345 ] } },
{ "type": "Feature", "properties": { "name": "Calle San Jorge" }, "geometry": { "type": "Point", "coordinates": [ -82.8232, 8.56681 ] } },
{ "type": "Feature", "properties": { "name": "Calle Binacional" }, "geometry": { "type": "Point", "coordinates": [ -82.82957, 8.59726 ] } },
{ "type": "Feature", "properties": { "name": "Calle Binacional" }, "geometry": { "type": "Point", "coordinates": [ -82.83771, 8.64662 ] } },
{ "type": "Feature", "properties": { "name": "Calle Binacional" }, "geometry": { "type": "Point", "coordinates": [ -82.84129, 8.65195 ] } },
{ "type": "Feature", "properties": { "name": "Paso La Abuela" }, "geometry": { "type": "Point", "coordinates": [ -82.34367, 8.64501 ] } },
{ "type": "Feature", "properties": { "name": "Paso La Abuela" }, "geometry": { "type": "Point", "coordinates": [ -82.35004, 8.63991 ] } },
{ "type": "Feature", "properties": { "name": "Paso Bajo Mendez" }, "geometry": { "type": "Point", "coordinates": [ -82.34099, 8.64672 ] } },
{ "type": "Feature", "properties": { "name": "Vía Macano Abajo" }, "geometry": { "type": "Point", "coordinates": [ -82.56334, 8.5391 ] } },
{ "type": "Feature", "properties": { "name": "Vía Macano Abajo" }, "geometry": { "type": "Point", "coordinates": [ -82.55887, 8.54016 ] } },
{ "type": "Feature", "properties": { "name": "Calle Cementerio" }, "geometry": { "type": "Point", "coordinates": [ -82.56784, 8.50787 ] } },
{ "type": "Feature", "properties": { "name": "Calle Cementerio" }, "geometry": { "type": "Point", "coordinates": [ -82.56834, 8.50734 ] } },
{ "type": "Feature", "properties": { "name": "Avenida 6a Norte" }, "geometry": { "type": "Point", "coordinates": [ -82.61499, 8.52229 ] } },
{ "type": "Feature", "properties": { "name": "Sendero del Manakin" }, "geometry": { "type": "Point", "coordinates": [ -78.13913, 8.60936 ] } },
{ "type": "Feature", "properties": { "name": "Vía Boquerón - Bocalatun" }, "geometry": { "type": "Point", "coordinates": [ -82.58728, 8.51837 ] } },
{ "type": "Feature", "properties": { "name": "Sendero Alto La Gloria" }, "geometry": { "type": "Point", "coordinates": [ -82.23844, 8.98107 ] } },
{ "type": "Feature", "properties": { "name": "Sendero Klosay" }, "geometry": { "type": "Point", "coordinates": [ -82.24554, 8.97063 ] } },
{ "type": "Feature", "properties": { "name": "Camino Las Cañas El Flor" }, "geometry": { "type": "Point", "coordinates": [ -82.43811, 8.55374 ] } },
{ "type": "Feature", "properties": { "name": "Camino Caña Blanca Bejúco" }, "geometry": { "type": "Point", "coordinates": [ -82.47173, 8.60945 ] } },
{ "type": "Feature", "properties": { "name": "Camino Caña Blanca Bejúco" }, "geometry": { "type": "Point", "coordinates": [ -82.47597, 8.61463 ] } },
{ "type": "Feature", "properties": { "name": "mirador Santo Domingo" }, "geometry": { "type": "Point", "coordinates": [ -80.03902, 8.62468 ] } },
{ "type": "Feature", "properties": { "name": "Avenida 10a Oeste" }, "geometry": { "type": "Point", "coordinates": [ -82.44494, 8.42811 ] } },
{ "type": "Feature", "properties": { "name": "Calle E Norte" }, "geometry": { "type": "Point", "coordinates": [ -82.43754, 8.44334 ] } },
{ "type": "Feature", "properties": { "name": "Calle E Norte" }, "geometry": { "type": "Point", "coordinates": [ -82.43741, 8.44331 ] } },
{ "type": "Feature", "properties": { "name": "El Caimito" }, "geometry": { "type": "Point", "coordinates": [ -80.05021, 8.60003 ] } },
{ "type": "Feature", "properties": { "name": "El Caimito" }, "geometry": { "type": "Point", "coordinates": [ -80.04962, 8.59916 ] } },
{ "type": "Feature", "properties": { "name": "El Caimito" }, "geometry": { "type": "Point", "coordinates": [ -80.04913, 8.59843 ] } },
{ "type": "Feature", "properties": { "name": "El Caimito" }, "geometry": { "type": "Point", "coordinates": [ -80.04853, 8.59983 ] } },
{ "type": "Feature", "properties": { "name": "Calle K Sur" }, "geometry": { "type": "Point", "coordinates": [ -82.39709, 9.29087 ] } },
{ "type": "Feature", "properties": { "name": "Avenida 3a Sur" }, "geometry": { "type": "Point", "coordinates": [ -82.62563, 8.51539 ] } },
{ "type": "Feature", "properties": { "name": "Arenilla" }, "geometry": { "type": "Point", "coordinates": [ -80.10298, 8.72911 ] } },
{ "type": "Feature", "properties": { "name": "Arenilla" }, "geometry": { "type": "Point", "coordinates": [ -80.10318, 8.72335 ] } },
{ "type": "Feature", "properties": { "name": "Arenilla" }, "geometry": { "type": "Point", "coordinates": [ -80.10358, 8.73334 ] } },
{ "type": "Feature", "properties": { "name": "Sendero Los Caobos" }, "geometry": { "type": "Point", "coordinates": [ -79.54736, 8.98609 ] } },
{ "type": "Feature", "properties": { "name": "Sendero Los Caobos" }, "geometry": { "type": "Point", "coordinates": [ -79.54539, 8.98893 ] } },
{ "type": "Feature", "properties": { "name": "Vía Sortová" }, "geometry": { "type": "Point", "coordinates": [ -82.66349, 8.54747 ] } },
{ "type": "Feature", "properties": { "name": "Camino real El Portalón-Picacho" }, "geometry": { "type": "Point", "coordinates": [ -80.04767, 8.63024 ] } },
{ "type": "Feature", "properties": { "name": "Bocas las minas" }, "geometry": { "type": "Point", "coordinates": [ -80.12672, 8.69858 ] } },
{ "type": "Feature", "properties": { "name": "Cerro La Silla" }, "geometry": { "type": "Point", "coordinates": [ -80.1014, 8.58816 ] } },
{ "type": "Feature", "properties": { "name": "Chichivali" }, "geometry": { "type": "Point", "coordinates": [ -80.10368, 8.56238 ] } },
{ "type": "Feature", "properties": { "name": "Hacentamiento" }, "geometry": { "type": "Point", "coordinates": [ -80.05041, 8.61224 ] } },
{ "type": "Feature", "properties": { "name": "Avenida Boulevard" }, "geometry": { "type": "Point", "coordinates": [ -79.88048, 8.54731 ] } },
{ "type": "Feature", "properties": { "name": "Calle 9a Norte" }, "geometry": { "type": "Point", "coordinates": [ -82.64296, 8.79024 ] } },
{ "type": "Feature", "properties": { "name": "Calle 9a Norte" }, "geometry": { "type": "Point", "coordinates": [ -82.64326, 8.78996 ] } },
{ "type": "Feature", "properties": { "name": "Calle 10a Norte" }, "geometry": { "type": "Point", "coordinates": [ -82.64273, 8.79161 ] } },
{ "type": "Feature", "properties": { "name": "Calle 5a Norte" }, "geometry": { "type": "Point", "coordinates": [ -82.65032, 8.77829 ] } },
{ "type": "Feature", "properties": { "name": "Calle 6a Norte" }, "geometry": { "type": "Point", "coordinates": [ -82.65133, 8.779 ] } },
{ "type": "Feature", "properties": { "name": "Avenida 6a Oeste" }, "geometry": { "type": "Point", "coordinates": [ -82.65044, 8.77595 ] } },
{ "type": "Feature", "properties": { "name": "Calle 1a Sur" }, "geometry": { "type": "Point", "coordinates": [ -82.64673, 8.77427 ] } },
{ "type": "Feature", "properties": { "name": "Avenida 8a Oeste" }, "geometry": { "type": "Point", "coordinates": [ -82.64982, 8.772 ] } },
{ "type": "Feature", "properties": { "name": "Avenida 3a Oeste" }, "geometry": { "type": "Point", "coordinates": [ -82.65343, 8.78432 ] } },
{ "type": "Feature", "properties": { "name": "Avenida 6a Este" }, "geometry": { "type": "Point", "coordinates": [ -82.62978, 8.77462 ] } },
{ "type": "Feature", "properties": { "name": "Calle 4a Este" }, "geometry": { "type": "Point", "coordinates": [ -82.63515, 8.77773 ] } },
{ "type": "Feature", "properties": { "name": "Avenida 6a Norte" }, "geometry": { "type": "Point", "coordinates": [ -82.63938, 8.78339 ] } },
{ "type": "Feature", "properties": { "name": "Avenida 8a Norte" }, "geometry": { "type": "Point", "coordinates": [ -82.64142, 8.78909 ] } },
{ "type": "Feature", "properties": { "name": "Calle 11a Norte" }, "geometry": { "type": "Point", "coordinates": [ -82.64232, 8.79367 ] } },
{ "type": "Feature", "properties": { "name": "Calle 5a Sur" }, "geometry": { "type": "Point", "coordinates": [ -82.63129, 8.78157 ] } },
{ "type": "Feature", "properties": { "name": "Calle 8a Norte" }, "geometry": { "type": "Point", "coordinates": [ -82.64336, 8.78867 ] } },
{ "type": "Feature", "properties": { "name": "Cruce peatonal" }, "geometry": { "type": "Point", "coordinates": [ -79.0913, 9.16779 ] } },
{ "type": "Feature", "properties": { "name": "Cruce peatonal" }, "geometry": { "type": "Point", "coordinates": [ -79.09114, 9.16794 ] } },
{ "type": "Feature", "properties": { "name": "Acera interna" }, "geometry": { "type": "Point", "coordinates": [ -79.09377, 9.16716 ] } },
{ "type": "Feature", "properties": { "name": "Acera Interna" }, "geometry": { "type": "Point", "coordinates": [ -79.09392, 9.16714 ] } },
{ "type": "Feature", "properties": { "name": "Altos Del Mamey" }, "geometry": { "type": "Point", "coordinates": [ -80.06367, 8.63692 ] } },
{ "type": "Feature", "properties": { "name": "Altos Del Mamey" }, "geometry": { "type": "Point", "coordinates": [ -80.06345, 8.63649 ] } },
{ "type": "Feature", "properties": { "name": "Cerro Toño" }, "geometry": { "type": "Point", "coordinates": [ -79.83614, 8.56855 ] } },
{ "type": "Feature", "properties": { "name": "sendero cerro chame" }, "geometry": { "type": "Point", "coordinates": [ -79.83431, 8.59866 ] } },
{ "type": "Feature", "properties": { "name": "C.Toño" }, "geometry": { "type": "Point", "coordinates": [ -79.86083, 8.58737 ] } },
{ "type": "Feature", "properties": { "name": "Sendero a Cerro Chame" }, "geometry": { "type": "Point", "coordinates": [ -79.83844, 8.59505 ] } },
{ "type": "Feature", "properties": { "name": "Sendero El Pescador" }, "geometry": { "type": "Point", "coordinates": [ -79.59325, 9.01068 ] } },
{ "type": "Feature", "properties": { "name": "Avenida 8a Este" }, "geometry": { "type": "Point", "coordinates": [ -82.63541, 8.78294 ] } },
{ "type": "Feature", "properties": { "name": "Avenida 7a Norte" }, "geometry": { "type": "Point", "coordinates": [ -82.63578, 8.78171 ] } },
{ "type": "Feature", "properties": { "name": "Avenida 7a Norte" }, "geometry": { "type": "Point", "coordinates": [ -82.63625, 8.78222 ] } },
{ "type": "Feature", "properties": { "name": "Calle 9a Norte" }, "geometry": { "type": "Point", "coordinates": [ -82.64231, 8.79085 ] } },
{ "type": "Feature", "properties": { "name": "Calle 10a Norte" }, "geometry": { "type": "Point", "coordinates": [ -82.64022, 8.79385 ] } },
{ "type": "Feature", "properties": { "name": "Calle 11a Este Transversal" }, "geometry": { "type": "Point", "coordinates": [ -82.63292, 8.77405 ] } },
{ "type": "Feature", "properties": { "name": "Calle 11a Este Transversal" }, "geometry": { "type": "Point", "coordinates": [ -82.63256, 8.77528 ] } },
{ "type": "Feature", "properties": { "name": "Calle 4a Este" }, "geometry": { "type": "Point", "coordinates": [ -82.63353, 8.77919 ] } },
{ "type": "Feature", "properties": { "name": "Calle 1a Este" }, "geometry": { "type": "Point", "coordinates": [ -82.63469, 8.78171 ] } },
{ "type": "Feature", "properties": { "name": "Avenida 8a Este" }, "geometry": { "type": "Point", "coordinates": [ -82.63389, 8.78123 ] } },
{ "type": "Feature", "properties": { "name": "Avenida 8a Este" }, "geometry": { "type": "Point", "coordinates": [ -82.63478, 8.78223 ] } },
{ "type": "Feature", "properties": { "name": "Calle 5a Sur" }, "geometry": { "type": "Point", "coordinates": [ -82.63156, 8.7819 ] } },
{ "type": "Feature", "properties": { "name": "Calle 9a Sur" }, "geometry": { "type": "Point", "coordinates": [ -82.43301, 8.77123 ] } },
{ "type": "Feature", "properties": { "name": "Avenida A Este" }, "geometry": { "type": "Point", "coordinates": [ -82.43272, 8.7712 ] } },
{ "type": "Feature", "properties": { "name": "camino real" }, "geometry": { "type": "Point", "coordinates": [ -80.07413, 8.63303 ] } },
{ "type": "Feature", "properties": { "name": "Camino Real, libre paso" }, "geometry": { "type": "Point", "coordinates": [ -80.07925, 8.63276 ] } },
{ "type": "Feature", "properties": { "name": "Puente Viejo" }, "geometry": { "type": "Point", "coordinates": [ -82.57954, 8.6379 ] } },
{ "type": "Feature", "properties": { "name": "El Pianista Trail" }, "geometry": { "type": "Point", "coordinates": [ -82.42726, 8.81022 ] } },
{ "type": "Feature", "properties": { "name": "El Pianista Trail" }, "geometry": { "type": "Point", "coordinates": [ -82.42653, 8.8113 ] } },
{ "type": "Feature", "properties": { "name": "El Pianista Trail" }, "geometry": { "type": "Point", "coordinates": [ -82.42587, 8.81242 ] } },
{ "type": "Feature", "properties": { "name": "El Pianista Trail" }, "geometry": { "type": "Point", "coordinates": [ -82.42357, 8.81734 ] } },
{ "type": "Feature", "properties": { "name": "Calle 2a Sur" }, "geometry": { "type": "Point", "coordinates": [ -82.63628, 8.78146 ] } },
{ "type": "Feature", "properties": { "name": "Calle H Norte" }, "geometry": { "type": "Point", "coordinates": [ -82.4334, 8.44278 ] } },
{ "type": "Feature", "properties": { "name": "RUTA 842 - Pipeline Road - Camino del Oleoducto" }, "geometry": { "type": "Point", "coordinates": [ -79.81071, 9.23723 ] } },
{ "type": "Feature", "properties": { "name": "RUTA 842 - Pipeline Road - Camino del Oleoducto" }, "geometry": { "type": "Point", "coordinates": [ -79.80422, 9.22822 ] } },
{ "type": "Feature", "properties": { "name": "La Cascada" }, "geometry": { "type": "Point", "coordinates": [ -82.61733, 8.89632 ] } },
{ "type": "Feature", "properties": { "name": "Panama Verde" }, "geometry": { "type": "Point", "coordinates": [ -82.61443, 8.89323 ] } },
{ "type": "Feature", "properties": { "name": null }, "geometry": { "type": "Point", "coordinates": [ -79.56533, 8.80289 ] } },
{ "type": "Feature", "properties": { "name": null }, "geometry": { "type": "Point", "coordinates": [ -79.56273, 8.79493 ] } },
{ "type": "Feature", "properties": { "name": "Sendero Los Quetzales" }, "geometry": { "type": "Point", "coordinates": [ -82.51664, 8.84882 ] } },
{ "type": "Feature", "properties": { "name": "Camino_de_Cruces" }, "geometry": { "type": "Point", "coordinates": [ -79.62891, 9.06743 ] } },
{ "type": "Feature", "properties": { "name": "Camino_de_Cruces" }, "geometry": { "type": "Point", "coordinates": [ -79.66434, 9.12467 ] } },
{ "type": "Feature", "properties": { "name": null }, "geometry": { "type": "Point", "coordinates": [ -79.55013, 8.96067 ] } },
{ "type": "Feature", "properties": { "name": "Camino_de_Cruces" }, "geometry": { "type": "Point", "coordinates": [ -79.6421, 9.12161 ] } },
{ "type": "Feature", "properties": { "name": "Camino del Oleoducto" }, "geometry": { "type": "Point", "coordinates": [ -79.76584, 9.18346 ] } },
{ "type": "Feature", "properties": { "name": "Ruta migrante por Tapón del Darién Acandí (Col) - Bajo Chiquito (Pan), PELIGROSA" }, "geometry": { "type": "Point", "coordinates": [ -77.4807, 8.51255 ] } },
{ "type": "Feature", "properties": { "name": null }, "geometry": { "type": "Point", "coordinates": [ -79.54714, 8.78598 ] } },
{ "type": "Feature", "properties": { "name": null }, "geometry": { "type": "Point", "coordinates": [ -79.61264, 9.08568 ] } },
{ "type": "Feature", "properties": { "name": "Sendero al Volcán Barú" }, "geometry": { "type": "Point", "coordinates": [ -82.5642, 8.81094 ] } },
{ "type": "Feature", "properties": { "name": null }, "geometry": { "type": "Point", "coordinates": [ -82.58162, 8.87848 ] } },
{ "type": "Feature", "properties": { "name": "Plantation_Road" }, "geometry": { "type": "Point", "coordinates": [ -79.65046, 9.09707 ] } },
{ "type": "Feature", "properties": { "name": "Sendero_El_Charco" }, "geometry": { "type": "Point", "coordinates": [ -79.66373, 9.08748 ] } },
{ "type": "Feature", "properties": { "name": null }, "geometry": { "type": "Point", "coordinates": [ -79.66675, 9.56513 ] } },
{ "type": "Feature", "properties": { "name": null }, "geometry": { "type": "Point", "coordinates": [ -79.67234, 9.55967 ] } },
{ "type": "Feature", "properties": { "name": null }, "geometry": { "type": "Point", "coordinates": [ -82.1913, 9.34763 ] } },
{ "type": "Feature", "properties": { "name": null }, "geometry": { "type": "Point", "coordinates": [ -82.13524, 9.3254 ] } },
{ "type": "Feature", "properties": { "name": "El Retoño" }, "geometry": { "type": "Point", "coordinates": [ -82.61722, 8.89305 ] } },
{ "type": "Feature", "properties": { "name": "El Retoño" }, "geometry": { "type": "Point", "coordinates": [ -82.61611, 8.8925 ] } },
{ "type": "Feature", "properties": { "name": "Pipeline Road - Camino del Oleoducto" }, "geometry": { "type": "Point", "coordinates": [ -79.78378, 9.20334 ] } }
]
}
