{
"type": "FeatureCollection",
"name": "protected_areas",
"crs": { "type": "name", "properties": { "name": "urn:ogc:def:crs:OGC:1.3:CRS84" } },
"xy_coordinate_resolution": 0.0001,
"features": [
{ "type": "Feature", "properties": { "name": "Coiba", "category": "Parque Nacional", "iucn": "II", "realm": "Land and Marine", "hectares": 254823.64124196843, "established": 1991.0, "designation": "National" }, "geometry": { "type": "Polygon", "coordinates": [ [ [ -81.9373, 7.4742 ], [ -81.8648, 7.5808 ], [ -81.8451, 7.7497 ], [ -81.8526, 7.8928 ], [ -81.7768, 7.895 ], [ -81.5434, 7.6681 ], [ -81.5429, 7.1742 ], [ -81.5851, 7.1867 ], [ -81.7776, 7.1692 ], [ -81.8312, 7.1895 ], [ -81.9373, 7.4742 ] ] ] } },
{ "type": "Feature", "properties": { "name": "Isla Montuosa y Banco Hannibal", "category": "Zona Especial de Protección Marina", "iucn": "VI", "realm": "100% Marine", "hectares": 174552.11079151576, "established": 2009.0, "designation": "International" }, "geometry": { "type": "Polygon", "coordinates": [ [ [ -82.2687, 7.4581 ], [ -82.2383, 7.4281 ], [ -82.1983, 7.4689 ], [ -82.2388, 7.5067 ], [ -82.2687, 7.4798 ], [ -82.2687, 7.5047 ], [ -81.8526, 7.8928 ], [ -81.8451, 7.7497 ], [ -81.8648, 7.5808 ], [ -81.9373, 7.4742 ], [ -81.8312, 7.1895 ], [ -82.2687, 7.4258 ], [ -82.2687, 7.4581 ] ] ] } },
{ "type": "Feature", "properties": { "name": "Playa Boca Vieja", "category": "Refugio de Vida Silvestre", "iucn": "IV", "realm": "100% Marine", "hectares": 3579.4642060582814, "established": 1994.0, "designation": "National" }, "geometry": { "type": "Polygon", "coordinates": [ [ [ -81.8086, 8.1546 ], [ -81.7861, 8.1232 ], [ -81.835, 8.1087 ], [ -81.8658, 8.1164 ], [ -81.8531, 8.1649 ], [ -81.8086, 8.1546 ] ] ] } },
{ "type": "Feature", "properties": { "name": "La Yeguada", "category": "Reserva Forestal", "iucn": "VI", "realm": "100% Land", "hectares": 7016.7052996609418, "established": 1960.0, "designation": "National" }, "geometry": { "type": "MultiPolygon", "coordinates": [ [ [ [ -80.8256, 8.5093 ], [ -80.8242, 8.4994 ], [ -80.8203, 8.4957 ], [ -80.8185, 8.4946 ], [ -80.8163, 8.4935 ], [ -80.816, 8.4934 ], [ -80.8152, 8.493 ], [ -80.8145, 8.4927 ], [ -80.814, 8.4924 ], [ -80.8208, 8.4604 ], [ -80.8169, 8.4552 ], [ -80.8188, 8.4503 ], [ -80.8276, 8.4442 ], [ -80.8471, 8.4502 ], [ -80.8477, 8.4445 ], [ -80.8677, 8.4315 ], [ -80.8703, 8.437 ], [ -80.8683, 8.4443 ], [ -80.8718, 8.4486 ], [ -80.8774, 8.4442 ], [ -80.8897, 8.4462 ], [ -80.9038, 8.4411 ], [ -80.9153, 8.4452 ], [ -80.9197, 8.4428 ], [ -80.9198, 8.4498 ], [ -80.9237, 8.4535 ], [ -80.9168, 8.4619 ], [ -80.906, 8.462 ], [ -80.9057, 8.4702 ], [ -80.8981, 8.4764 ], [ -80.8991, 8.4807 ], [ -80.8888, 8.5021 ], [ -80.8584, 8.5132 ], [ -80.8525, 8.5284 ], [ -80.8256, 8.5093 ] ] ] ] } },
{ "type": "Feature", "properties": { "name": "Zona de Reserva de Matumbal", "category": "Zona de Reserva", "iucn": "Not Reported", "realm": "Land and Marine", "hectares": 34.208858197782284, "established": 2008.0, "designation": "National" }, "geometry": { "type": "Polygon", "coordinates": [ [ [ -82.2614, 9.3551 ], [ -82.2565, 9.3458 ], [ -82.2593, 9.3458 ], [ -82.2614, 9.3551 ] ] ] } },
{ "type": "Feature", "properties": { "name": "Sur de Veraguas", "category": "Zona Especial de Manejo", "iucn": "No Applicable", "realm": "100% Marine", "hectares": 184990.53825633661, "established": 1994.0, "designation": "National" }, "geometry": { "type": "Polygon", "coordinates": [ [ [ -80.9199, 7.2247 ], [ -80.911, 7.2084 ], [ -81.3333, 7.2083 ], [ -81.3333, 7.6417 ], [ -81.2667, 7.575 ], [ -81.2271, 7.6082 ], [ -81.206, 7.5754 ], [ -80.98, 7.5891 ], [ -80.954, 7.555 ], [ -80.9646, 7.5214 ], [ -80.9761, 7.5002 ], [ -80.9274, 7.4536 ], [ -80.9204, 7.4405 ], [ -80.9346, 7.4219 ], [ -80.9309, 7.4013 ], [ -80.8971, 7.3538 ], [ -80.8946, 7.3328 ], [ -80.9095, 7.3246 ], [ -80.9196, 7.3232 ], [ -80.9269, 7.306 ], [ -80.9274, 7.276 ], [ -80.94, 7.265 ], [ -80.9426, 7.2569 ], [ -80.9337, 7.245 ], [ -80.9117, 7.2319 ], [ -80.9199, 7.2247 ] ] ] } },
{ "type": "Feature", "properties": { "name": "Archipiélago de Las Perlas", "category": "Zona Especial de Manejo Marino Costero", "iucn": "Not Applicable", "realm": "100% Marine", "hectares": 150328.36813808998, "established": 2007.0, "designation": "National" }, "geometry": { "type": "Polygon", "coordinates": [ [ [ -79.0437, 8.6805 ], [ -78.7872, 8.3957 ], [ -78.7879, 8.2814 ], [ -78.8836, 8.1883 ], [ -79.1745, 8.1898 ], [ -79.1016, 8.6801 ], [ -79.0437, 8.6805 ] ], [ [ -78.8621, 8.334 ], [ -78.8873, 8.4262 ], [ -78.9185, 8.4462 ], [ -78.9463, 8.4437 ], [ -78.9593, 8.4266 ], [ -78.948, 8.3875 ], [ -78.9038, 8.3532 ], [ -78.931, 8.3305 ], [ -78.9357, 8.342 ], [ -78.9565, 8.3589 ], [ -78.9597, 8.3579 ], [ -78.9531, 8.3445 ], [ -78.9499, 8.3454 ], [ -78.9514, 8.3461 ], [ -78.9553, 8.3527 ], [ -78.9482, 8.346 ], [ -78.9494, 8.3445 ], [ -78.9467, 8.3429 ], [ -78.9469, 8.3398 ], [ -78.944, 8.3409 ], [ -78.9413, 8.3406 ], [ -78.9469, 8.3388 ], [ -78.9484, 8.3432 ], [ -78.9562, 8.3402 ], [ -78.9561, 8.3281 ], [ -78.9541, 8.3331 ], [ -78.9459, 8.3226 ], [ -78.9374, 8.3246 ], [ -78.938, 8.3207 ], [ -78.9459, 8.321 ], [ -78.9541, 8.3252 ], [ -78.9551, 8.3123 ], [ -78.962, 8.3202 ], [ -78.9597, 8.3309 ], [ -78.9619, 8.3329 ], [ -78.9653, 8.3285 ], [ -78.9647, 8.318 ], [ -78.9541, 8.3088 ], [ -78.8621, 8.334 ] ] ] } },
{ "type": "Feature", "properties": { "name": "Isla Montuosa", "category": "Refugio de Vida Silvestre", "iucn": "IV", "realm": "100% Marine", "hectares": 3931.0121394602215, "established": 2008.0, "designation": "National" }, "geometry": { "type": "Polygon", "coordinates": [ [ [ -82.2802, 7.4695 ], [ -82.2388, 7.5067 ], [ -82.1983, 7.4689 ], [ -82.2383, 7.4281 ], [ -82.2802, 7.4695 ] ] ] } },
{ "type": "Feature", "properties": { "name": "Isla Galera", "category": "Zona Especial de Manejo Marino Costero", "iucn": "No Applicable", "realm": "100% Marine", "hectares": 4170.4233564820388, "established": 2007.0, "designation": "National" }, "geometry": { "type": "Polygon", "coordinates": [ [ [ -78.7749, 8.2293 ], [ -78.7623, 8.2268 ], [ -78.7516, 8.2196 ], [ -78.7444, 8.2089 ], [ -78.7419, 8.1963 ], [ -78.7444, 8.1837 ], [ -78.7516, 8.173 ], [ -78.7623, 8.1659 ], [ -78.7749, 8.1634 ], [ -78.7876, 8.1659 ], [ -78.7983, 8.173 ], [ -78.8055, 8.1837 ], [ -78.808, 8.1963 ], [ -78.8055, 8.2089 ], [ -78.7983, 8.2196 ], [ -78.7876, 8.2268 ], [ -78.7749, 8.2293 ] ] ] } },
{ "type": "Feature", "properties": { "name": "Roca Trollope", "category": "Zona Especial de Manejo Marino Costero", "iucn": "No Applicable", "realm": "100% Marine", "hectares": 4172.8248246418061, "established": 2007.0, "designation": "National" }, "geometry": { "type": "Polygon", "coordinates": [ [ [ -78.6476, 8.1479 ], [ -78.6349, 8.1454 ], [ -78.6242, 8.1383 ], [ -78.617, 8.1276 ], [ -78.6145, 8.115 ], [ -78.617, 8.1024 ], [ -78.6242, 8.0917 ], [ -78.6349, 8.0846 ], [ -78.6476, 8.082 ], [ -78.6602, 8.0846 ], [ -78.6709, 8.0917 ], [ -78.6781, 8.1024 ], [ -78.6806, 8.115 ], [ -78.6781, 8.1276 ], [ -78.6709, 8.1383 ], [ -78.6602, 8.1454 ], [ -78.6476, 8.1479 ] ] ] } },
{ "type": "Feature", "properties": { "name": "Bahía Piña", "category": "Area Recreativa", "iucn": "Not Applicable", "realm": "100% Land", "hectares": 232203.99897606901, "established": 1994.0, "designation": "National" }, "geometry": { "type": "Polygon", "coordinates": [ [ [ -77.9987, 7.3169 ], [ -78.0644, 7.2766 ], [ -78.1261, 7.2549 ], [ -78.1908, 7.2455 ], [ -78.2561, 7.2488 ], [ -78.3206, 7.2651 ], [ -78.3796, 7.2932 ], [ -78.4321, 7.3322 ], [ -78.4766, 7.3815 ], [ -78.5101, 7.4376 ], [ -78.532, 7.4991 ], [ -78.5415, 7.5648 ], [ -78.5381, 7.6301 ], [ -78.522, 7.6934 ], [ -78.4939, 7.7524 ], [ -78.4541, 7.8056 ], [ -78.4054, 7.8492 ], [ -78.3553, 7.8809 ], [ -78.3452, 7.873 ], [ -78.3402, 7.8615 ], [ -78.3405, 7.8496 ], [ -78.3308, 7.8273 ], [ -78.3083, 7.796 ], [ -78.2815, 7.7422 ], [ -78.2807, 7.718 ], [ -78.2913, 7.7118 ], [ -78.2975, 7.7032 ], [ -78.2962, 7.696 ], [ -78.2905, 7.6937 ], [ -78.2958, 7.6908 ], [ -78.2977, 7.6834 ], [ -78.2823, 7.691 ], [ -78.275, 7.6895 ], [ -78.2704, 7.6651 ], [ -78.2606, 7.674 ], [ -78.2509, 7.6637 ], [ -78.2434, 7.6625 ], [ -78.2389, 7.6561 ], [ -78.2383, 7.6432 ], [ -78.2278, 7.6397 ], [ -78.2218, 7.6275 ], [ -78.2053, 7.6176 ], [ -78.1966, 7.5941 ], [ -78.2075, 7.5912 ], [ -78.2062, 7.5855 ], [ -78.2109, 7.5769 ], [ -78.2066, 7.557 ], [ -78.2035, 7.5565 ], [ -78.2003, 7.5663 ], [ -78.2009, 7.5822 ], [ -78.1912, 7.5773 ], [ -78.1935, 7.5827 ], [ -78.1857, 7.5844 ], [ -78.1725, 7.5778 ], [ -78.1715, 7.5729 ], [ -78.1799, 7.5639 ], [ -78.1744, 7.5584 ], [ -78.1767, 7.5396 ], [ -78.1814, 7.5429 ], [ -78.1856, 7.54 ], [ -78.1814, 7.5156 ], [ -78.1786, 7.5194 ], [ -78.1701, 7.5172 ], [ -78.1712, 7.5267 ], [ -78.1683, 7.5234 ], [ -78.1562, 7.5284 ], [ -78.1672, 7.5166 ], [ -78.1309, 7.4951 ], [ -78.1281, 7.4906 ], [ -78.1335, 7.4796 ], [ -78.1268, 7.4753 ], [ -78.1224, 7.4626 ], [ -78.1118, 7.4562 ], [ -78.1079, 7.4494 ], [ -78.1009, 7.4503 ], [ -78.098, 7.4453 ], [ -78.0909, 7.4466 ], [ -78.0779, 7.4323 ], [ -78.0733, 7.4164 ], [ -78.0668, 7.4152 ], [ -78.0585, 7.4275 ], [ -78.0506, 7.4286 ], [ -78.0437, 7.4242 ], [ -78.0466, 7.4156 ], [ -78.0416, 7.4148 ], [ -78.0402, 7.4082 ], [ -78.0467, 7.4023 ], [ -78.0437, 7.3908 ], [ -78.0306, 7.3927 ], [ -78.0213, 7.3859 ], [ -78.0286, 7.3667 ], [ -78.024, 7.3397 ], [ -77.9988, 7.3203 ], [ -77.9987, 7.3169 ] ] ] } },
{ "type": "Feature", "properties": { "name": "Serranía de Bagre", "category": "Corredor Biológico", "iucn": "Not Reported", "realm": "100% Land", "hectares": 42553.091509343234, "established": 1995.0, "designation": "National" }, "geometry": { "type": "Polygon", "coordinates": [ [ [ -78.0696, 8.0857 ], [ -78.0632, 8.0748 ], [ -78.0653, 8.0473 ], [ -78.0465, 8.059 ], [ -78.0441, 8.0555 ], [ -78.036, 8.0639 ], [ -78.0336, 8.0733 ], [ -78.0043, 8.0696 ], [ -77.9997, 7.9719 ], [ -77.9513, 7.9715 ], [ -77.9086, 7.8172 ], [ -77.9169, 7.816 ], [ -77.9292, 7.8054 ], [ -77.9465, 7.7675 ], [ -77.9802, 7.7886 ], [ -77.9751, 7.8246 ], [ -77.9928, 7.8586 ], [ -77.9944, 7.8741 ], [ -78.011, 7.8869 ], [ -78.007, 7.9066 ], [ -77.9952, 7.9283 ], [ -77.9954, 7.9387 ], [ -78.0046, 7.9446 ], [ -78.033, 7.9471 ], [ -78.0565, 7.9326 ], [ -78.065, 7.9211 ], [ -78.074, 7.9178 ], [ -78.0726, 7.9514 ], [ -78.0785, 7.954 ], [ -78.0923, 7.9465 ], [ -78.0976, 7.9488 ], [ -78.0949, 7.9609 ], [ -78.1021, 7.9706 ], [ -78.1605, 8.1676 ], [ -78.1586, 8.1804 ], [ -78.0903, 8.1997 ], [ -78.0877, 8.1765 ], [ -78.0765, 8.1617 ], [ -78.0806, 8.1545 ], [ -78.0805, 8.134 ], [ -78.079, 8.1305 ], [ -78.0642, 8.1245 ], [ -78.0696, 8.0857 ] ] ] } },
{ "type": "Feature", "properties": { "name": "Isla del Rey", "category": "Reserva Hidrológica", "iucn": "V", "realm": "100% Land", "hectares": 9822.3237438802862, "established": 2006.0, "designation": "National" }, "geometry": { "type": "Polygon", "coordinates": [ [ [ -78.9593, 8.4266 ], [ -78.9463, 8.4437 ], [ -78.9185, 8.4462 ], [ -78.8873, 8.4262 ], [ -78.8621, 8.334 ], [ -78.9541, 8.3088 ], [ -78.9647, 8.318 ], [ -78.9653, 8.3285 ], [ -78.9619, 8.3329 ], [ -78.962, 8.3202 ], [ -78.9551, 8.3123 ], [ -78.9541, 8.3252 ], [ -78.9459, 8.321 ], [ -78.938, 8.3207 ], [ -78.9374, 8.3246 ], [ -78.9459, 8.3226 ], [ -78.9541, 8.3331 ], [ -78.9561, 8.3281 ], [ -78.9562, 8.3402 ], [ -78.9484, 8.3432 ], [ -78.9469, 8.3388 ], [ -78.9413, 8.3406 ], [ -78.9469, 8.3398 ], [ -78.9482, 8.346 ], [ -78.9553, 8.3527 ], [ -78.9499, 8.3454 ], [ -78.9531, 8.3445 ], [ -78.9597, 8.3579 ], [ -78.9565, 8.3589 ], [ -78.9357, 8.342 ], [ -78.931, 8.3305 ], [ -78.9038, 8.3532 ], [ -78.948, 8.3875 ], [ -78.9593, 8.4266 ] ] ] } },
{ "type": "Feature", "properties": { "name": "Humedal de Bahía de Panamá", "category": "Refugio de Vida Silvestre", "iucn": "IV", "realm": "Land and Marine", "hectares": 85654.667945044101, "established": 2003.0, "designation": "International" }, "geometry": { "type": "Polygon", "coordinates": [ [ [ -79.4557, 9.0135 ], [ -79.4406, 9.0169 ], [ -79.4369, 9.0249 ], [ -79.4141, 9.0185 ], [ -79.4039, 9.0366 ], [ -79.3929, 9.04 ], [ -79.3837, 9.0396 ], [ -79.3759, 9.0318 ], [ -79.3867, 9.0265 ], [ -79.3055, 9.0245 ], [ -79.2901, 9.0265 ], [ -79.2924, 9.0307 ], [ -79.2885, 9.0293 ], [ -79.2837, 9.0363 ], [ -79.273, 9.0381 ], [ -79.2703, 9.0375 ], [ -79.2735, 9.0292 ], [ -79.2706, 9.0273 ], [ -79.215, 9.0275 ], [ -79.203, 9.0305 ], [ -79.1826, 9.0248 ], [ -79.1787, 9.0334 ], [ -79.1617, 9.0397 ], [ -79.1677, 9.0481 ], [ -79.1567, 9.0507 ], [ -79.1507, 9.0601 ], [ -79.1524, 9.0885 ], [ -79.1469, 9.0888 ], [ -79.1476, 9.0919 ], [ -79.1542, 9.0904 ], [ -79.1565, 9.0956 ], [ -79.1456, 9.1276 ], [ -79.1527, 9.1294 ], [ -79.1529, 9.1337 ], [ -79.1387, 9.1325 ], [ -79.1393, 9.1291 ], [ -79.1356, 9.1308 ], [ -79.1313, 9.1238 ], [ -79.1265, 9.1299 ], [ -79.1225, 9.1283 ], [ -79.1341, 9.1088 ], [ -79.1309, 9.1045 ], [ -79.1189, 9.1093 ], [ -79.1141, 9.1265 ], [ -79.1001, 9.1183 ], [ -79.1065, 9.1153 ], [ -79.1038, 9.1045 ], [ -79.0976, 9.0996 ], [ -79.0967, 9.1098 ], [ -79.0936, 9.1071 ], [ -79.0947, 9.1008 ], [ -79.0825, 9.1088 ], [ -79.0802, 9.0933 ], [ -79.0606, 9.0465 ], [ -79.0605, 9.0269 ], [ -79.0652, 9.0216 ], [ -79.0899, 9.0177 ], [ -79.0909, 9.0102 ], [ -79.0476, 9.0092 ], [ -79.0322, 9.0058 ], [ -79.0321, 8.9954 ], [ -78.9599, 8.9492 ], [ -78.9156, 8.9412 ], [ -78.8758, 8.9097 ], [ -78.8437, 8.8934 ], [ -78.8072, 8.8938 ], [ -78.7901, 8.874 ], [ -78.773, 8.8702 ], [ -78.7576, 8.8532 ], [ -78.745, 8.8501 ], [ -78.7427, 8.8299 ], [ -78.7311, 8.8122 ], [ -78.7309, 8.8037 ], [ -78.7406, 8.797 ], [ -78.7375, 8.7844 ], [ -78.7301, 8.7826 ], [ -78.7112, 8.7915 ], [ -78.6845, 8.7819 ], [ -78.6741, 8.787 ], [ -78.6583, 8.7692 ], [ -78.6464, 8.7621 ], [ -78.6458, 8.7697 ], [ -78.6612, 8.7901 ], [ -78.6575, 8.7949 ], [ -78.645, 8.7957 ], [ -78.6304, 8.8052 ], [ -78.6227, 8.8043 ], [ -78.6122, 8.7969 ], [ -78.6064, 8.7769 ], [ -78.5952, 8.7583 ], [ -78.5946, 8.723 ], [ -78.5871, 8.7151 ], [ -78.5885, 8.6881 ], [ -78.6024, 8.6735 ], [ -78.6291, 8.6271 ], [ -78.7563, 8.7307 ], [ -78.857, 8.8031 ], [ -78.9469, 8.913 ], [ -79.0595, 8.9436 ], [ -79.1588, 8.9814 ], [ -79.2056, 8.9682 ], [ -79.4546, 8.9995 ], [ -79.4557, 9.0135 ] ] ] } },
{ "type": "Feature", "properties": { "name": "Majé", "category": "Reserva Hidrológica", "iucn": "V", "realm": "100% Land", "hectares": 18739.132500285501, "established": 1996.0, "designation": "National" }, "geometry": { "type": "Polygon", "coordinates": [ [ [ -78.7128, 8.9359 ], [ -78.7367, 8.9491 ], [ -78.7485, 8.9454 ], [ -78.7527, 8.9343 ], [ -78.7787, 8.9377 ], [ -78.7774, 8.9453 ], [ -78.7842, 8.9536 ], [ -78.7894, 8.9721 ], [ -78.7962, 8.976 ], [ -78.7973, 8.9851 ], [ -78.814, 8.9855 ], [ -78.8212, 8.9988 ], [ -78.8124, 9.0149 ], [ -78.8071, 9.0165 ], [ -78.8081, 9.0294 ], [ -78.8025, 9.045 ], [ -78.7916, 9.0448 ], [ -78.7839, 9.0607 ], [ -78.7766, 9.0624 ], [ -78.7698, 9.0695 ], [ -78.7721, 9.0738 ], [ -78.7696, 9.0763 ], [ -78.7525, 9.0581 ], [ -78.7458, 9.0583 ], [ -78.7317, 9.0449 ], [ -78.7254, 9.0433 ], [ -78.7226, 9.025 ], [ -78.7145, 9.0283 ], [ -78.7015, 9.0251 ], [ -78.6978, 9.0138 ], [ -78.686, 9.0148 ], [ -78.6754, 9.0066 ], [ -78.6725, 8.9995 ], [ -78.6561, 8.9933 ], [ -78.6419, 8.9774 ], [ -78.6353, 8.9759 ], [ -78.6222, 8.9644 ], [ -78.6229, 8.9554 ], [ -78.6381, 8.9449 ], [ -78.6341, 8.9396 ], [ -78.6349, 8.9343 ], [ -78.6477, 8.9337 ], [ -78.6538, 8.9281 ], [ -78.6615, 8.9292 ], [ -78.6677, 8.9353 ], [ -78.6848, 8.9368 ], [ -78.6932, 8.941 ], [ -78.7128, 8.9359 ] ] ] } },
{ "type": "Feature", "properties": { "name": "Santa Isabel", "category": "Reserva Hidrológica", "iucn": "Not Applicable", "realm": "100% Land", "hectares": 32402.268778448324, "established": 2012.0, "designation": "National" }, "geometry": { "type": "Polygon", "coordinates": [ [ [ -79.5289, 9.5262 ], [ -79.5212, 9.5328 ], [ -79.5471, 9.5395 ], [ -79.5542, 9.538 ], [ -79.5825, 9.5474 ], [ -79.5833, 9.5509 ], [ -79.5774, 9.5589 ], [ -79.5713, 9.5582 ], [ -79.5632, 9.5632 ], [ -79.5527, 9.5583 ], [ -79.5467, 9.5607 ], [ -79.5486, 9.5637 ], [ -79.5432, 9.5702 ], [ -79.5343, 9.5693 ], [ -79.5285, 9.5764 ], [ -79.5181, 9.5788 ], [ -79.5137, 9.5927 ], [ -79.4906, 9.5872 ], [ -79.4771, 9.5907 ], [ -79.4743, 9.5822 ], [ -79.4681, 9.5833 ], [ -79.4654, 9.5884 ], [ -79.4674, 9.5939 ], [ -79.4582, 9.6043 ], [ -79.4528, 9.5974 ], [ -79.441, 9.5983 ], [ -79.4375, 9.6033 ], [ -79.436, 9.5956 ], [ -79.4253, 9.5868 ], [ -79.3941, 9.5832 ], [ -79.3811, 9.5771 ], [ -79.3756, 9.5815 ], [ -79.3736, 9.5773 ], [ -79.3598, 9.5733 ], [ -79.3475, 9.5755 ], [ -79.3464, 9.5792 ], [ -79.3359, 9.5755 ], [ -79.3244, 9.5799 ], [ -79.3043, 9.5659 ], [ -79.2941, 9.5641 ], [ -79.291, 9.5705 ], [ -79.2856, 9.566 ], [ -79.2799, 9.5686 ], [ -79.2709, 9.5647 ], [ -79.2635, 9.5563 ], [ -79.2626, 9.5594 ], [ -79.2586, 9.5588 ], [ -79.2238, 9.5442 ], [ -79.2122, 9.5496 ], [ -79.2094, 9.5431 ], [ -79.1992, 9.5409 ], [ -79.1905, 9.5413 ], [ -79.1745, 9.555 ], [ -79.1669, 9.5574 ], [ -79.1547, 9.5507 ], [ -79.1561, 9.547 ], [ -79.1621, 9.546 ], [ -79.157, 9.5408 ], [ -79.1493, 9.5488 ], [ -79.1531, 9.5556 ], [ -79.1411, 9.5613 ], [ -79.1266, 9.5542 ], [ -79.1155, 9.5581 ], [ -79.1042, 9.556 ], [ -79.089, 9.5612 ], [ -79.0816, 9.5586 ], [ -79.0999, 9.5362 ], [ -79.1573, 9.5067 ], [ -79.1816, 9.4974 ], [ -79.184, 9.509 ], [ -79.1999, 9.4951 ], [ -79.2251, 9.5031 ], [ -79.2521, 9.4985 ], [ -79.2539, 9.4818 ], [ -79.2713, 9.4812 ], [ -79.3009, 9.4931 ], [ -79.4929, 9.5386 ], [ -79.5057, 9.5296 ], [ -79.5289, 9.5262 ] ] ] } },
{ "type": "Feature", "properties": { "name": "Lago Gatún", "category": "Area Recreativa", "iucn": "V", "realm": "100% Land", "hectares": 385.72289771139191, "established": 1985.0, "designation": "National" }, "geometry": { "type": "Polygon", "coordinates": [ [ [ -79.8572, 9.3472 ], [ -79.8465, 9.3411 ], [ -79.8466, 9.3346 ], [ -79.8479, 9.3228 ], [ -79.8579, 9.3179 ], [ -79.8565, 9.3226 ], [ -79.8615, 9.3259 ], [ -79.8615, 9.3454 ], [ -79.8572, 9.3472 ] ] ] } },
{ "type": "Feature", "properties": { "name": "P. Nal. Camino de Cruces", "category": "Parque Nacional", "iucn": "II", "realm": "100% Land", "hectares": 4781.3548182278146, "established": 1992.0, "designation": "National" }, "geometry": { "type": "MultiPolygon", "coordinates": [ [ [ [ -79.5884, 9.0092 ], [ -79.5868, 9.0104 ], [ -79.5849, 9.01 ], [ -79.5836, 9.0077 ], [ -79.5884, 9.0092 ] ] ], [ [ [ -79.5868, 9.0232 ], [ -79.5784, 9.0174 ], [ -79.5786, 9.0043 ], [ -79.5801, 9.0069 ], [ -79.5835, 9.0042 ], [ -79.5834, 9.0086 ], [ -79.5848, 9.0102 ], [ -79.5856, 9.0105 ], [ -79.5841, 9.0128 ], [ -79.585, 9.013 ], [ -79.5951, 9.0079 ], [ -79.5976, 9.0182 ], [ -79.5948, 9.0259 ], [ -79.5873, 9.0284 ], [ -79.5868, 9.0232 ] ] ], [ [ [ -79.5508, 9.0392 ], [ -79.5377, 9.0322 ], [ -79.5526, 8.994 ], [ -79.5562, 8.9939 ], [ -79.5603, 9.0028 ], [ -79.5562, 9.0057 ], [ -79.5613, 9.0061 ], [ -79.564, 9.0116 ], [ -79.5698, 9.0111 ], [ -79.5667, 9.0152 ], [ -79.5718, 9.0113 ], [ -79.5764, 9.0151 ], [ -79.5738, 9.0286 ], [ -79.579, 9.0335 ], [ -79.5676, 9.0404 ], [ -79.5508, 9.0392 ] ] ], [ [ [ -79.5674, 9.0597 ], [ -79.5757, 9.0373 ], [ -79.5898, 9.029 ], [ -79.611, 9.0281 ], [ -79.6183, 9.0366 ], [ -79.6286, 9.0373 ], [ -79.6308, 9.0406 ], [ -79.6272, 9.0451 ], [ -79.6324, 9.0564 ], [ -79.6285, 9.0612 ], [ -79.6182, 9.0628 ], [ -79.6207, 9.0654 ], [ -79.6037, 9.0956 ], [ -79.5976, 9.0835 ], [ -79.5871, 9.0746 ], [ -79.5697, 9.0683 ], [ -79.5674, 9.0597 ] ] ] ] } },
{ "type": "Feature", "properties": { "name": "P. Nat. Metropolitano", "category": "Parque Natural", "iucn": "V", "realm": "100% Land", "hectares": 232.20291028295583, "established": 1985.0, "designation": "National" }, "geometry": { "type": "MultiPolygon", "coordinates": [ [ [ [ -79.5471, 8.9845 ], [ -79.5527, 8.9917 ], [ -79.5498, 8.9999 ], [ -79.5428, 9.0049 ], [ -79.5424, 8.9955 ], [ -79.5415, 8.9927 ], [ -79.5446, 8.9907 ], [ -79.5471, 8.9845 ] ] ], [ [ [ -79.5422, 8.9816 ], [ -79.5437, 8.9803 ], [ -79.5429, 8.9832 ], [ -79.5436, 8.9847 ], [ -79.5456, 8.9864 ], [ -79.5414, 8.9923 ], [ -79.5422, 8.9816 ] ] ], [ [ [ -79.5434, 8.9815 ], [ -79.5465, 8.9822 ], [ -79.5458, 8.9861 ], [ -79.5438, 8.9844 ], [ -79.5434, 8.9815 ] ] ], [ [ [ -79.5395, 9.004 ], [ -79.5415, 8.9981 ], [ -79.5407, 9.0057 ], [ -79.5395, 9.004 ] ] ], [ [ [ -79.5376, 8.9906 ], [ -79.5397, 8.9888 ], [ -79.5397, 8.9923 ], [ -79.5376, 8.9906 ] ] ], [ [ [ -79.5384, 8.9873 ], [ -79.5394, 8.984 ], [ -79.5399, 8.9881 ], [ -79.5384, 8.9873 ] ] ], [ [ [ -79.5424, 9.004 ], [ -79.5417, 9.0046 ], [ -79.5423, 9.0009 ], [ -79.5424, 9.004 ] ] ], [ [ [ -79.54, 8.9964 ], [ -79.54, 8.9932 ], [ -79.5406, 8.9954 ], [ -79.54, 8.9964 ] ] ], [ [ [ -79.5405, 8.992 ], [ -79.5403, 8.9903 ], [ -79.5408, 8.9927 ], [ -79.5405, 8.992 ] ] ], [ [ [ -79.5421, 8.9962 ], [ -79.5412, 8.9929 ], [ -79.542, 8.9956 ], [ -79.5421, 8.9962 ] ] ], [ [ [ -79.5417, 9.0048 ], [ -79.5422, 9.0053 ], [ -79.5417, 9.0055 ], [ -79.5417, 9.0048 ] ] ] ] } },
{ "type": "Feature", "properties": { "name": "Cerro Gaital", "category": "Monumento Natural", "iucn": "III", "realm": "100% Land", "hectares": 511.69284896185661, "established": 2001.0, "designation": "National" }, "geometry": { "type": "MultiPolygon", "coordinates": [ [ [ [ -80.1326, 8.6327 ], [ -80.1151, 8.63 ], [ -80.1082, 8.6207 ], [ -80.1187, 8.6177 ], [ -80.1202, 8.6129 ], [ -80.1217, 8.6176 ], [ -80.1383, 8.6202 ], [ -80.1381, 8.6263 ], [ -80.1326, 8.6327 ] ] ], [ [ [ -80.1069, 8.6429 ], [ -80.1, 8.6369 ], [ -80.1034, 8.6326 ], [ -80.1142, 8.6391 ], [ -80.1069, 8.6429 ] ] ] ] } },
{ "type": "Feature", "properties": { "name": "Altos de Campana", "category": "Parque Nacional", "iucn": "II", "realm": "100% Land", "hectares": 4920.7034100416467, "established": 1966.0, "designation": "National" }, "geometry": { "type": "Polygon", "coordinates": [ [ [ -79.9232, 8.6443 ], [ -79.9337, 8.648 ], [ -79.9267, 8.6665 ], [ -79.9318, 8.6838 ], [ -79.9544, 8.6845 ], [ -79.9594, 8.6924 ], [ -79.9731, 8.6889 ], [ -79.9836, 8.6936 ], [ -79.9912, 8.693 ], [ -80.0054, 8.7012 ], [ -80.0062, 8.72 ], [ -80.0016, 8.7229 ], [ -79.9864, 8.7197 ], [ -79.9857, 8.7302 ], [ -79.9716, 8.7424 ], [ -79.9517, 8.7394 ], [ -79.9494, 8.7333 ], [ -79.9369, 8.7223 ], [ -79.9394, 8.6975 ], [ -79.9368, 8.6989 ], [ -79.9271, 8.6889 ], [ -79.9197, 8.6951 ], [ -79.9079, 8.693 ], [ -79.8945, 8.6719 ], [ -79.8902, 8.6715 ], [ -79.8921, 8.6667 ], [ -79.9129, 8.6549 ], [ -79.9232, 8.6443 ] ] ] } },
{ "type": "Feature", "properties": { "name": "Bahía de Chame", "category": "Area de Uso Múltiple", "iucn": "VI", "realm": "100% Land", "hectares": 8900.1952185599039, "established": 2007.0, "designation": "National" }, "geometry": { "type": "Polygon", "coordinates": [ [ [ -79.752, 8.7077 ], [ -79.7577, 8.7074 ], [ -79.7598, 8.7028 ], [ -79.7586, 8.695 ], [ -79.7532, 8.692 ], [ -79.7659, 8.6772 ], [ -79.8027, 8.6628 ], [ -79.8052, 8.6533 ], [ -79.8212, 8.6562 ], [ -79.8308, 8.6358 ], [ -79.7827, 8.6115 ], [ -79.7559, 8.617 ], [ -79.7534, 8.613 ], [ -79.7608, 8.6085 ], [ -79.7589, 8.6069 ], [ -79.7442, 8.6148 ], [ -79.7446, 8.6229 ], [ -79.731, 8.6281 ], [ -79.7262, 8.637 ], [ -79.7092, 8.6474 ], [ -79.7092, 8.6386 ], [ -79.7492, 8.6053 ], [ -79.7558, 8.6048 ], [ -79.7678, 8.5943 ], [ -79.8031, 8.5756 ], [ -79.8073, 8.5835 ], [ -79.7932, 8.6005 ], [ -79.7942, 8.6042 ], [ -79.8043, 8.6089 ], [ -79.8079, 8.6173 ], [ -79.8267, 8.6138 ], [ -79.8304, 8.6255 ], [ -79.8416, 8.6153 ], [ -79.8534, 8.6174 ], [ -79.8465, 8.6241 ], [ -79.851, 8.6289 ], [ -79.858, 8.6248 ], [ -79.8625, 8.6272 ], [ -79.8587, 8.6327 ], [ -79.8768, 8.6267 ], [ -79.8796, 8.6321 ], [ -79.8748, 8.635 ], [ -79.8794, 8.6384 ], [ -79.8699, 8.6468 ], [ -79.8719, 8.6581 ], [ -79.8647, 8.6687 ], [ -79.8575, 8.6711 ], [ -79.8504, 8.6883 ], [ -79.8437, 8.6831 ], [ -79.8406, 8.6893 ], [ -79.8492, 8.6954 ], [ -79.8526, 8.7058 ], [ -79.8502, 8.7211 ], [ -79.8352, 8.7211 ], [ -79.8269, 8.7169 ], [ -79.8218, 8.7011 ], [ -79.8205, 8.7043 ], [ -79.8124, 8.7042 ], [ -79.8108, 8.6907 ], [ -79.8015, 8.6913 ], [ -79.8015, 8.6979 ], [ -79.7869, 8.7028 ], [ -79.7875, 8.6911 ], [ -79.7801, 8.6762 ], [ -79.7709, 8.6836 ], [ -79.7669, 8.6795 ], [ -79.7651, 8.6891 ], [ -79.7579, 8.6919 ], [ -79.7641, 8.6992 ], [ -79.7657, 8.708 ], [ -79.7623, 8.7144 ], [ -79.7549, 8.7175 ], [ -79.75, 8.712 ], [ -79.752, 8.7077 ] ] ] } },
{ "type": "Feature", "properties": { "name": "Isla de Taboga - Urabá", "category": "Refugio de Vida Silvestre", "iucn": "IV", "realm": "100% Land", "hectares": 373.753280289825, "established": 1984.0, "designation": "National" }, "geometry": { "type": "MultiPolygon", "coordinates": [ [ [ [ -79.5314, 8.7827 ], [ -79.5315, 8.7696 ], [ -79.5383, 8.7697 ], [ -79.5382, 8.7827 ], [ -79.5314, 8.7827 ] ] ], [ [ [ -79.5464, 8.7885 ], [ -79.5413, 8.7856 ], [ -79.5438, 8.7752 ], [ -79.5494, 8.7752 ], [ -79.5524, 8.7825 ], [ -79.5662, 8.7813 ], [ -79.5715, 8.7873 ], [ -79.5708, 8.799 ], [ -79.5651, 8.7994 ], [ -79.5633, 8.7863 ], [ -79.5487, 8.7815 ], [ -79.5482, 8.7782 ], [ -79.5464, 8.7885 ] ] ] ] } },
{ "type": "Feature", "properties": { "name": "Ciénaga de las Macanas", "category": "Área de Uso Múltiple", "iucn": "VI", "realm": "100% Land", "hectares": 857.63723686040839, "established": 1996.0, "designation": "National" }, "geometry": { "type": "Polygon", "coordinates": [ [ [ -80.5635, 8.124 ], [ -80.5604, 8.1179 ], [ -80.5677, 8.1025 ], [ -80.5897, 8.0996 ], [ -80.5868, 8.1076 ], [ -80.5895, 8.1106 ], [ -80.5946, 8.1019 ], [ -80.5982, 8.1039 ], [ -80.5968, 8.1086 ], [ -80.6018, 8.1037 ], [ -80.604, 8.1058 ], [ -80.6028, 8.1126 ], [ -80.6071, 8.1174 ], [ -80.6034, 8.1181 ], [ -80.601, 8.1115 ], [ -80.5799, 8.1205 ], [ -80.5829, 8.125 ], [ -80.5796, 8.1264 ], [ -80.5711, 8.1278 ], [ -80.5635, 8.124 ] ] ] } },
{ "type": "Feature", "properties": { "name": "Sarigua", "category": "Parque Nacional", "iucn": "II", "realm": "Land and Marine", "hectares": 4669.7146075273904, "established": 1984.0, "designation": "National" }, "geometry": { "type": "Polygon", "coordinates": [ [ [ -80.5142, 8.0696 ], [ -80.5054, 8.0801 ], [ -80.5056, 8.0888 ], [ -80.5013, 8.0873 ], [ -80.4968, 8.0923 ], [ -80.4643, 8.0894 ], [ -80.4371, 8.0349 ], [ -80.4503, 8.026 ], [ -80.4565, 8.0165 ], [ -80.4619, 8.0181 ], [ -80.4582, 8.025 ], [ -80.4637, 8.0259 ], [ -80.4602, 8.0242 ], [ -80.4601, 8.0223 ], [ -80.4633, 8.0237 ], [ -80.4666, 8.0178 ], [ -80.4625, 8.0154 ], [ -80.4686, 8.0114 ], [ -80.4857, 8.0105 ], [ -80.4876, 8.0163 ], [ -80.4968, 8.0152 ], [ -80.5026, 8.0213 ], [ -80.4879, 8.0472 ], [ -80.4923, 8.0458 ], [ -80.5142, 8.0696 ] ] ] } },
{ "type": "Feature", "properties": { "name": "Cenegón del Mangle", "category": "Refugio de Vida Silvestre", "iucn": "IV", "realm": "100% Land", "hectares": 879.96687290417594, "established": 1980.0, "designation": "National" }, "geometry": { "type": "Polygon", "coordinates": [ [ [ -80.5297, 8.0946 ], [ -80.526, 8.1026 ], [ -80.5104, 8.1018 ], [ -80.5106, 8.1103 ], [ -80.5062, 8.112 ], [ -80.5063, 8.1066 ], [ -80.4994, 8.1026 ], [ -80.4965, 8.0905 ], [ -80.5033, 8.0866 ], [ -80.5056, 8.0888 ], [ -80.5054, 8.0801 ], [ -80.5166, 8.0647 ], [ -80.5297, 8.0946 ] ] ] } },
{ "type": "Feature", "properties": { "name": "Pablo Barrio", "category": "Refugio de Vida Silvestre", "iucn": "IV", "realm": "100% Marine", "hectares": 15031.625016854066, "established": 1992.0, "designation": "National" }, "geometry": { "type": "Polygon", "coordinates": [ [ [ -80.0041, 7.6485 ], [ -80.004, 7.6202 ], [ -79.9809, 7.6204 ], [ -79.9701, 7.6005 ], [ -79.9644, 7.5773 ], [ -79.9286, 7.5139 ], [ -79.9382, 7.4663 ], [ -80.0004, 7.4663 ], [ -80.0059, 7.4734 ], [ -80.0102, 7.4725 ], [ -80.0141, 7.4772 ], [ -80.0028, 7.4813 ], [ -80.0038, 7.5024 ], [ -79.9946, 7.5123 ], [ -79.9959, 7.5185 ], [ -80.0259, 7.5631 ], [ -80.0262, 7.5582 ], [ -80.0287, 7.5612 ], [ -80.0325, 7.5569 ], [ -80.0343, 7.5602 ], [ -80.0286, 7.5679 ], [ -80.0392, 7.5832 ], [ -80.0341, 7.5945 ], [ -80.0506, 7.6259 ], [ -80.05, 7.6341 ], [ -80.0657, 7.6389 ], [ -80.0704, 7.6349 ], [ -80.0639, 7.632 ], [ -80.0588, 7.6207 ], [ -80.0611, 7.6065 ], [ -80.0668, 7.6088 ], [ -80.0754, 7.6337 ], [ -80.0793, 7.6322 ], [ -80.0779, 7.6369 ], [ -80.0732, 7.6351 ], [ -80.0744, 7.638 ], [ -80.0694, 7.6384 ], [ -80.0752, 7.6418 ], [ -80.0669, 7.6472 ], [ -80.0041, 7.6485 ] ] ] } },
{ "type": "Feature", "properties": { "name": "Isla Cañas", "category": "Refugio de Vida Silvestre", "iucn": "IV", "realm": "Land and Marine", "hectares": 24285.207467726061, "established": 1994.0, "designation": "National" }, "geometry": { "type": "Polygon", "coordinates": [ [ [ -80.3651, 7.3522 ], [ -80.3869, 7.3556 ], [ -80.391, 7.353 ], [ -80.4013, 7.3671 ], [ -80.3924, 7.368 ], [ -80.3924, 7.3715 ], [ -80.3977, 7.3715 ], [ -80.3985, 7.3744 ], [ -80.391, 7.3883 ], [ -80.3736, 7.4061 ], [ -80.3796, 7.4172 ], [ -80.3682, 7.4275 ], [ -80.3651, 7.4205 ], [ -80.3498, 7.4275 ], [ -80.341, 7.4252 ], [ -80.324, 7.4333 ], [ -80.3137, 7.423 ], [ -80.3062, 7.4414 ], [ -80.3007, 7.4355 ], [ -80.276, 7.4411 ], [ -80.2687, 7.4383 ], [ -80.2529, 7.4225 ], [ -80.1582, 7.3697 ], [ -80.2718, 7.2927 ], [ -80.3107, 7.2977 ], [ -80.3393, 7.3533 ], [ -80.3651, 7.3522 ] ] ] } },
{ "type": "Feature", "properties": { "name": "La Tronosa", "category": "Reserva Forestal", "iucn": "VI", "realm": "100% Land", "hectares": 16181.353124726686, "established": 1977.0, "designation": "National" }, "geometry": { "type": "Polygon", "coordinates": [ [ [ -80.717, 7.4186 ], [ -80.698, 7.4324 ], [ -80.7097, 7.4501 ], [ -80.6912, 7.4471 ], [ -80.6808, 7.4372 ], [ -80.646, 7.4201 ], [ -80.6107, 7.4228 ], [ -80.5783, 7.4381 ], [ -80.556, 7.44 ], [ -80.5017, 7.3979 ], [ -80.4324, 7.3685 ], [ -80.4535, 7.3506 ], [ -80.4747, 7.3479 ], [ -80.5125, 7.3722 ], [ -80.5599, 7.3912 ], [ -80.5671, 7.3912 ], [ -80.5797, 7.3831 ], [ -80.5699, 7.3662 ], [ -80.5809, 7.36 ], [ -80.5691, 7.352 ], [ -80.5894, 7.3219 ], [ -80.5965, 7.3179 ], [ -80.6047, 7.3192 ], [ -80.6074, 7.3158 ], [ -80.6048, 7.3705 ], [ -80.6503, 7.3739 ], [ -80.6682, 7.37 ], [ -80.6969, 7.4084 ], [ -80.717, 7.4186 ] ] ] } },
{ "type": "Feature", "properties": { "name": "El Montoso", "category": "Reserva Forestal", "iucn": "VI", "realm": "100% Land", "hectares": 12535.12756061704, "established": 1977.0, "designation": "National" }, "geometry": { "type": "Polygon", "coordinates": [ [ [ -80.7989, 7.7577 ], [ -80.7612, 7.7477 ], [ -80.7591, 7.7411 ], [ -80.7647, 7.7161 ], [ -80.7595, 7.7051 ], [ -80.752, 7.7006 ], [ -80.7517, 7.6891 ], [ -80.78, 7.6882 ], [ -80.8003, 7.6772 ], [ -80.819, 7.6913 ], [ -80.8288, 7.6924 ], [ -80.8484, 7.6784 ], [ -80.8509, 7.6687 ], [ -80.8587, 7.6721 ], [ -80.8659, 7.6683 ], [ -80.8667, 7.671 ], [ -80.8724, 7.6685 ], [ -80.8736, 7.6709 ], [ -80.8803, 7.6635 ], [ -80.8901, 7.6682 ], [ -80.8923, 7.6759 ], [ -80.8996, 7.6793 ], [ -80.9007, 7.6841 ], [ -80.9156, 7.6952 ], [ -80.9203, 7.6945 ], [ -80.9177, 7.7136 ], [ -80.9218, 7.7173 ], [ -80.9214, 7.7229 ], [ -80.915, 7.7213 ], [ -80.9092, 7.7278 ], [ -80.9043, 7.7349 ], [ -80.905, 7.7441 ], [ -80.8967, 7.7425 ], [ -80.8951, 7.7473 ], [ -80.8841, 7.752 ], [ -80.8557, 7.7496 ], [ -80.8377, 7.7354 ], [ -80.8377, 7.741 ], [ -80.8314, 7.7358 ], [ -80.824, 7.7355 ], [ -80.8194, 7.7269 ], [ -80.8133, 7.7344 ], [ -80.8152, 7.7521 ], [ -80.7989, 7.7577 ] ] ] } },
{ "type": "Feature", "properties": { "name": "Golfo de Montijo", "category": "Humedal de Importancia Internacional", "iucn": "VI", "realm": "Land and Marine", "hectares": 94061.243429830574, "established": 1990.0, "designation": "International" }, "geometry": { "type": "Polygon", "coordinates": [ [ [ -81.0223, 7.9881 ], [ -81.0165, 7.9704 ], [ -81.019, 7.9666 ], [ -81.0121, 7.9554 ], [ -81.0188, 7.9522 ], [ -81.0263, 7.9555 ], [ -81.0334, 7.9497 ], [ -81.0314, 7.9421 ], [ -81.0339, 7.9326 ], [ -81.0271, 7.934 ], [ -81.025, 7.9302 ], [ -81.0278, 7.9209 ], [ -81.0432, 7.9191 ], [ -81.0449, 7.9066 ], [ -81.032, 7.8975 ], [ -81.0215, 7.9019 ], [ -80.9959, 7.8778 ], [ -81.0091, 7.8702 ], [ -80.9917, 7.8298 ], [ -80.999, 7.8164 ], [ -81.0346, 7.8166 ], [ -81.0419, 7.7787 ], [ -81.0243, 7.7609 ], [ -81.0054, 7.7589 ], [ -80.9934, 7.7513 ], [ -80.9975, 7.7215 ], [ -81.0038, 7.7146 ], [ -80.9867, 7.7003 ], [ -80.976, 7.6718 ], [ -80.9907, 7.6588 ], [ -81.0045, 7.6735 ], [ -81.0144, 7.6701 ], [ -81.0175, 7.6878 ], [ -81.028, 7.6927 ], [ -81.0363, 7.6742 ], [ -81.0359, 7.6617 ], [ -81.0143, 7.6468 ], [ -81.0163, 7.6426 ], [ -81.0046, 7.6355 ], [ -81.0047, 7.6245 ], [ -80.9926, 7.6202 ], [ -80.9926, 7.6256 ], [ -80.9894, 7.6267 ], [ -80.9864, 7.6222 ], [ -80.9767, 7.6275 ], [ -80.9633, 7.6175 ], [ -80.9797, 7.5891 ], [ -81.206, 7.5754 ], [ -81.2271, 7.6082 ], [ -81.2038, 7.631 ], [ -81.209, 7.6358 ], [ -81.1979, 7.6522 ], [ -81.209, 7.6667 ], [ -81.2042, 7.6799 ], [ -81.2196, 7.6958 ], [ -81.2384, 7.6984 ], [ -81.2457, 7.7092 ], [ -81.2529, 7.7061 ], [ -81.273, 7.7206 ], [ -81.2699, 7.7321 ], [ -81.2586, 7.7338 ], [ -81.2519, 7.7427 ], [ -81.2631, 7.7527 ], [ -81.2588, 7.7607 ], [ -81.246, 7.7687 ], [ -81.226, 7.77 ], [ -81.22, 7.7776 ], [ -81.1749, 7.7658 ], [ -81.1779, 7.7807 ], [ -81.1939, 7.8006 ], [ -81.1834, 7.815 ], [ -81.2258, 7.8458 ], [ -81.279, 7.9309 ], [ -81.2925, 7.9461 ], [ -81.234, 7.9464 ], [ -81.2228, 7.9307 ], [ -81.2147, 7.9445 ], [ -81.2019, 7.9508 ], [ -81.1918, 7.9471 ], [ -81.1904, 7.9339 ], [ -81.1965, 7.9254 ], [ -81.1869, 7.8896 ], [ -81.1639, 7.8754 ], [ -81.1449, 7.8857 ], [ -81.1311, 7.925 ], [ -81.1029, 7.9267 ], [ -81.1035, 7.9496 ], [ -81.0906, 7.9417 ], [ -81.0859, 7.9341 ], [ -81.0819, 7.9431 ], [ -81.0639, 7.9328 ], [ -81.0555, 7.9234 ], [ -81.0572, 7.9291 ], [ -81.0426, 7.9478 ], [ -81.0398, 7.9583 ], [ -81.0472, 7.9592 ], [ -81.0545, 7.951 ], [ -81.0621, 7.9674 ], [ -81.0279, 7.9919 ], [ -81.0223, 7.9881 ] ] ] } },
{ "type": "Feature", "properties": { "name": "Playa La Barqueta", "category": "Refugio de Vida Silvestre", "iucn": "IV", "realm": "Land and Marine", "hectares": 6703.8744488287666, "established": 1994.0, "designation": "National" }, "geometry": { "type": "Polygon", "coordinates": [ [ [ -82.563, 8.2756 ], [ -82.5583, 8.3065 ], [ -82.5517, 8.3038 ], [ -82.547, 8.3061 ], [ -82.5586, 8.313 ], [ -82.5579, 8.3158 ], [ -82.5478, 8.3197 ], [ -82.5376, 8.3167 ], [ -82.5067, 8.3187 ], [ -82.4962, 8.3222 ], [ -82.4935, 8.3278 ], [ -82.4803, 8.317 ], [ -82.4721, 8.3192 ], [ -82.4527, 8.3016 ], [ -82.4476, 8.292 ], [ -82.4789, 8.254 ], [ -82.563, 8.2756 ] ] ] } },
{ "type": "Feature", "properties": { "name": "Isla Escudo de Veraguas-Degó", "category": "Paisaje Protegido", "iucn": "V", "realm": "100% Marine", "hectares": 42177.680153902475, "established": 2009.0, "designation": "National" }, "geometry": { "type": "Polygon", "coordinates": [ [ [ -81.5725, 8.8497 ], [ -81.6055, 8.8805 ], [ -81.6484, 8.9284 ], [ -81.7129, 9.013 ], [ -81.6368, 9.0479 ], [ -81.637, 9.1293 ], [ -81.5004, 9.1295 ], [ -81.5003, 9.0481 ], [ -81.5275, 8.9576 ], [ -81.5725, 8.8497 ] ] ] } },
{ "type": "Feature", "properties": { "name": "Damani Guariviara", "category": "Humedal de Importancia Internacional", "iucn": "Not Reported", "realm": "100% Land", "hectares": 25275.046625777166, "established": 2004.0, "designation": "International" }, "geometry": { "type": "MultiPolygon", "coordinates": [ [ [ [ -81.7311, 9.0353 ], [ -81.722, 9.0379 ], [ -81.7173, 9.0296 ], [ -81.7134, 9.0139 ], [ -81.7174, 9.009 ], [ -81.7128, 9.0022 ], [ -81.7157, 8.9972 ], [ -81.7109, 8.9966 ], [ -81.7107, 9.0008 ], [ -81.7155, 9.0093 ], [ -81.7125, 9.013 ], [ -81.6484, 8.9284 ], [ -81.5727, 8.8487 ], [ -81.5833, 8.8549 ], [ -81.5875, 8.8522 ], [ -81.587, 8.847 ], [ -81.5995, 8.8424 ], [ -81.6049, 8.8521 ], [ -81.6089, 8.8461 ], [ -81.6058, 8.8402 ], [ -81.6097, 8.8402 ], [ -81.6177, 8.8496 ], [ -81.6224, 8.8402 ], [ -81.6745, 8.8401 ], [ -81.6733, 8.8434 ], [ -81.6692, 8.843 ], [ -81.667, 8.8513 ], [ -81.6713, 8.8632 ], [ -81.6731, 8.8556 ], [ -81.6794, 8.8555 ], [ -81.6848, 8.8507 ], [ -81.6922, 8.8537 ], [ -81.6891, 8.8631 ], [ -81.6978, 8.8718 ], [ -81.6926, 8.8785 ], [ -81.6979, 8.8787 ], [ -81.7046, 8.8722 ], [ -81.7082, 8.8757 ], [ -81.7081, 8.8803 ], [ -81.7002, 8.8885 ], [ -81.7088, 8.8892 ], [ -81.707, 8.8963 ], [ -81.711, 8.9048 ], [ -81.7087, 8.9084 ], [ -81.7138, 8.917 ], [ -81.7224, 8.9194 ], [ -81.7296, 8.9264 ], [ -81.7264, 8.9277 ], [ -81.7297, 8.9294 ], [ -81.7283, 8.932 ], [ -81.7225, 8.929 ], [ -81.7191, 8.9311 ], [ -81.7235, 8.9342 ], [ -81.7311, 8.9344 ], [ -81.7352, 8.9309 ], [ -81.746, 8.9348 ], [ -81.7482, 8.9219 ], [ -81.7452, 8.9185 ], [ -81.7493, 8.909 ], [ -81.7557, 8.9049 ], [ -81.7599, 8.9077 ], [ -81.759, 8.9148 ], [ -81.7624, 8.9181 ], [ -81.7589, 8.9212 ], [ -81.7656, 8.9294 ], [ -81.7661, 8.9366 ], [ -81.7721, 8.9361 ], [ -81.7755, 8.9407 ], [ -81.7909, 8.9286 ], [ -81.8049, 8.9248 ], [ -81.8065, 8.9209 ], [ -81.8205, 8.9218 ], [ -81.8291, 8.9151 ], [ -81.8378, 8.9199 ], [ -81.8346, 8.9256 ], [ -81.8382, 8.9319 ], [ -81.844, 8.9231 ], [ -81.8482, 8.929 ], [ -81.8489, 8.9232 ], [ -81.855, 8.917 ], [ -81.859, 8.92 ], [ -81.863, 8.9162 ], [ -81.8669, 8.9183 ], [ -81.8644, 8.9278 ], [ -81.8742, 8.9405 ], [ -81.8737, 8.949 ], [ -81.8783, 8.9446 ], [ -81.8688, 8.9538 ], [ -81.8647, 8.961 ], [ -81.8654, 8.9651 ], [ -81.8502, 8.9604 ], [ -81.8356, 8.9614 ], [ -81.8253, 8.9563 ], [ -81.8121, 8.945 ], [ -81.8226, 8.9444 ], [ -81.8114, 8.9368 ], [ -81.8115, 8.9294 ], [ -81.8078, 8.934 ], [ -81.804, 8.9315 ], [ -81.8022, 8.9312 ], [ -81.81, 8.936 ], [ -81.8113, 8.9409 ], [ -81.806, 8.9361 ], [ -81.8009, 8.9366 ], [ -81.7793, 8.9502 ], [ -81.7692, 8.9763 ], [ -81.7704, 8.9822 ], [ -81.7763, 8.9854 ], [ -81.7739, 8.998 ], [ -81.7823, 9.0084 ], [ -81.8028, 9.0152 ], [ -81.7999, 9.0247 ], [ -81.7622, 9.017 ], [ -81.7473, 9.0176 ], [ -81.7434, 9.0091 ], [ -81.748, 9.0048 ], [ -81.7411, 8.9949 ], [ -81.7314, 8.9995 ], [ -81.7383, 9.0006 ], [ -81.7384, 9.0087 ], [ -81.7438, 9.0139 ], [ -81.7447, 9.0348 ], [ -81.7387, 9.0431 ], [ -81.7311, 9.0353 ] ] ], [ [ [ -81.9238, 8.9912 ], [ -81.9193, 8.9838 ], [ -81.9205, 8.9905 ], [ -81.9138, 8.9827 ], [ -81.8995, 8.9803 ], [ -81.8921, 8.9721 ], [ -81.8909, 8.9689 ], [ -81.8995, 8.977 ], [ -81.8964, 8.9671 ], [ -81.9005, 8.9548 ], [ -81.8667, 8.965 ], [ -81.8696, 8.9535 ], [ -81.8787, 8.9454 ], [ -81.879, 8.943 ], [ -81.8764, 8.9415 ], [ -81.8811, 8.9391 ], [ -81.8761, 8.9342 ], [ -81.8869, 8.9323 ], [ -81.8834, 8.9262 ], [ -81.8866, 8.9235 ], [ -81.89, 8.9272 ], [ -81.8873, 8.9374 ], [ -81.8959, 8.9438 ], [ -81.9018, 8.942 ], [ -81.9063, 8.9479 ], [ -81.9027, 8.95 ], [ -81.9063, 8.9557 ], [ -81.9143, 8.9514 ], [ -81.9198, 8.9601 ], [ -81.9169, 8.9609 ], [ -81.919, 8.9653 ], [ -81.9225, 8.9631 ], [ -81.9221, 8.9722 ], [ -81.931, 8.9781 ], [ -81.9238, 8.9912 ] ] ] ] } },
{ "type": "Feature", "properties": { "name": "Fortuna", "category": "Reserva Forestal", "iucn": "VI", "realm": "100% Land", "hectares": 20654.318208739624, "established": 1976.0, "designation": "National" }, "geometry": { "type": "Polygon", "coordinates": [ [ [ -82.259, 8.7804 ], [ -82.2163, 8.7865 ], [ -82.1982, 8.7725 ], [ -82.1854, 8.7717 ], [ -82.1783, 8.7662 ], [ -82.1203, 8.769 ], [ -82.1125, 8.7649 ], [ -82.1239, 8.6389 ], [ -82.218, 8.6486 ], [ -82.2669, 8.7389 ], [ -82.259, 8.7804 ] ] ] } },
{ "type": "Feature", "properties": { "name": "Isla Bastimentos", "category": "Parque Nacional Marino", "iucn": "II", "realm": "Land and Marine", "hectares": 13070.021713196511, "established": 1988.0, "designation": "National" }, "geometry": { "type": "Polygon", "coordinates": [ [ [ -82.0076, 9.2202 ], [ -82.0637, 9.2463 ], [ -82.0866, 9.2776 ], [ -82.0645, 9.3035 ], [ -82.0684, 9.3184 ], [ -82.1086, 9.3191 ], [ -82.1082, 9.3065 ], [ -82.1303, 9.2994 ], [ -82.1641, 9.2429 ], [ -82.1961, 9.2429 ], [ -82.2, 9.2942 ], [ -82.1805, 9.2866 ], [ -82.1628, 9.2927 ], [ -82.157, 9.2882 ], [ -82.1388, 9.3099 ], [ -82.1502, 9.3168 ], [ -82.1496, 9.3344 ], [ -82.1475, 9.3432 ], [ -82.1357, 9.356 ], [ -82.049, 9.3353 ], [ -82.0022, 9.2612 ], [ -82.0076, 9.2202 ] ] ] } },
{ "type": "Feature", "properties": { "name": "Golfo de Chiriquí", "category": "Parque Nacional Marino", "iucn": "II", "realm": "Land and Marine", "hectares": 21221.943402667897, "established": 1994.0, "designation": "National" }, "geometry": { "type": "Polygon", "coordinates": [ [ [ -82.3232, 8.0135 ], [ -82.3391, 8.0199 ], [ -82.3741, 8.0974 ], [ -82.3727, 8.1322 ], [ -82.3269, 8.1491 ], [ -82.2571, 8.1249 ], [ -82.2048, 8.2092 ], [ -82.1953, 8.197 ], [ -82.1798, 8.1878 ], [ -82.2305, 8.0955 ], [ -82.2513, 8.0291 ], [ -82.3232, 8.0135 ] ] ] } },
{ "type": "Feature", "properties": { "name": "Serranía de Darién", "category": "Reserva Hidrológica", "iucn": "V", "realm": "100% Land", "hectares": 11770.754436406505, "established": 2004.0, "designation": "National" }, "geometry": { "type": "Polygon", "coordinates": [ [ [ -77.7626, 8.7846 ], [ -77.7683, 8.7752 ], [ -77.7761, 8.7782 ], [ -77.79, 8.7659 ], [ -77.7863, 8.7616 ], [ -77.7913, 8.7574 ], [ -77.7989, 8.7731 ], [ -77.8037, 8.7752 ], [ -77.8084, 8.7704 ], [ -77.8202, 8.7736 ], [ -77.8252, 8.789 ], [ -77.8384, 8.7919 ], [ -77.841, 8.8265 ], [ -77.857, 8.8354 ], [ -77.8546, 8.8428 ], [ -77.8425, 8.8423 ], [ -77.837, 8.8367 ], [ -77.8329, 8.8481 ], [ -77.8292, 8.8497 ], [ -77.8281, 8.8461 ], [ -77.8229, 8.8457 ], [ -77.8187, 8.8497 ], [ -77.8059, 8.8516 ], [ -77.8015, 8.865 ], [ -77.7855, 8.8696 ], [ -77.7728, 8.8806 ], [ -77.7483, 8.8609 ], [ -77.7509, 8.847 ], [ -77.7478, 8.8407 ], [ -77.7118, 8.8263 ], [ -77.7128, 8.8034 ], [ -77.7082, 8.7958 ], [ -77.7069, 8.7804 ], [ -77.7226, 8.7788 ], [ -77.7356, 8.7917 ], [ -77.7535, 8.7898 ], [ -77.7626, 8.7846 ] ] ] } },
{ "type": "Feature", "properties": { "name": "Laguna de Volcán", "category": "Humedal de Importancia Internacional", "iucn": "Not Reported", "realm": "100% Land", "hectares": 255.66275878048324, "established": 1994.0, "designation": "National" }, "geometry": { "type": "Polygon", "coordinates": [ [ [ -82.6703, 8.7596 ], [ -82.6882, 8.7596 ], [ -82.6883, 8.7713 ], [ -82.6703, 8.7714 ], [ -82.6703, 8.7596 ] ] ] } },
{ "type": "Feature", "properties": { "name": "Los Pozos de Calobre", "category": "Monumento Natural", "iucn": "III", "realm": "100% Land", "hectares": 422.54808161694899, "established": 1994.0, "designation": "National" }, "geometry": { "type": "Polygon", "coordinates": [ [ [ -80.8077, 8.4229 ], [ -80.7975, 8.4235 ], [ -80.7936, 8.4151 ], [ -80.7958, 8.3996 ], [ -80.8028, 8.3978 ], [ -80.8069, 8.4016 ], [ -80.8104, 8.4142 ], [ -80.8077, 8.4229 ] ] ] } },
{ "type": "Feature", "properties": { "name": "Punta Patiño", "category": "Humedal de Importancia Internacional", "iucn": "Not Applicable", "realm": "Land and Marine", "hectares": 13198.47881620362, "established": 1994.0, "designation": "International" }, "geometry": { "type": "Polygon", "coordinates": [ [ [ -78.2158, 8.2471 ], [ -78.2206, 8.2545 ], [ -78.2197, 8.2668 ], [ -78.2256, 8.2704 ], [ -78.2267, 8.2601 ], [ -78.2319, 8.2608 ], [ -78.2338, 8.2688 ], [ -78.2421, 8.2707 ], [ -78.2399, 8.2743 ], [ -78.2519, 8.2865 ], [ -78.2516, 8.2939 ], [ -78.258, 8.2949 ], [ -78.2629, 8.2866 ], [ -78.2604, 8.2812 ], [ -78.2661, 8.284 ], [ -78.267, 8.2754 ], [ -78.2643, 8.2654 ], [ -78.2588, 8.2635 ], [ -78.2652, 8.2631 ], [ -78.2615, 8.259 ], [ -78.2685, 8.2576 ], [ -78.2533, 8.2453 ], [ -78.2545, 8.2366 ], [ -78.2646, 8.2398 ], [ -78.266, 8.2303 ], [ -78.2666, 8.2346 ], [ -78.2724, 8.2327 ], [ -78.2773, 8.2362 ], [ -78.2789, 8.2304 ], [ -78.2816, 8.2365 ], [ -78.2783, 8.2418 ], [ -78.2838, 8.243 ], [ -78.2889, 8.2501 ], [ -78.2961, 8.2382 ], [ -78.2926, 8.2309 ], [ -78.2826, 8.2282 ], [ -78.2843, 8.2238 ], [ -78.2719, 8.2239 ], [ -78.2675, 8.206 ], [ -78.2719, 8.2071 ], [ -78.285, 8.1988 ], [ -78.3203, 8.2615 ], [ -78.22, 8.3604 ], [ -78.1797, 8.3532 ], [ -78.1781, 8.3449 ], [ -78.1738, 8.3418 ], [ -78.1698, 8.3453 ], [ -78.1657, 8.3445 ], [ -78.1702, 8.3394 ], [ -78.1621, 8.327 ], [ -78.1732, 8.3075 ], [ -78.1796, 8.3028 ], [ -78.1733, 8.2984 ], [ -78.1741, 8.2893 ], [ -78.1695, 8.2792 ], [ -78.1699, 8.2748 ], [ -78.1735, 8.274 ], [ -78.1727, 8.265 ], [ -78.1774, 8.267 ], [ -78.1748, 8.2641 ], [ -78.18, 8.2643 ], [ -78.1848, 8.2681 ], [ -78.1824, 8.2648 ], [ -78.1874, 8.2619 ], [ -78.2014, 8.2636 ], [ -78.2, 8.2572 ], [ -78.2084, 8.2587 ], [ -78.2036, 8.2476 ], [ -78.2154, 8.2538 ], [ -78.2158, 8.2471 ] ] ] } },
{ "type": "Feature", "properties": { "name": "Cerro Cerrezuela", "category": "Reserva Hídrica", "iucn": "V", "realm": "100% Land", "hectares": 1357.0590597449557, "established": 2013.0, "designation": "National" }, "geometry": { "type": "Polygon", "coordinates": [ [ [ -80.4399, 8.3491 ], [ -80.4567, 8.334 ], [ -80.4571, 8.3278 ], [ -80.4736, 8.3248 ], [ -80.4714, 8.3338 ], [ -80.478, 8.3334 ], [ -80.4745, 8.3393 ], [ -80.4786, 8.3383 ], [ -80.4826, 8.3434 ], [ -80.4781, 8.3631 ], [ -80.4715, 8.367 ], [ -80.4548, 8.3654 ], [ -80.4474, 8.3518 ], [ -80.4399, 8.3491 ] ] ] } },
{ "type": "Feature", "properties": { "name": "Cerro Guacamaya", "category": "Reserva Hídrica", "iucn": "V", "realm": "100% Land", "hectares": 5117.8536358359615, "established": 2012.0, "designation": "National" }, "geometry": { "type": "Polygon", "coordinates": [ [ [ -80.5211, 8.487 ], [ -80.518, 8.4861 ], [ -80.5173, 8.496 ], [ -80.5038, 8.5268 ], [ -80.4937, 8.5329 ], [ -80.4723, 8.5406 ], [ -80.4677, 8.5476 ], [ -80.4634, 8.5451 ], [ -80.4566, 8.5485 ], [ -80.4466, 8.5465 ], [ -80.4373, 8.5348 ], [ -80.4334, 8.5158 ], [ -80.4381, 8.5148 ], [ -80.4366, 8.5103 ], [ -80.4405, 8.503 ], [ -80.456, 8.4915 ], [ -80.462, 8.477 ], [ -80.4666, 8.4753 ], [ -80.4767, 8.4826 ], [ -80.4967, 8.4731 ], [ -80.5182, 8.4815 ], [ -80.5211, 8.487 ] ] ] } },
{ "type": "Feature", "properties": { "name": "Santa Isabel", "category": "Area de Uso Múltiple", "iucn": "Not Applicable", "realm": "100% Land", "hectares": 13911.982867466253, "established": 2004.0, "designation": "National" }, "geometry": { "type": "Polygon", "coordinates": [ [ [ -79.1584, 9.391 ], [ -79.1904, 9.4138 ], [ -79.1949, 9.4507 ], [ -79.2713, 9.4812 ], [ -79.2539, 9.4818 ], [ -79.2521, 9.4985 ], [ -79.2251, 9.5031 ], [ -79.1999, 9.4951 ], [ -79.184, 9.509 ], [ -79.1816, 9.4974 ], [ -79.1573, 9.5067 ], [ -79.0999, 9.5362 ], [ -79.0808, 9.5583 ], [ -79.082, 9.4671 ], [ -79.0905, 9.4674 ], [ -79.0906, 9.4765 ], [ -79.0942, 9.4741 ], [ -79.0931, 9.4767 ], [ -79.0966, 9.4779 ], [ -79.0953, 9.4743 ], [ -79.1089, 9.4725 ], [ -79.108, 9.4688 ], [ -79.1195, 9.4636 ], [ -79.1214, 9.4591 ], [ -79.1287, 9.4589 ], [ -79.1326, 9.4496 ], [ -79.1358, 9.4497 ], [ -79.1386, 9.4424 ], [ -79.1447, 9.4382 ], [ -79.1442, 9.433 ], [ -79.1505, 9.4248 ], [ -79.1459, 9.4205 ], [ -79.1584, 9.3977 ], [ -79.1584, 9.391 ] ] ] } },
{ "type": "Feature", "properties": { "name": "El Salto de Las Palmas", "category": "Área Natural Recreativa", "iucn": "V", "realm": "100% Land", "hectares": 55.803199469616622, "established": 1994.0, "designation": "National" }, "geometry": { "type": "Polygon", "coordinates": [ [ [ -81.4503, 8.1262 ], [ -81.4594, 8.1132 ], [ -81.4528, 8.1258 ], [ -81.4505, 8.1263 ], [ -81.451, 8.1269 ], [ -81.4506, 8.1302 ], [ -81.451, 8.1306 ], [ -81.45, 8.1323 ], [ -81.448, 8.1338 ], [ -81.4474, 8.1336 ], [ -81.447, 8.1355 ], [ -81.4462, 8.136 ], [ -81.4484, 8.1394 ], [ -81.4454, 8.1456 ], [ -81.4442, 8.1463 ], [ -81.4429, 8.1462 ], [ -81.4442, 8.15 ], [ -81.4437, 8.1517 ], [ -81.4418, 8.1535 ], [ -81.4419, 8.1473 ], [ -81.4427, 8.146 ], [ -81.445, 8.1454 ], [ -81.4447, 8.1418 ], [ -81.4421, 8.1423 ], [ -81.4471, 8.1334 ], [ -81.4499, 8.132 ], [ -81.4503, 8.1262 ] ] ] } },
{ "type": "Feature", "properties": { "name": "Barro Colorado", "category": "Monumento Natural", "iucn": "III", "realm": "Land and Marine", "hectares": 4889.6658930182111, "established": 1977.0, "designation": "National" }, "geometry": { "type": "MultiPolygon", "coordinates": [ [ [ [ -79.8189, 9.0888 ], [ -79.819, 9.0888 ], [ -79.819, 9.0889 ], [ -79.8189, 9.0888 ] ] ], [ [ [ -79.8279, 9.1073 ], [ -79.8276, 9.1073 ], [ -79.8276, 9.1071 ], [ -79.8279, 9.1073 ] ] ], [ [ [ -79.8464, 9.124 ], [ -79.8452, 9.1239 ], [ -79.8477, 9.1233 ], [ -79.8464, 9.124 ] ] ], [ [ [ -79.8329, 9.1236 ], [ -79.8346, 9.1233 ], [ -79.8353, 9.1254 ], [ -79.8329, 9.1236 ] ] ], [ [ [ -79.8507, 9.1256 ], [ -79.8505, 9.1258 ], [ -79.8504, 9.1256 ], [ -79.8507, 9.1256 ] ] ], [ [ [ -79.8338, 9.126 ], [ -79.8344, 9.1256 ], [ -79.8352, 9.1261 ], [ -79.8338, 9.126 ] ] ], [ [ [ -79.8502, 9.1273 ], [ -79.8499, 9.1277 ], [ -79.8497, 9.1274 ], [ -79.8502, 9.1273 ] ] ], [ [ [ -79.8443, 9.1265 ], [ -79.8451, 9.1272 ], [ -79.8448, 9.1282 ], [ -79.8443, 9.1265 ] ] ], [ [ [ -79.8356, 9.128 ], [ -79.8361, 9.1277 ], [ -79.8364, 9.1284 ], [ -79.8356, 9.128 ] ] ], [ [ [ -79.8368, 9.1283 ], [ -79.8371, 9.1284 ], [ -79.8369, 9.1289 ], [ -79.8368, 9.1283 ] ] ], [ [ [ -79.8396, 9.129 ], [ -79.8424, 9.1266 ], [ -79.843, 9.1276 ], [ -79.8396, 9.129 ] ] ], [ [ [ -79.854, 9.1299 ], [ -79.8541, 9.13 ], [ -79.8541, 9.1301 ], [ -79.854, 9.1299 ] ] ], [ [ [ -79.8374, 9.1295 ], [ -79.8381, 9.1294 ], [ -79.8382, 9.1304 ], [ -79.8374, 9.1295 ] ] ], [ [ [ -79.841, 9.1298 ], [ -79.8426, 9.1315 ], [ -79.8409, 9.1322 ], [ -79.841, 9.1298 ] ] ], [ [ [ -79.8327, 9.1311 ], [ -79.8305, 9.1342 ], [ -79.8234, 9.1194 ], [ -79.8228, 9.1216 ], [ -79.8193, 9.1186 ], [ -79.8227, 9.1055 ], [ -79.8268, 9.109 ], [ -79.8288, 9.1069 ], [ -79.8287, 9.0982 ], [ -79.8401, 9.1001 ], [ -79.8433, 9.0966 ], [ -79.8621, 9.0941 ], [ -79.8716, 9.1042 ], [ -79.8702, 9.1139 ], [ -79.8651, 9.1145 ], [ -79.8646, 9.1114 ], [ -79.8612, 9.1158 ], [ -79.8643, 9.1177 ], [ -79.8607, 9.1176 ], [ -79.8636, 9.1308 ], [ -79.8598, 9.1322 ], [ -79.8573, 9.1273 ], [ -79.8557, 9.1294 ], [ -79.8566, 9.1269 ], [ -79.8543, 9.1244 ], [ -79.851, 9.1295 ], [ -79.8528, 9.125 ], [ -79.8489, 9.1246 ], [ -79.8465, 9.1194 ], [ -79.8443, 9.1259 ], [ -79.8379, 9.1234 ], [ -79.8373, 9.1275 ], [ -79.837, 9.1203 ], [ -79.8341, 9.1223 ], [ -79.8348, 9.1189 ], [ -79.832, 9.1142 ], [ -79.8317, 9.1248 ], [ -79.8371, 9.1343 ], [ -79.8327, 9.1311 ] ] ], [ [ [ -79.8384, 9.1337 ], [ -79.8394, 9.1332 ], [ -79.8394, 9.1339 ], [ -79.8384, 9.1337 ] ] ], [ [ [ -79.8305, 9.1347 ], [ -79.8305, 9.1348 ], [ -79.8304, 9.1348 ], [ -79.8305, 9.1347 ] ] ], [ [ [ -79.835, 9.1347 ], [ -79.8357, 9.1347 ], [ -79.8347, 9.1355 ], [ -79.835, 9.1347 ] ] ], [ [ [ -79.8722, 9.1362 ], [ -79.8721, 9.136 ], [ -79.8732, 9.1363 ], [ -79.8722, 9.1362 ] ] ], [ [ [ -79.8579, 9.1364 ], [ -79.8578, 9.1366 ], [ -79.8576, 9.1366 ], [ -79.8579, 9.1364 ] ] ], [ [ [ -79.8675, 9.1371 ], [ -79.8669, 9.1377 ], [ -79.8668, 9.1372 ], [ -79.8675, 9.1371 ] ] ], [ [ [ -79.8823, 9.1379 ], [ -79.8825, 9.138 ], [ -79.8824, 9.1381 ], [ -79.8823, 9.1379 ] ] ], [ [ [ -79.8551, 9.1377 ], [ -79.855, 9.137 ], [ -79.8566, 9.1378 ], [ -79.8551, 9.1377 ] ] ], [ [ [ -79.833, 9.1379 ], [ -79.8349, 9.136 ], [ -79.8355, 9.1372 ], [ -79.833, 9.1379 ] ] ], [ [ [ -79.8763, 9.1416 ], [ -79.8763, 9.1418 ], [ -79.8762, 9.1418 ], [ -79.8763, 9.1416 ] ] ], [ [ [ -79.8932, 9.1441 ], [ -79.8933, 9.1442 ], [ -79.8932, 9.1442 ], [ -79.8932, 9.1441 ] ] ], [ [ [ -79.8321, 9.1459 ], [ -79.8324, 9.1457 ], [ -79.8324, 9.1461 ], [ -79.8321, 9.1459 ] ] ], [ [ [ -79.8716, 9.1467 ], [ -79.873, 9.1474 ], [ -79.8728, 9.1476 ], [ -79.8716, 9.1467 ] ] ], [ [ [ -79.8932, 9.1611 ], [ -79.8934, 9.1611 ], [ -79.8932, 9.1613 ], [ -79.8932, 9.1611 ] ] ], [ [ [ -79.8692, 9.1612 ], [ -79.869, 9.1614 ], [ -79.8689, 9.1613 ], [ -79.8692, 9.1612 ] ] ], [ [ [ -79.8684, 9.1613 ], [ -79.8686, 9.1614 ], [ -79.8685, 9.1615 ], [ -79.8684, 9.1613 ] ] ], [ [ [ -79.8696, 9.1614 ], [ -79.8701, 9.1619 ], [ -79.8695, 9.1622 ], [ -79.8696, 9.1614 ] ] ], [ [ [ -79.8705, 9.1629 ], [ -79.8703, 9.1634 ], [ -79.8701, 9.1633 ], [ -79.8705, 9.1629 ] ] ], [ [ [ -79.8699, 9.1633 ], [ -79.87, 9.1633 ], [ -79.87, 9.1634 ], [ -79.8699, 9.1633 ] ] ], [ [ [ -79.8343, 9.1655 ], [ -79.8342, 9.1657 ], [ -79.834, 9.1654 ], [ -79.8343, 9.1655 ] ] ], [ [ [ -79.867, 9.166 ], [ -79.8673, 9.1657 ], [ -79.868, 9.1664 ], [ -79.867, 9.166 ] ] ], [ [ [ -79.7984, 9.1648 ], [ -79.7994, 9.1565 ], [ -79.8063, 9.1601 ], [ -79.8045, 9.1679 ], [ -79.7984, 9.1648 ] ] ], [ [ [ -79.8669, 9.1686 ], [ -79.8672, 9.1688 ], [ -79.8669, 9.1691 ], [ -79.8669, 9.1686 ] ] ], [ [ [ -79.861, 9.1703 ], [ -79.861, 9.1705 ], [ -79.8609, 9.1705 ], [ -79.861, 9.1703 ] ] ], [ [ [ -79.8568, 9.1717 ], [ -79.8587, 9.1717 ], [ -79.8584, 9.1729 ], [ -79.8568, 9.1717 ] ] ], [ [ [ -79.8801, 9.1733 ], [ -79.8803, 9.1726 ], [ -79.8808, 9.1729 ], [ -79.8801, 9.1733 ] ] ], [ [ [ -79.8383, 9.1764 ], [ -79.8393, 9.1765 ], [ -79.8388, 9.1768 ], [ -79.8383, 9.1764 ] ] ], [ [ [ -79.8378, 9.1766 ], [ -79.8376, 9.1773 ], [ -79.8373, 9.1769 ], [ -79.8378, 9.1766 ] ] ], [ [ [ -79.8419, 9.1688 ], [ -79.8398, 9.1735 ], [ -79.8335, 9.1747 ], [ -79.837, 9.1639 ], [ -79.8317, 9.1657 ], [ -79.831, 9.1619 ], [ -79.8247, 9.1656 ], [ -79.8191, 9.16 ], [ -79.8225, 9.1531 ], [ -79.8278, 9.1515 ], [ -79.8252, 9.1454 ], [ -79.8287, 9.1396 ], [ -79.8284, 9.1476 ], [ -79.8394, 9.149 ], [ -79.8364, 9.1466 ], [ -79.836, 9.142 ], [ -79.8387, 9.1454 ], [ -79.8421, 9.1423 ], [ -79.8395, 9.1461 ], [ -79.8421, 9.1444 ], [ -79.8425, 9.146 ], [ -79.8423, 9.1464 ], [ -79.8425, 9.1472 ], [ -79.8442, 9.144 ], [ -79.8425, 9.1396 ], [ -79.847, 9.1388 ], [ -79.8438, 9.1365 ], [ -79.8475, 9.1326 ], [ -79.852, 9.1379 ], [ -79.8496, 9.1422 ], [ -79.8499, 9.1431 ], [ -79.8496, 9.1436 ], [ -79.8497, 9.144 ], [ -79.8608, 9.1397 ], [ -79.8707, 9.1493 ], [ -79.8661, 9.1617 ], [ -79.8686, 9.1642 ], [ -79.8645, 9.1638 ], [ -79.8658, 9.1699 ], [ -79.8699, 9.1698 ], [ -79.8703, 9.1715 ], [ -79.8653, 9.1746 ], [ -79.8654, 9.1701 ], [ -79.8629, 9.1758 ], [ -79.8628, 9.1644 ], [ -79.8583, 9.1662 ], [ -79.8589, 9.1699 ], [ -79.8537, 9.1662 ], [ -79.8568, 9.1762 ], [ -79.8493, 9.1733 ], [ -79.8485, 9.1684 ], [ -79.8437, 9.1796 ], [ -79.8419, 9.1688 ] ] ], [ [ [ -79.7971, 9.1746 ], [ -79.7971, 9.1791 ], [ -79.7955, 9.1752 ], [ -79.7939, 9.1763 ], [ -79.7914, 9.1757 ], [ -79.7992, 9.1687 ], [ -79.8064, 9.1751 ], [ -79.8011, 9.1796 ], [ -79.7971, 9.1746 ] ] ], [ [ [ -79.8355, 9.1802 ], [ -79.8352, 9.1803 ], [ -79.8352, 9.1802 ], [ -79.8355, 9.1802 ] ] ], [ [ [ -79.8248, 9.181 ], [ -79.8249, 9.1805 ], [ -79.8252, 9.181 ], [ -79.8248, 9.181 ] ] ], [ [ [ -79.8495, 9.1759 ], [ -79.8523, 9.1778 ], [ -79.8476, 9.1814 ], [ -79.8452, 9.1801 ], [ -79.8495, 9.1759 ] ] ], [ [ [ -79.8808, 9.1785 ], [ -79.88, 9.1747 ], [ -79.8842, 9.171 ], [ -79.8885, 9.172 ], [ -79.8892, 9.1683 ], [ -79.8835, 9.1621 ], [ -79.8851, 9.1673 ], [ -79.8819, 9.1676 ], [ -79.88, 9.1633 ], [ -79.883, 9.1454 ], [ -79.8769, 9.1493 ], [ -79.869, 9.1417 ], [ -79.8758, 9.1364 ], [ -79.8777, 9.1398 ], [ -79.8747, 9.1414 ], [ -79.8801, 9.1435 ], [ -79.8801, 9.1381 ], [ -79.8812, 9.1397 ], [ -79.8831, 9.1379 ], [ -79.8818, 9.1353 ], [ -79.899, 9.1499 ], [ -79.8986, 9.1531 ], [ -79.8975, 9.1514 ], [ -79.896, 9.1515 ], [ -79.8962, 9.1601 ], [ -79.8934, 9.159 ], [ -79.892, 9.1619 ], [ -79.8947, 9.1608 ], [ -79.8959, 9.1644 ], [ -79.8916, 9.1655 ], [ -79.8871, 9.1618 ], [ -79.8913, 9.1666 ], [ -79.895, 9.1666 ], [ -79.8954, 9.1681 ], [ -79.8912, 9.1678 ], [ -79.8934, 9.1705 ], [ -79.8868, 9.1734 ], [ -79.8906, 9.1728 ], [ -79.8885, 9.1773 ], [ -79.8852, 9.1778 ], [ -79.8855, 9.1752 ], [ -79.885, 9.1742 ], [ -79.8825, 9.1781 ], [ -79.8872, 9.1786 ], [ -79.8808, 9.1785 ] ] ], [ [ [ -79.884, 9.1818 ], [ -79.8833, 9.1821 ], [ -79.8826, 9.1817 ], [ -79.884, 9.1818 ] ] ], [ [ [ -79.8334, 9.1824 ], [ -79.8326, 9.1822 ], [ -79.8334, 9.1808 ], [ -79.8334, 9.1824 ] ] ], [ [ [ -79.8827, 9.1822 ], [ -79.8832, 9.1826 ], [ -79.8827, 9.1827 ], [ -79.8827, 9.1822 ] ] ], [ [ [ -79.8196, 9.1848 ], [ -79.8189, 9.1851 ], [ -79.8186, 9.1845 ], [ -79.8196, 9.1848 ] ] ], [ [ [ -79.813, 9.1856 ], [ -79.8129, 9.1858 ], [ -79.8127, 9.1858 ], [ -79.813, 9.1856 ] ] ], [ [ [ -79.8311, 9.1838 ], [ -79.83, 9.1863 ], [ -79.8291, 9.1851 ], [ -79.8311, 9.1838 ] ] ], [ [ [ -79.8163, 9.1874 ], [ -79.8162, 9.1876 ], [ -79.816, 9.1876 ], [ -79.8163, 9.1874 ] ] ], [ [ [ -79.8413, 9.187 ], [ -79.8414, 9.1855 ], [ -79.8432, 9.1868 ], [ -79.8413, 9.187 ] ] ], [ [ [ -79.8362, 9.1879 ], [ -79.8354, 9.1873 ], [ -79.838, 9.1859 ], [ -79.8362, 9.1879 ] ] ], [ [ [ -79.8323, 9.1894 ], [ -79.8318, 9.1895 ], [ -79.8317, 9.1892 ], [ -79.8323, 9.1894 ] ] ], [ [ [ -79.8071, 9.194 ], [ -79.8079, 9.1861 ], [ -79.8106, 9.1874 ], [ -79.8129, 9.1858 ], [ -79.815, 9.1845 ], [ -79.8159, 9.1899 ], [ -79.8177, 9.1856 ], [ -79.8193, 9.1882 ], [ -79.8247, 9.1858 ], [ -79.821, 9.1819 ], [ -79.8276, 9.1817 ], [ -79.8288, 9.1784 ], [ -79.8338, 9.1787 ], [ -79.8295, 9.1804 ], [ -79.8278, 9.1883 ], [ -79.8266, 9.1856 ], [ -79.8157, 9.1919 ], [ -79.8186, 9.1953 ], [ -79.8071, 9.194 ] ] ], [ [ [ -79.815, 9.209 ], [ -79.8175, 9.2051 ], [ -79.8134, 9.2065 ], [ -79.8134, 9.2031 ], [ -79.8158, 9.2046 ], [ -79.8172, 9.2033 ], [ -79.8164, 9.198 ], [ -79.8174, 9.1977 ], [ -79.8173, 9.1997 ], [ -79.8183, 9.2014 ], [ -79.8197, 9.2016 ], [ -79.8181, 9.1982 ], [ -79.8218, 9.194 ], [ -79.8227, 9.1981 ], [ -79.829, 9.1993 ], [ -79.8247, 9.1931 ], [ -79.8354, 9.1953 ], [ -79.8376, 9.1901 ], [ -79.8433, 9.1882 ], [ -79.8473, 9.1898 ], [ -79.8425, 9.1921 ], [ -79.8456, 9.1963 ], [ -79.846, 9.1927 ], [ -79.8504, 9.1923 ], [ -79.8499, 9.1882 ], [ -79.8591, 9.1857 ], [ -79.8581, 9.192 ], [ -79.8534, 9.1897 ], [ -79.8564, 9.1932 ], [ -79.8536, 9.1951 ], [ -79.8549, 9.2002 ], [ -79.8506, 9.1991 ], [ -79.8513, 9.2025 ], [ -79.8381, 9.2058 ], [ -79.8393, 9.2071 ], [ -79.8395, 9.2082 ], [ -79.8363, 9.2066 ], [ -79.8349, 9.2109 ], [ -79.8335, 9.2063 ], [ -79.8308, 9.2067 ], [ -79.833, 9.2119 ], [ -79.8309, 9.2128 ], [ -79.8308, 9.2096 ], [ -79.8279, 9.2102 ], [ -79.8275, 9.2151 ], [ -79.815, 9.209 ] ] ] ] } },
{ "type": "Feature", "properties": { "name": "Cerro Carigüana", "category": "Reserva Hídrica", "iucn": "V", "realm": "100% Land", "hectares": 345.14694212000921, "established": 2001.0, "designation": "National" }, "geometry": { "type": "Polygon", "coordinates": [ [ [ -80.1371, 8.5922 ], [ -80.1321, 8.5872 ], [ -80.1332, 8.5738 ], [ -80.1556, 8.5798 ], [ -80.1476, 8.5923 ], [ -80.1371, 8.5922 ] ] ] } },
{ "type": "Feature", "properties": { "name": "Isla Boná", "category": "Refugio de Vida Silvestre", "iucn": "IV", "realm": "Land and Marine", "hectares": 481.2229692950977, "established": 2019.0, "designation": "National" }, "geometry": { "type": "Polygon", "coordinates": [ [ [ -79.5815, 8.5787 ], [ -79.5883, 8.5636 ], [ -79.6163, 8.5846 ], [ -79.6136, 8.5906 ], [ -79.5815, 8.5787 ] ] ] } },
{ "type": "Feature", "properties": { "name": "Playa Bluff", "category": "Reserva Natural Municipal", "iucn": "Not Reported", "realm": "Land and Marine", "hectares": 198.68446498986586, "established": 1997.0, "designation": "National" }, "geometry": { "type": "Polygon", "coordinates": [ [ [ -82.2555, 9.4214 ], [ -82.2345, 9.3906 ], [ -82.2407, 9.3925 ], [ -82.2529, 9.4087 ], [ -82.2578, 9.4201 ], [ -82.2555, 9.4214 ] ] ] } },
{ "type": "Feature", "properties": { "name": "Banco Volcán", "category": "Área de Recursos Manejados", "iucn": "VI", "realm": "100% Marine", "hectares": 9336679.438762214, "established": 2015.0, "designation": "National" }, "geometry": { "type": "Polygon", "coordinates": [ [ [ -82.175, 10.0 ], [ -81.4355, 10.8179 ], [ -81.2499, 11.0012 ], [ -79.9998, 11.0012 ], [ -79.9998, 11.8345 ], [ -78.9998, 11.8345 ], [ -78.9998, 12.5011 ], [ -77.9998, 12.5011 ], [ -77.8164, 12.3178 ], [ -77.7164, 12.0011 ], [ -77.5664, 11.4512 ], [ -77.2497, 10.4679 ], [ -77.1577, 10.0 ], [ -80.1875, 10.0 ], [ -80.1875, 9.4375 ], [ -80.9375, 9.4375 ], [ -80.9375, 10.0 ], [ -82.175, 10.0 ] ] ] } },
{ "type": "Feature", "properties": { "name": "Cordillera de Coiba", "category": "Área de Recursos Manejados", "iucn": "VI", "realm": "100% Marine", "hectares": 6787835.3178503895, "established": 2015.0, "designation": "National" }, "geometry": { "type": "Polygon", "coordinates": [ [ [ -83.6147, 6.5016 ], [ -80.27, 6.5017 ], [ -80.27, 5.0015 ], [ -84.3166, 5.0015 ], [ -83.6147, 6.5016 ] ] ] } },
{ "type": "Feature", "properties": { "name": "Cuenca del Río Santa María", "category": "Reserva Hidrológica", "iucn": null, "realm": "100% Land", "hectares": 336363.51416789251, "established": 2026.0, "designation": "National" }, "geometry": { "type": "Polygon", "coordinates": [ [ [ -80.8491, 8.5207 ], [ -80.8376, 8.517 ], [ -80.8139, 8.491 ], [ -80.8237, 8.4743 ], [ -80.8163, 8.4686 ], [ -80.8204, 8.4547 ], [ -80.8163, 8.4539 ], [ -80.8131, 8.445 ], [ -80.8029, 8.4389 ], [ -80.7877, 8.4189 ], [ -80.7767, 8.4103 ], [ -80.7685, 8.4177 ], [ -80.7595, 8.4152 ], [ -80.7546, 8.4193 ], [ -80.7493, 8.4164 ], [ -80.7477, 8.4018 ], [ -80.742, 8.3997 ], [ -80.7395, 8.3945 ], [ -80.7395, 8.3835 ], [ -80.7322, 8.3822 ], [ -80.7306, 8.3704 ], [ -80.722, 8.3737 ], [ -80.715, 8.3529 ], [ -80.7056, 8.3517 ], [ -80.7036, 8.344 ], [ -80.6938, 8.3325 ], [ -80.6832, 8.3272 ], [ -80.6864, 8.3195 ], [ -80.6824, 8.3069 ], [ -80.6746, 8.3028 ], [ -80.6689, 8.3061 ], [ -80.6574, 8.3052 ], [ -80.6403, 8.2914 ], [ -80.6231, 8.293 ], [ -80.615, 8.2726 ], [ -80.6015, 8.2686 ], [ -80.5986, 8.2637 ], [ -80.5839, 8.2604 ], [ -80.5762, 8.2523 ], [ -80.5656, 8.2502 ], [ -80.5623, 8.2412 ], [ -80.5476, 8.2298 ], [ -80.546, 8.216 ], [ -80.5493, 8.2123 ], [ -80.5403, 8.2091 ], [ -80.5382, 8.2034 ], [ -80.5235, 8.1952 ], [ -80.5129, 8.1968 ], [ -80.5105, 8.1919 ], [ -80.4797, 8.1846 ], [ -80.4821, 8.18 ], [ -80.489, 8.1806 ], [ -80.4962, 8.174 ], [ -80.5, 8.1749 ], [ -80.4952, 8.1731 ], [ -80.4889, 8.1781 ], [ -80.486, 8.1765 ], [ -80.4888, 8.164 ], [ -80.4859, 8.1285 ], [ -80.478, 8.1023 ], [ -80.4826, 8.0936 ], [ -80.4957, 8.0941 ], [ -80.4853, 8.0896 ], [ -80.4694, 8.0749 ], [ -80.4662, 8.0549 ], [ -80.4763, 8.0462 ], [ -80.5025, 8.0421 ], [ -80.5102, 8.047 ], [ -80.5119, 8.0377 ], [ -80.5164, 8.0332 ], [ -80.5229, 8.0332 ], [ -80.5335, 8.0202 ], [ -80.5568, 8.0129 ], [ -80.5634, 8.0129 ], [ -80.5691, 8.0158 ], [ -80.5691, 8.0194 ], [ -80.5752, 8.0202 ], [ -80.5797, 8.0247 ], [ -80.5805, 8.0325 ], [ -80.594, 8.0292 ], [ -80.5989, 8.0341 ], [ -80.6123, 8.0374 ], [ -80.6177, 8.0235 ], [ -80.6287, 8.0223 ], [ -80.6287, 8.004 ], [ -80.6463, 8.0057 ], [ -80.6532, 7.9975 ], [ -80.6573, 7.9873 ], [ -80.654, 7.9776 ], [ -80.6561, 7.9731 ], [ -80.6651, 7.978 ], [ -80.6773, 7.9731 ], [ -80.6826, 7.9788 ], [ -80.6863, 7.9788 ], [ -80.6888, 7.9739 ], [ -80.6953, 7.9772 ], [ -80.6949, 7.9654 ], [ -80.6998, 7.9621 ], [ -80.6973, 7.9597 ], [ -80.7031, 7.9479 ], [ -80.7116, 7.9512 ], [ -80.7198, 7.9487 ], [ -80.7272, 7.9528 ], [ -80.7378, 7.9479 ], [ -80.7472, 7.9544 ], [ -80.7623, 7.9577 ], [ -80.7635, 7.9626 ], [ -80.7721, 7.9642 ], [ -80.7761, 7.9699 ], [ -80.7802, 7.961 ], [ -80.7855, 7.961 ], [ -80.8088, 7.9756 ], [ -80.8182, 7.9708 ], [ -80.8125, 7.9671 ], [ -80.8129, 7.9545 ], [ -80.8215, 7.9569 ], [ -80.8251, 7.9545 ], [ -80.8305, 7.9602 ], [ -80.839, 7.9577 ], [ -80.8423, 7.961 ], [ -80.8513, 7.961 ], [ -80.8692, 7.948 ], [ -80.8844, 7.9574 ], [ -80.8819, 7.9696 ], [ -80.886, 7.9708 ], [ -80.895, 7.9867 ], [ -80.8909, 7.9915 ], [ -80.8925, 8.005 ], [ -80.9064, 8.0058 ], [ -80.9072, 8.0135 ], [ -80.9133, 8.0139 ], [ -80.9178, 8.02 ], [ -80.9235, 8.042 ], [ -80.9317, 8.0461 ], [ -80.9317, 8.0526 ], [ -80.9391, 8.0591 ], [ -80.9309, 8.0648 ], [ -80.9292, 8.0721 ], [ -80.9341, 8.0746 ], [ -80.9407, 8.0909 ], [ -80.9227, 8.097 ], [ -80.9227, 8.1015 ], [ -80.9256, 8.1051 ], [ -80.9305, 8.1019 ], [ -80.935, 8.1047 ], [ -80.9333, 8.1096 ], [ -80.9382, 8.1116 ], [ -80.9395, 8.1198 ], [ -80.9488, 8.1181 ], [ -80.9517, 8.123 ], [ -80.9689, 8.1304 ], [ -80.9811, 8.1287 ], [ -80.9885, 8.1328 ], [ -80.9901, 8.1377 ], [ -81.0216, 8.1507 ], [ -81.0191, 8.156 ], [ -81.0216, 8.1646 ], [ -81.0265, 8.1658 ], [ -81.0269, 8.1727 ], [ -81.0338, 8.1727 ], [ -81.0297, 8.1845 ], [ -81.033, 8.1902 ], [ -81.0473, 8.1971 ], [ -81.0538, 8.1971 ], [ -81.0571, 8.1922 ], [ -81.0649, 8.1963 ], [ -81.0673, 8.2032 ], [ -81.0902, 8.2285 ], [ -81.0902, 8.2419 ], [ -81.0988, 8.2411 ], [ -81.1053, 8.246 ], [ -81.1176, 8.2386 ], [ -81.1233, 8.2411 ], [ -81.1274, 8.237 ], [ -81.1433, 8.237 ], [ -81.1425, 8.2431 ], [ -81.1482, 8.2496 ], [ -81.1466, 8.2569 ], [ -81.1499, 8.2606 ], [ -81.1531, 8.2602 ], [ -81.1609, 8.2451 ], [ -81.1711, 8.2528 ], [ -81.1695, 8.2594 ], [ -81.1736, 8.261 ], [ -81.1728, 8.2651 ], [ -81.1862, 8.2728 ], [ -81.1936, 8.2817 ], [ -81.2038, 8.2748 ], [ -81.2067, 8.2638 ], [ -81.2152, 8.2638 ], [ -81.2087, 8.2821 ], [ -81.2161, 8.2976 ], [ -81.2104, 8.3066 ], [ -81.2145, 8.3143 ], [ -81.2079, 8.3212 ], [ -81.2079, 8.3294 ], [ -81.2161, 8.3407 ], [ -81.2083, 8.3517 ], [ -81.1973, 8.3534 ], [ -81.2031, 8.3847 ], [ -81.1965, 8.3969 ], [ -81.2018, 8.399 ], [ -81.2051, 8.3965 ], [ -81.2112, 8.4018 ], [ -81.2096, 8.4091 ], [ -81.2137, 8.4189 ], [ -81.2088, 8.4246 ], [ -81.2137, 8.4262 ], [ -81.2145, 8.4376 ], [ -81.2211, 8.4413 ], [ -81.2243, 8.4515 ], [ -81.2154, 8.4702 ], [ -81.2055, 8.4734 ], [ -81.2227, 8.4881 ], [ -81.213, 8.5007 ], [ -81.1945, 8.5015 ], [ -81.1823, 8.4983 ], [ -81.1758, 8.5007 ], [ -81.1738, 8.5081 ], [ -81.1685, 8.5105 ], [ -81.1602, 8.5121 ], [ -81.1566, 8.5089 ], [ -81.1558, 8.5362 ], [ -81.1509, 8.55 ], [ -81.1624, 8.5602 ], [ -81.1591, 8.5638 ], [ -81.1591, 8.5789 ], [ -81.1448, 8.5756 ], [ -81.1395, 8.5809 ], [ -81.1383, 8.5887 ], [ -81.1293, 8.587 ], [ -81.1092, 8.6041 ], [ -81.0965, 8.6017 ], [ -81.0867, 8.6099 ], [ -81.0679, 8.6139 ], [ -81.0573, 8.6229 ], [ -81.054, 8.6204 ], [ -81.036, 8.6261 ], [ -81.0299, 8.6237 ], [ -81.0299, 8.6107 ], [ -81.0217, 8.609 ], [ -81.0225, 8.6042 ], [ -81.0111, 8.5997 ], [ -81.0086, 8.5883 ], [ -80.9968, 8.57 ], [ -80.9849, 8.5732 ], [ -80.9734, 8.5838 ], [ -80.9587, 8.5692 ], [ -80.9563, 8.574 ], [ -80.9501, 8.5732 ], [ -80.9325, 8.5862 ], [ -80.9207, 8.5854 ], [ -80.917, 8.5936 ], [ -80.9051, 8.5895 ], [ -80.8945, 8.5952 ], [ -80.8806, 8.5927 ], [ -80.8753, 8.5797 ], [ -80.8753, 8.5573 ], [ -80.8704, 8.5483 ], [ -80.854, 8.5349 ], [ -80.8491, 8.5207 ] ] ] } },
{ "type": "Feature", "properties": { "name": "Reverendo Padre Jesús Héctor Gallego Herrera", "category": "Parque Nacional", "iucn": "II", "realm": "Land and Marine", "hectares": 89076.750699134951, "established": 2019.0, "designation": "National" }, "geometry": { "type": "Polygon", "coordinates": [ [ [ -80.8924, 8.9101 ], [ -80.87, 8.9093 ], [ -80.8702, 8.8795 ], [ -80.8752, 8.8563 ], [ -80.8647, 8.8467 ], [ -80.8678, 8.8404 ], [ -80.8612, 8.8319 ], [ -80.8525, 8.8302 ], [ -80.8518, 8.8248 ], [ -80.845, 8.8232 ], [ -80.843, 8.8178 ], [ -80.831, 8.8203 ], [ -80.8254, 8.8169 ], [ -80.8315, 8.8151 ], [ -80.8299, 8.8083 ], [ -80.8178, 8.8051 ], [ -80.8128, 8.7975 ], [ -80.8069, 8.8011 ], [ -80.8028, 8.7918 ], [ -80.7764, 8.7974 ], [ -80.7665, 8.7885 ], [ -80.7686, 8.7813 ], [ -80.7658, 8.777 ], [ -80.7619, 8.7795 ], [ -80.7602, 8.7739 ], [ -80.7555, 8.7743 ], [ -80.7559, 8.7672 ], [ -80.7526, 8.7679 ], [ -80.7491, 8.76 ], [ -80.7442, 8.7602 ], [ -80.7428, 8.7553 ], [ -80.7388, 8.7543 ], [ -80.7388, 8.75 ], [ -80.7326, 8.7452 ], [ -80.7342, 8.7414 ], [ -80.7281, 8.7389 ], [ -80.7291, 8.7318 ], [ -80.7252, 8.7304 ], [ -80.749, 8.722 ], [ -80.751, 8.7176 ], [ -80.7572, 8.7165 ], [ -80.7593, 8.7091 ], [ -80.771, 8.7071 ], [ -80.7779, 8.7015 ], [ -80.808, 8.7138 ], [ -80.8169, 8.7047 ], [ -80.8325, 8.6993 ], [ -80.8373, 8.707 ], [ -80.8479, 8.7098 ], [ -80.852, 8.7159 ], [ -80.8547, 8.709 ], [ -80.8649, 8.7063 ], [ -80.8703, 8.6919 ], [ -80.8842, 8.7085 ], [ -80.8966, 8.6919 ], [ -80.9025, 8.6914 ], [ -80.9068, 8.6956 ], [ -80.9272, 8.6887 ], [ -80.9352, 8.7026 ], [ -80.9411, 8.7021 ], [ -80.9519, 8.7133 ], [ -80.9685, 8.7122 ], [ -80.9739, 8.7213 ], [ -80.983, 8.7138 ], [ -80.9938, 8.7149 ], [ -81.0099, 8.7229 ], [ -81.041, 8.7186 ], [ -81.0539, 8.7133 ], [ -81.074, 8.6963 ], [ -81.0805, 8.7028 ], [ -81.0928, 8.7014 ], [ -81.0925, 8.7064 ], [ -81.1076, 8.718 ], [ -81.1179, 8.7017 ], [ -81.1212, 8.6845 ], [ -81.1307, 8.678 ], [ -81.1411, 8.6623 ], [ -81.1363, 8.643 ], [ -81.1399, 8.6274 ], [ -81.1454, 8.6239 ], [ -81.1575, 8.6274 ], [ -81.1624, 8.6213 ], [ -81.1618, 8.6077 ], [ -81.1714, 8.6037 ], [ -81.1773, 8.593 ], [ -81.1698, 8.5781 ], [ -81.1763, 8.569 ], [ -81.1768, 8.5523 ], [ -81.1858, 8.552 ], [ -81.196, 8.5701 ], [ -81.2131, 8.5838 ], [ -81.2123, 8.5881 ], [ -81.2174, 8.5897 ], [ -81.2182, 8.5993 ], [ -81.2113, 8.6162 ], [ -81.2204, 8.6289 ], [ -81.2193, 8.6437 ], [ -81.2239, 8.6549 ], [ -81.2142, 8.6628 ], [ -81.2202, 8.6672 ], [ -81.217, 8.673 ], [ -81.2218, 8.6768 ], [ -81.2186, 8.6868 ], [ -81.2065, 8.6891 ], [ -81.2093, 8.6952 ], [ -81.2064, 8.7012 ], [ -81.2094, 8.7067 ], [ -81.2203, 8.7099 ], [ -81.2159, 8.7204 ], [ -81.2199, 8.7215 ], [ -81.2232, 8.7296 ], [ -81.2214, 8.7481 ], [ -81.2273, 8.748 ], [ -81.2305, 8.7539 ], [ -81.2213, 8.7617 ], [ -81.2303, 8.7709 ], [ -81.2333, 8.7799 ], [ -81.231, 8.7848 ], [ -81.2175, 8.7899 ], [ -81.2175, 8.8127 ], [ -81.2058, 8.8111 ], [ -81.1815, 8.819 ], [ -81.1541, 8.8196 ], [ -81.1173, 8.8314 ], [ -81.0807, 8.8322 ], [ -81.0646, 8.8445 ], [ -81.0497, 8.8465 ], [ -81.03, 8.8551 ], [ -81.0072, 8.856 ], [ -80.9974, 8.8636 ], [ -80.971, 8.8725 ], [ -80.9519, 8.8871 ], [ -80.9223, 8.889 ], [ -80.9045, 8.9055 ], [ -80.8924, 8.9101 ] ] ] } },
{ "type": "Feature", "properties": { "name": "Santa Fé", "category": "Parque Nacional", "iucn": "II", "realm": "100% Land", "hectares": 78321.991314489045, "established": 2001.0, "designation": "National" }, "geometry": { "type": "Polygon", "coordinates": [ [ [ -80.8546, 8.537 ], [ -80.8762, 8.5541 ], [ -80.887, 8.553 ], [ -80.902, 8.5423 ], [ -80.9111, 8.5519 ], [ -80.9095, 8.5557 ], [ -80.9208, 8.5637 ], [ -80.9272, 8.5744 ], [ -80.9433, 8.5797 ], [ -80.9578, 8.5733 ], [ -80.9701, 8.584 ], [ -80.9932, 8.5733 ], [ -81.0034, 8.5557 ], [ -81.0125, 8.5477 ], [ -81.0294, 8.5459 ], [ -81.0426, 8.5509 ], [ -81.0405, 8.5642 ], [ -81.0512, 8.5701 ], [ -81.055, 8.5696 ], [ -81.0609, 8.56 ], [ -81.0678, 8.5664 ], [ -81.0786, 8.5653 ], [ -81.0872, 8.5599 ], [ -81.0882, 8.5416 ], [ -81.0914, 8.5373 ], [ -81.0947, 8.5384 ], [ -81.0961, 8.5333 ], [ -81.1034, 8.5432 ], [ -81.1122, 8.5413 ], [ -81.116, 8.5465 ], [ -81.1354, 8.5404 ], [ -81.1301, 8.5247 ], [ -81.1226, 8.5193 ], [ -81.1188, 8.5017 ], [ -81.0995, 8.4958 ], [ -81.093, 8.4857 ], [ -81.0952, 8.4782 ], [ -81.1091, 8.475 ], [ -81.1236, 8.4782 ], [ -81.1859, 8.4589 ], [ -81.1859, 8.5 ], [ -81.175, 8.5024 ], [ -81.171, 8.5105 ], [ -81.1581, 8.5131 ], [ -81.1553, 8.5174 ], [ -81.1666, 8.5495 ], [ -81.1768, 8.5523 ], [ -81.1763, 8.569 ], [ -81.1698, 8.5781 ], [ -81.1773, 8.593 ], [ -81.1714, 8.6037 ], [ -81.1618, 8.6077 ], [ -81.1624, 8.6213 ], [ -81.1575, 8.6274 ], [ -81.1454, 8.6239 ], [ -81.1399, 8.6274 ], [ -81.1363, 8.643 ], [ -81.1411, 8.6623 ], [ -81.1307, 8.678 ], [ -81.1212, 8.6845 ], [ -81.1179, 8.7017 ], [ -81.1076, 8.718 ], [ -81.0925, 8.7064 ], [ -81.0928, 8.7014 ], [ -81.0805, 8.7028 ], [ -81.074, 8.6963 ], [ -81.0539, 8.7133 ], [ -81.041, 8.7186 ], [ -81.0099, 8.7229 ], [ -80.9938, 8.7149 ], [ -80.983, 8.7138 ], [ -80.9739, 8.7213 ], [ -80.9685, 8.7122 ], [ -80.9519, 8.7133 ], [ -80.9411, 8.7021 ], [ -80.9352, 8.7026 ], [ -80.9272, 8.6887 ], [ -80.9068, 8.6956 ], [ -80.9025, 8.6914 ], [ -80.8966, 8.6919 ], [ -80.8842, 8.7085 ], [ -80.8703, 8.6919 ], [ -80.8649, 8.7063 ], [ -80.8547, 8.709 ], [ -80.852, 8.7159 ], [ -80.8309, 8.6991 ], [ -80.8167, 8.7048 ], [ -80.808, 8.7138 ], [ -80.7822, 8.7015 ], [ -80.7601, 8.7086 ], [ -80.7568, 8.6936 ], [ -80.7491, 8.6836 ], [ -80.7498, 8.6751 ], [ -80.7378, 8.6746 ], [ -80.731, 8.6638 ], [ -80.7293, 8.6459 ], [ -80.7336, 8.6388 ], [ -80.7539, 8.6265 ], [ -80.7566, 8.6187 ], [ -80.749, 8.6035 ], [ -80.7518, 8.5945 ], [ -80.7607, 8.5932 ], [ -80.7704, 8.585 ], [ -80.7788, 8.5741 ], [ -80.7848, 8.5568 ], [ -80.7917, 8.5549 ], [ -80.814, 8.5647 ], [ -80.8253, 8.5521 ], [ -80.8356, 8.5475 ], [ -80.8275, 8.5394 ], [ -80.8307, 8.533 ], [ -80.852, 8.5288 ], [ -80.8546, 8.537 ] ] ] } },
{ "type": "Feature", "properties": { "name": "General de División Omar Torrijos Herrera", "category": "Parque Nacional", "iucn": "II", "realm": "100% Land", "hectares": 25900.034217043809, "established": 1986.0, "designation": "National" }, "geometry": { "type": "Polygon", "coordinates": [ [ [ -80.759, 8.5931 ], [ -80.752, 8.5943 ], [ -80.749, 8.6026 ], [ -80.7567, 8.6191 ], [ -80.7524, 8.6294 ], [ -80.7336, 8.6388 ], [ -80.7293, 8.6459 ], [ -80.731, 8.6638 ], [ -80.7378, 8.6746 ], [ -80.7498, 8.6751 ], [ -80.7491, 8.6836 ], [ -80.7568, 8.6936 ], [ -80.7605, 8.7079 ], [ -80.7551, 8.7185 ], [ -80.7512, 8.7175 ], [ -80.749, 8.722 ], [ -80.7252, 8.7304 ], [ -80.7292, 8.7319 ], [ -80.729, 8.7416 ], [ -80.6527, 8.7415 ], [ -80.6527, 8.7357 ], [ -80.6322, 8.7268 ], [ -80.5616, 8.721 ], [ -80.5188, 8.7014 ], [ -80.4915, 8.7091 ], [ -80.4626, 8.7114 ], [ -80.4587, 8.705 ], [ -80.4831, 8.6729 ], [ -80.5599, 8.6779 ], [ -80.6019, 8.6526 ], [ -80.6399, 8.6458 ], [ -80.676, 8.6512 ], [ -80.6833, 8.6276 ], [ -80.7113, 8.6102 ], [ -80.7297, 8.5925 ], [ -80.7389, 8.5902 ], [ -80.7624, 8.5714 ], [ -80.7705, 8.5696 ], [ -80.7846, 8.557 ], [ -80.7787, 8.5743 ], [ -80.759, 8.5931 ] ] ] } },
{ "type": "Feature", "properties": { "name": "Subcuenca del Río Mensabé", "category": "Área de Uso Múltiple", "iucn": null, "realm": "100% Land", "hectares": 19594.181884268855, "established": 2008.0, "designation": "National" }, "geometry": { "type": "Polygon", "coordinates": [ [ [ -80.1616, 7.7579 ], [ -80.1651, 7.7552 ], [ -80.1642, 7.75 ], [ -80.1559, 7.7516 ], [ -80.1468, 7.7454 ], [ -80.1607, 7.7228 ], [ -80.165, 7.7234 ], [ -80.1732, 7.7159 ], [ -80.1698, 7.7091 ], [ -80.1703, 7.7023 ], [ -80.1734, 7.7006 ], [ -80.1696, 7.6958 ], [ -80.1764, 7.6971 ], [ -80.1785, 7.6896 ], [ -80.1776, 7.6828 ], [ -80.173, 7.6796 ], [ -80.1806, 7.6673 ], [ -80.1854, 7.6666 ], [ -80.1903, 7.6521 ], [ -80.2061, 7.6499 ], [ -80.2075, 7.6524 ], [ -80.2113, 7.6527 ], [ -80.2156, 7.6323 ], [ -80.2313, 7.6243 ], [ -80.2348, 7.6129 ], [ -80.2349, 7.6128 ], [ -80.2348, 7.6128 ], [ -80.2233, 7.5929 ], [ -80.2236, 7.5863 ], [ -80.2315, 7.5866 ], [ -80.2364, 7.5821 ], [ -80.2403, 7.5881 ], [ -80.2384, 7.6018 ], [ -80.2422, 7.6032 ], [ -80.243, 7.6089 ], [ -80.2568, 7.6177 ], [ -80.2617, 7.6143 ], [ -80.2694, 7.6173 ], [ -80.2718, 7.6227 ], [ -80.2779, 7.6234 ], [ -80.2855, 7.6365 ], [ -80.2916, 7.6332 ], [ -80.2935, 7.6255 ], [ -80.2988, 7.6299 ], [ -80.297, 7.6342 ], [ -80.2996, 7.6369 ], [ -80.3122, 7.6359 ], [ -80.3209, 7.6525 ], [ -80.3439, 7.6479 ], [ -80.3426, 7.6574 ], [ -80.324, 7.667 ], [ -80.3206, 7.6763 ], [ -80.3248, 7.6905 ], [ -80.3219, 7.6907 ], [ -80.3196, 7.7013 ], [ -80.3254, 7.7084 ], [ -80.2999, 7.7133 ], [ -80.2922, 7.7225 ], [ -80.2783, 7.718 ], [ -80.2659, 7.7221 ], [ -80.2538, 7.7171 ], [ -80.2499, 7.72 ], [ -80.2449, 7.7238 ], [ -80.2413, 7.7331 ], [ -80.2375, 7.7372 ], [ -80.2329, 7.7372 ], [ -80.2272, 7.746 ], [ -80.2135, 7.7445 ], [ -80.2139, 7.7519 ], [ -80.2104, 7.7554 ], [ -80.2007, 7.7528 ], [ -80.1994, 7.7572 ], [ -80.1892, 7.7606 ], [ -80.1908, 7.7665 ], [ -80.1851, 7.7664 ], [ -80.1835, 7.7705 ], [ -80.1754, 7.7671 ], [ -80.1742, 7.7604 ], [ -80.1616, 7.7579 ] ], [ [ -80.2499, 7.7199 ], [ -80.2498, 7.72 ], [ -80.2499, 7.72 ], [ -80.2499, 7.7199 ] ] ] } },
{ "type": "Feature", "properties": { "name": "Micro Cuenca del Río Cacao", "category": "Reserva Hidrológica", "iucn": null, "realm": "100% Land", "hectares": 6044.2818602601365, "established": 2007.0, "designation": "National" }, "geometry": { "type": "Polygon", "coordinates": [ [ [ -80.5244, 7.721 ], [ -80.4968, 7.7039 ], [ -80.4908, 7.7043 ], [ -80.49, 7.6959 ], [ -80.4646, 7.681 ], [ -80.4623, 7.6748 ], [ -80.4646, 7.664 ], [ -80.4566, 7.6586 ], [ -80.4573, 7.6498 ], [ -80.4506, 7.651 ], [ -80.4357, 7.6431 ], [ -80.4352, 7.6391 ], [ -80.4402, 7.6383 ], [ -80.4326, 7.6261 ], [ -80.436, 7.6141 ], [ -80.4507, 7.6104 ], [ -80.4544, 7.616 ], [ -80.4629, 7.6194 ], [ -80.4677, 7.6204 ], [ -80.4716, 7.6161 ], [ -80.4859, 7.6218 ], [ -80.4988, 7.6354 ], [ -80.507, 7.6324 ], [ -80.5053, 7.6684 ], [ -80.5162, 7.6706 ], [ -80.5266, 7.6944 ], [ -80.5339, 7.7009 ], [ -80.5298, 7.7083 ], [ -80.5343, 7.7203 ], [ -80.5244, 7.721 ] ] ] } },
{ "type": "Feature", "properties": { "name": "Isla Iguana", "category": "Refugio de Vida Silvestre", "iucn": null, "realm": "Marine", "hectares": 650.94982507308885, "established": 1989.0, "designation": "National" }, "geometry": { "type": "Polygon", "coordinates": [ [ [ -80.0041, 7.6485 ], [ -79.9851, 7.6485 ], [ -79.9852, 7.6203 ], [ -80.004, 7.6202 ], [ -80.0041, 7.6485 ] ] ] } },
{ "type": "Feature", "properties": { "name": "Playa La Marinera", "category": "Zona de Reserva", "iucn": "No Applicable", "realm": "100% Marine", "hectares": 937.32041549995313, "established": 2010.0, "designation": "National" }, "geometry": { "type": "Polygon", "coordinates": [ [ [ -80.421, 7.2665 ], [ -80.3784, 7.2579 ], [ -80.3845, 7.2404 ], [ -80.4258, 7.2512 ], [ -80.4254, 7.2603 ], [ -80.421, 7.2665 ] ] ] } },
{ "type": "Feature", "properties": { "name": "Tonosí", "category": "Reserva Forestal", "iucn": "VI", "realm": "100% Land", "hectares": 1661.4941093736697, "established": 1960.0, "designation": "National" }, "geometry": { "type": "Polygon", "coordinates": [ [ [ -80.6182, 7.2954 ], [ -80.6071, 7.3166 ], [ -80.6053, 7.3061 ], [ -80.5942, 7.2916 ], [ -80.5961, 7.2877 ], [ -80.5897, 7.2856 ], [ -80.5932, 7.2674 ], [ -80.5873, 7.2679 ], [ -80.5858, 7.2614 ], [ -80.5791, 7.2585 ], [ -80.5798, 7.2559 ], [ -80.6051, 7.253 ], [ -80.6045, 7.2308 ], [ -80.6141, 7.2328 ], [ -80.6124, 7.2714 ], [ -80.6182, 7.2954 ] ] ] } },
{ "type": "Feature", "properties": { "name": "Cerro Hoya", "category": "Parque Nacional", "iucn": "II", "realm": "Land and Marine", "hectares": 33927.174367089166, "established": 1984.0, "designation": "National" }, "geometry": { "type": "Polygon", "coordinates": [ [ [ -80.6514, 7.3748 ], [ -80.6049, 7.3703 ], [ -80.6071, 7.317 ], [ -80.6174, 7.2974 ], [ -80.6494, 7.2734 ], [ -80.7882, 7.2551 ], [ -80.7876, 7.2428 ], [ -80.7958, 7.2327 ], [ -80.7911, 7.2253 ], [ -80.7915, 7.188 ], [ -80.8999, 7.188 ], [ -80.9199, 7.2247 ], [ -80.8998, 7.2448 ], [ -80.8897, 7.242 ], [ -80.8467, 7.3072 ], [ -80.8282, 7.3154 ], [ -80.8151, 7.3129 ], [ -80.8058, 7.3054 ], [ -80.7119, 7.3689 ], [ -80.7121, 7.3593 ], [ -80.6964, 7.3606 ], [ -80.6911, 7.3575 ], [ -80.6514, 7.3748 ] ] ] } },
{ "type": "Feature", "properties": { "name": "San San Pond Sak", "category": "Humedal de Importancia Internacional", "iucn": "Not Reported", "realm": "Land and Marine", "hectares": 32368.808687417251, "established": 1994.0, "designation": "International" }, "geometry": { "type": "Polygon", "coordinates": [ [ [ -82.3685, 9.4996 ], [ -82.3552, 9.4343 ], [ -82.3474, 9.3038 ], [ -82.3443, 9.297 ], [ -82.3574, 9.294 ], [ -82.3576, 9.2835 ], [ -82.3626, 9.2838 ], [ -82.3654, 9.2795 ], [ -82.3849, 9.2862 ], [ -82.386, 9.2998 ], [ -82.3811, 9.3042 ], [ -82.4074, 9.3257 ], [ -82.403, 9.3352 ], [ -82.4263, 9.358 ], [ -82.4485, 9.3699 ], [ -82.4735, 9.395 ], [ -82.475, 9.4045 ], [ -82.4656, 9.4246 ], [ -82.4487, 9.4288 ], [ -82.4505, 9.4381 ], [ -82.4612, 9.4491 ], [ -82.4582, 9.4512 ], [ -82.4715, 9.4597 ], [ -82.4683, 9.4661 ], [ -82.4804, 9.4857 ], [ -82.5081, 9.4939 ], [ -82.5109, 9.4902 ], [ -82.5217, 9.4909 ], [ -82.5249, 9.4835 ], [ -82.5351, 9.478 ], [ -82.538, 9.469 ], [ -82.55, 9.4659 ], [ -82.548, 9.4702 ], [ -82.5684, 9.479 ], [ -82.558, 9.5095 ], [ -82.558, 9.5251 ], [ -82.5488, 9.5251 ], [ -82.5504, 9.5349 ], [ -82.5428, 9.5475 ], [ -82.5544, 9.5582 ], [ -82.5634, 9.5599 ], [ -82.5644, 9.5703 ], [ -82.3685, 9.4996 ] ] ] } },
{ "type": "Feature", "properties": { "name": "Palo Seco", "category": "Bosque Protector", "iucn": "V", "realm": "100% Land", "hectares": 165946.97722333504, "established": 1983.0, "designation": "National" }, "geometry": { "type": "Polygon", "coordinates": [ [ [ -82.3591, 8.8235 ], [ -82.3541, 8.8424 ], [ -82.3505, 8.8451 ], [ -82.3495, 8.8791 ], [ -82.3349, 8.8902 ], [ -82.3368, 8.9066 ], [ -82.3574, 8.898 ], [ -82.3785, 8.9004 ], [ -82.3942, 8.9089 ], [ -82.4038, 8.9085 ], [ -82.4143, 8.9042 ], [ -82.4184, 8.8951 ], [ -82.4322, 8.8871 ], [ -82.4562, 8.8957 ], [ -82.4558, 8.9237 ], [ -82.4919, 8.9403 ], [ -82.4911, 8.9539 ], [ -82.4759, 8.9681 ], [ -82.4843, 8.9767 ], [ -82.4922, 8.9755 ], [ -82.5143, 8.9854 ], [ -82.5202, 8.977 ], [ -82.5421, 8.97 ], [ -82.5588, 9.0073 ], [ -82.5608, 9.0056 ], [ -82.5822, 9.0156 ], [ -82.5949, 9.013 ], [ -82.6008, 9.0066 ], [ -82.6036, 9.0088 ], [ -82.6089, 9.0059 ], [ -82.6256, 9.0131 ], [ -82.6591, 9.0083 ], [ -82.6583, 9.0259 ], [ -82.673, 9.0425 ], [ -82.6682, 9.0397 ], [ -82.6511, 9.0502 ], [ -82.6439, 9.0458 ], [ -82.6182, 9.0468 ], [ -82.6068, 9.0358 ], [ -82.5935, 9.0564 ], [ -82.5447, 9.0388 ], [ -82.5363, 9.0444 ], [ -82.5257, 9.0403 ], [ -82.5172, 9.0422 ], [ -82.5284, 9.0596 ], [ -82.5337, 9.0826 ], [ -82.5304, 9.0889 ], [ -82.5372, 9.0965 ], [ -82.5283, 9.1034 ], [ -82.5258, 9.1 ], [ -82.5312, 9.1092 ], [ -82.524, 9.1142 ], [ -82.5213, 9.1213 ], [ -82.5337, 9.1309 ], [ -82.5372, 9.1409 ], [ -82.5454, 9.1439 ], [ -82.5531, 9.1524 ], [ -82.5592, 9.1532 ], [ -82.5517, 9.1547 ], [ -82.5419, 9.1671 ], [ -82.5349, 9.1657 ], [ -82.5271, 9.1708 ], [ -82.5197, 9.1889 ], [ -82.5111, 9.1976 ], [ -82.5239, 9.2123 ], [ -82.5172, 9.2265 ], [ -82.5237, 9.2464 ], [ -82.5309, 9.2476 ], [ -82.5274, 9.2508 ], [ -82.5284, 9.2577 ], [ -82.5688, 9.2749 ], [ -82.5656, 9.2706 ], [ -82.5652, 9.2508 ], [ -82.584, 9.2264 ], [ -82.5987, 9.223 ], [ -82.6349, 9.2031 ], [ -82.6627, 9.2206 ], [ -82.6663, 9.2305 ], [ -82.6611, 9.2483 ], [ -82.6667, 9.2513 ], [ -82.6661, 9.2768 ], [ -82.6697, 9.2835 ], [ -82.6548, 9.3093 ], [ -82.6578, 9.3145 ], [ -82.6541, 9.3191 ], [ -82.6631, 9.3204 ], [ -82.6674, 9.3169 ], [ -82.6773, 9.326 ], [ -82.6829, 9.3255 ], [ -82.6878, 9.3332 ], [ -82.694, 9.324 ], [ -82.7066, 9.3329 ], [ -82.7169, 9.3261 ], [ -82.7289, 9.3427 ], [ -82.739, 9.3315 ], [ -82.7394, 9.4245 ], [ -82.724, 9.4291 ], [ -82.6464, 9.3996 ], [ -82.5793, 9.3434 ], [ -82.5013, 9.3039 ], [ -82.4661, 9.2783 ], [ -82.3967, 9.2185 ], [ -82.3967, 9.2108 ], [ -82.3884, 9.2013 ], [ -82.4045, 9.1789 ], [ -82.3938, 9.1708 ], [ -82.3912, 9.1551 ], [ -82.3777, 9.1438 ], [ -82.391, 9.1498 ], [ -82.3967, 9.1618 ], [ -82.3896, 9.1391 ], [ -82.3771, 9.1288 ], [ -82.3788, 9.1248 ], [ -82.37, 9.1198 ], [ -82.3771, 9.1183 ], [ -82.373, 9.1152 ], [ -82.383, 9.1173 ], [ -82.3815, 9.1211 ], [ -82.3851, 9.1262 ], [ -82.3935, 9.1305 ], [ -82.3945, 9.1352 ], [ -82.4031, 9.1373 ], [ -82.404, 9.1429 ], [ -82.3953, 9.1429 ], [ -82.401, 9.1565 ], [ -82.4013, 9.1462 ], [ -82.4043, 9.1455 ], [ -82.4086, 9.1515 ], [ -82.407, 9.1375 ], [ -82.4163, 9.1412 ], [ -82.4091, 9.1331 ], [ -82.4043, 9.1348 ], [ -82.4, 9.1281 ], [ -82.4035, 9.1272 ], [ -82.4016, 9.1234 ], [ -82.4119, 9.1212 ], [ -82.4066, 9.1199 ], [ -82.4115, 9.1161 ], [ -82.4046, 9.1174 ], [ -82.4052, 9.1119 ], [ -82.4019, 9.1107 ], [ -82.404, 9.1099 ], [ -82.4048, 9.1037 ], [ -82.3998, 9.0997 ], [ -82.4036, 9.1055 ], [ -82.3989, 9.1131 ], [ -82.4038, 9.1129 ], [ -82.4026, 9.1193 ], [ -82.3928, 9.1245 ], [ -82.396, 9.1212 ], [ -82.3945, 9.1149 ], [ -82.3881, 9.1088 ], [ -82.3877, 9.1032 ], [ -82.3822, 9.1027 ], [ -82.3866, 9.0979 ], [ -82.3786, 9.1009 ], [ -82.3752, 9.0966 ], [ -82.3802, 9.0913 ], [ -82.3774, 9.0897 ], [ -82.3786, 9.0839 ], [ -82.3732, 9.0928 ], [ -82.3682, 9.091 ], [ -82.3678, 9.0874 ], [ -82.3716, 9.0857 ], [ -82.3687, 9.082 ], [ -82.3639, 9.0836 ], [ -82.3627, 9.0775 ], [ -82.3696, 9.0768 ], [ -82.373, 9.0702 ], [ -82.363, 9.0723 ], [ -82.3623, 9.0684 ], [ -82.3688, 9.068 ], [ -82.3708, 9.0637 ], [ -82.3615, 9.0651 ], [ -82.3626, 9.0509 ], [ -82.3663, 9.0505 ], [ -82.3622, 9.0486 ], [ -82.3605, 9.0421 ], [ -82.3547, 9.0647 ], [ -82.3477, 9.0505 ], [ -82.3446, 9.058 ], [ -82.3477, 9.0588 ], [ -82.3494, 9.0671 ], [ -82.3463, 9.0683 ], [ -82.342, 9.0621 ], [ -82.3354, 9.0697 ], [ -82.3384, 9.0712 ], [ -82.3355, 9.0768 ], [ -82.3415, 9.0684 ], [ -82.3432, 9.0725 ], [ -82.3504, 9.0721 ], [ -82.3381, 9.0804 ], [ -82.34, 9.0854 ], [ -82.3511, 9.0799 ], [ -82.3465, 9.0922 ], [ -82.3357, 9.0954 ], [ -82.3414, 9.0988 ], [ -82.3373, 9.1064 ], [ -82.345, 9.1122 ], [ -82.3366, 9.1222 ], [ -82.3399, 9.1259 ], [ -82.3353, 9.1297 ], [ -82.3363, 9.1404 ], [ -82.3328, 9.1421 ], [ -82.3307, 9.1381 ], [ -82.3276, 9.1427 ], [ -82.3184, 9.1426 ], [ -82.3161, 9.1362 ], [ -82.3251, 9.1322 ], [ -82.322, 9.1279 ], [ -82.3253, 9.1246 ], [ -82.3169, 9.122 ], [ -82.3167, 9.1175 ], [ -82.3225, 9.115 ], [ -82.3161, 9.1143 ], [ -82.3117, 9.1214 ], [ -82.3143, 9.1274 ], [ -82.311, 9.1289 ], [ -82.3093, 9.1253 ], [ -82.3141, 9.1145 ], [ -82.3121, 9.1083 ], [ -82.3165, 9.1063 ], [ -82.3145, 9.103 ], [ -82.3206, 9.1033 ], [ -82.3186, 9.0908 ], [ -82.3098, 9.096 ], [ -82.3093, 9.1016 ], [ -82.3058, 9.0997 ], [ -82.3067, 9.0928 ], [ -82.3014, 9.0941 ], [ -82.3038, 9.0921 ], [ -82.3011, 9.0887 ], [ -82.2865, 9.0821 ], [ -82.3157, 9.0799 ], [ -82.313, 9.0753 ], [ -82.3178, 9.0755 ], [ -82.3201, 9.0716 ], [ -82.3197, 9.0789 ], [ -82.3242, 9.0799 ], [ -82.3241, 9.0765 ], [ -82.3318, 9.0726 ], [ -82.3347, 9.0563 ], [ -82.3251, 9.0519 ], [ -82.332, 9.0526 ], [ -82.3341, 9.0494 ], [ -82.3262, 9.0475 ], [ -82.3249, 9.0451 ], [ -82.3299, 9.0412 ], [ -82.3258, 9.0415 ], [ -82.3256, 9.0384 ], [ -82.3215, 9.042 ], [ -82.3214, 9.0352 ], [ -82.3172, 9.0387 ], [ -82.3131, 9.0267 ], [ -82.318, 9.0283 ], [ -82.3198, 9.0242 ], [ -82.3272, 9.0223 ], [ -82.3306, 9.0263 ], [ -82.3398, 9.02 ], [ -82.3415, 9.0261 ], [ -82.3507, 9.0295 ], [ -82.3471, 9.0233 ], [ -82.3535, 9.0228 ], [ -82.3528, 9.0263 ], [ -82.3591, 9.0243 ], [ -82.3531, 9.017 ], [ -82.3588, 9.0156 ], [ -82.3527, 9.0106 ], [ -82.3545, 9.0053 ], [ -82.3605, 9.0054 ], [ -82.3656, 9.0114 ], [ -82.3647, 9.0039 ], [ -82.3715, 9.0039 ], [ -82.3673, 8.9964 ], [ -82.3603, 8.9995 ], [ -82.3585, 8.9953 ], [ -82.3671, 8.9882 ], [ -82.3794, 8.9909 ], [ -82.3837, 8.9889 ], [ -82.374, 8.9867 ], [ -82.3659, 8.9778 ], [ -82.362, 8.9852 ], [ -82.3567, 8.9859 ], [ -82.3569, 8.9903 ], [ -82.3405, 9.0016 ], [ -82.3503, 8.9897 ], [ -82.3545, 8.9759 ], [ -82.3474, 8.9853 ], [ -82.3416, 8.9854 ], [ -82.3418, 8.9911 ], [ -82.3366, 8.9937 ], [ -82.3308, 8.9842 ], [ -82.3293, 8.9948 ], [ -82.3321, 8.9993 ], [ -82.3272, 9.001 ], [ -82.3231, 8.996 ], [ -82.3175, 8.9998 ], [ -82.318, 8.9962 ], [ -82.3133, 8.9981 ], [ -82.3092, 8.9924 ], [ -82.3082, 8.9844 ], [ -82.3058, 8.9863 ], [ -82.3026, 8.9824 ], [ -82.3039, 8.9733 ], [ -82.2999, 8.9769 ], [ -82.2986, 8.9969 ], [ -82.3065, 9.0105 ], [ -82.3012, 9.0126 ], [ -82.2943, 9.0025 ], [ -82.291, 9.0025 ], [ -82.2897, 9.0088 ], [ -82.2878, 9.0007 ], [ -82.2844, 9.0026 ], [ -82.2827, 8.9968 ], [ -82.2794, 8.9967 ], [ -82.2795, 9.0011 ], [ -82.2773, 8.9985 ], [ -82.2738, 9.0013 ], [ -82.2718, 8.992 ], [ -82.265, 8.9943 ], [ -82.2589, 8.9827 ], [ -82.2558, 8.9925 ], [ -82.2392, 8.9878 ], [ -82.2392, 8.983 ], [ -82.2448, 8.9797 ], [ -82.2454, 8.9687 ], [ -82.2402, 8.9758 ], [ -82.2287, 8.973 ], [ -82.2304, 8.9799 ], [ -82.2244, 8.9813 ], [ -82.2161, 8.971 ], [ -82.2129, 8.9599 ], [ -82.2095, 8.9596 ], [ -82.21, 8.9507 ], [ -82.2024, 8.9514 ], [ -82.204, 8.937 ], [ -82.1986, 8.9271 ], [ -82.2056, 8.9299 ], [ -82.2043, 8.9344 ], [ -82.2085, 8.9393 ], [ -82.2087, 8.9326 ], [ -82.2112, 8.9358 ], [ -82.2154, 8.9315 ], [ -82.2113, 8.9297 ], [ -82.2143, 8.9254 ], [ -82.2097, 8.9183 ], [ -82.1999, 8.9093 ], [ -82.2099, 8.9064 ], [ -82.2172, 8.9101 ], [ -82.2182, 8.9064 ], [ -82.2234, 8.915 ], [ -82.2357, 8.9172 ], [ -82.236, 8.9103 ], [ -82.2298, 8.9069 ], [ -82.2323, 8.9052 ], [ -82.2275, 8.901 ], [ -82.2302, 8.8972 ], [ -82.2243, 8.888 ], [ -82.2306, 8.8816 ], [ -82.2381, 8.8879 ], [ -82.231, 8.8763 ], [ -82.2327, 8.8671 ], [ -82.24, 8.8614 ], [ -82.2272, 8.8667 ], [ -82.2272, 8.8727 ], [ -82.2205, 8.8812 ], [ -82.212, 8.876 ], [ -82.2129, 8.8826 ], [ -82.2088, 8.8861 ], [ -82.2057, 8.8829 ], [ -82.2086, 8.8806 ], [ -82.2069, 8.8745 ], [ -82.2036, 8.8758 ], [ -82.2035, 8.8698 ], [ -82.1981, 8.8683 ], [ -82.2006, 8.8656 ], [ -82.195, 8.8633 ], [ -82.1995, 8.8517 ], [ -82.2033, 8.8531 ], [ -82.2061, 8.8486 ], [ -82.2105, 8.8496 ], [ -82.2093, 8.8456 ], [ -82.2138, 8.8459 ], [ -82.2111, 8.8417 ], [ -82.1936, 8.849 ], [ -82.1947, 8.8435 ], [ -82.1984, 8.8423 ], [ -82.1925, 8.8387 ], [ -82.1872, 8.8439 ], [ -82.1803, 8.8241 ], [ -82.1738, 8.8207 ], [ -82.178, 8.8457 ], [ -82.1595, 8.8407 ], [ -82.1567, 8.8323 ], [ -82.1542, 8.8385 ], [ -82.1442, 8.8366 ], [ -82.1439, 8.8337 ], [ -82.1323, 8.834 ], [ -82.1359, 8.8425 ], [ -82.1216, 8.8484 ], [ -82.1187, 8.8393 ], [ -82.1233, 8.8383 ], [ -82.1191, 8.8359 ], [ -82.1205, 8.8325 ], [ -82.1156, 8.8337 ], [ -82.1091, 8.8205 ], [ -82.1092, 8.8324 ], [ -82.1045, 8.8368 ], [ -82.1085, 8.84 ], [ -82.1064, 8.8427 ], [ -82.0969, 8.8406 ], [ -82.0988, 8.8469 ], [ -82.0915, 8.8467 ], [ -82.0949, 8.8543 ], [ -82.0863, 8.8528 ], [ -82.0779, 8.8541 ], [ -82.0762, 8.858 ], [ -82.0665, 8.8572 ], [ -82.0662, 8.8647 ], [ -82.0552, 8.8704 ], [ -82.051, 8.8659 ], [ -82.0609, 8.8563 ], [ -82.0539, 8.8573 ], [ -82.0478, 8.8532 ], [ -82.0508, 8.8476 ], [ -82.0427, 8.8497 ], [ -82.0381, 8.8428 ], [ -82.0416, 8.8373 ], [ -82.045, 8.8389 ], [ -82.0476, 8.8324 ], [ -82.0528, 8.8369 ], [ -82.0547, 8.8333 ], [ -82.0603, 8.8353 ], [ -82.0635, 8.8405 ], [ -82.0688, 8.8332 ], [ -82.0715, 8.8408 ], [ -82.0779, 8.8282 ], [ -82.0738, 8.8224 ], [ -82.0775, 8.8214 ], [ -82.0667, 8.8185 ], [ -82.0632, 8.821 ], [ -82.0673, 8.8154 ], [ -82.0667, 8.8121 ], [ -82.0631, 8.8128 ], [ -82.0674, 8.8037 ], [ -82.0737, 8.8058 ], [ -82.0788, 8.7981 ], [ -82.0628, 8.8021 ], [ -82.0609, 8.7974 ], [ -82.0579, 8.8058 ], [ -82.0521, 8.8011 ], [ -82.0505, 8.8038 ], [ -82.0467, 8.8021 ], [ -82.037, 8.7923 ], [ -82.0409, 8.8027 ], [ -82.038, 8.8057 ], [ -82.0338, 8.8016 ], [ -82.0207, 8.7989 ], [ -82.0189, 8.7927 ], [ -82.0146, 8.7991 ], [ -81.9978, 8.8016 ], [ -81.9908, 8.7948 ], [ -81.9909, 8.7789 ], [ -81.985, 8.7726 ], [ -81.9961, 8.7742 ], [ -81.9868, 8.7632 ], [ -81.9878, 8.7571 ], [ -81.9953, 8.759 ], [ -81.9906, 8.7506 ], [ -81.9932, 8.738 ], [ -82.0131, 8.725 ], [ -82.0269, 8.73 ], [ -82.0464, 8.7234 ], [ -82.066, 8.6906 ], [ -82.0724, 8.6853 ], [ -82.0818, 8.6585 ], [ -82.0947, 8.6497 ], [ -82.0942, 8.6442 ], [ -82.1013, 8.6438 ], [ -82.1127, 8.6496 ], [ -82.1188, 8.6452 ], [ -82.1228, 8.6479 ], [ -82.1118, 8.7626 ], [ -82.1144, 8.7664 ], [ -82.1191, 8.7694 ], [ -82.1265, 8.7668 ], [ -82.164, 8.7699 ], [ -82.1675, 8.7662 ], [ -82.1818, 8.764 ], [ -82.185, 8.7713 ], [ -82.1964, 8.771 ], [ -82.2176, 8.7865 ], [ -82.2282, 8.7857 ], [ -82.2364, 8.7742 ], [ -82.2537, 8.7813 ], [ -82.2683, 8.7798 ], [ -82.2777, 8.784 ], [ -82.307, 8.7845 ], [ -82.3178, 8.7921 ], [ -82.3202, 8.7986 ], [ -82.3415, 8.8026 ], [ -82.3441, 8.8 ], [ -82.3591, 8.8235 ] ] ] } },
{ "type": "Feature", "properties": { "name": "Volcan Barú", "category": "Parque Nacional", "iucn": "II", "realm": "100% Land", "hectares": 7058.6226961918492, "established": 1976.0, "designation": "National" }, "geometry": { "type": "MultiPolygon", "coordinates": [ [ [ [ -82.5491, 8.8612 ], [ -82.5494, 8.8609 ], [ -82.5494, 8.8612 ], [ -82.5491, 8.8612 ] ] ], [ [ [ -82.5141, 8.8733 ], [ -82.4856, 8.8658 ], [ -82.4852, 8.7586 ], [ -82.587, 8.7582 ], [ -82.587, 8.7762 ], [ -82.5961, 8.7762 ], [ -82.5963, 8.8033 ], [ -82.6113, 8.8033 ], [ -82.6255, 8.7985 ], [ -82.6154, 8.8236 ], [ -82.5899, 8.8237 ], [ -82.5901, 8.8513 ], [ -82.5432, 8.8515 ], [ -82.5426, 8.8544 ], [ -82.5417, 8.8516 ], [ -82.5452, 8.8478 ], [ -82.5638, 8.8438 ], [ -82.5667, 8.8379 ], [ -82.572, 8.8386 ], [ -82.577, 8.8284 ], [ -82.5816, 8.8316 ], [ -82.5928, 8.8166 ], [ -82.5788, 8.8207 ], [ -82.5649, 8.8181 ], [ -82.5693, 8.8178 ], [ -82.5753, 8.81 ], [ -82.572, 8.8056 ], [ -82.5675, 8.8059 ], [ -82.5708, 8.8006 ], [ -82.5677, 8.8 ], [ -82.5732, 8.7957 ], [ -82.5624, 8.7824 ], [ -82.5648, 8.7791 ], [ -82.5563, 8.7789 ], [ -82.5568, 8.7735 ], [ -82.5694, 8.7718 ], [ -82.5643, 8.765 ], [ -82.5506, 8.7641 ], [ -82.5526, 8.7765 ], [ -82.5457, 8.7766 ], [ -82.5416, 8.7725 ], [ -82.5366, 8.7743 ], [ -82.5338, 8.7691 ], [ -82.53, 8.772 ], [ -82.5322, 8.7653 ], [ -82.5298, 8.7638 ], [ -82.5211, 8.7661 ], [ -82.5192, 8.7702 ], [ -82.5142, 8.769 ], [ -82.5126, 8.7748 ], [ -82.5044, 8.776 ], [ -82.5093, 8.7899 ], [ -82.499, 8.7951 ], [ -82.5023, 8.7988 ], [ -82.4995, 8.8047 ], [ -82.5028, 8.8064 ], [ -82.4965, 8.8131 ], [ -82.5005, 8.8148 ], [ -82.4993, 8.8184 ], [ -82.5066, 8.8189 ], [ -82.5037, 8.8222 ], [ -82.508, 8.8233 ], [ -82.5067, 8.8284 ], [ -82.5027, 8.8285 ], [ -82.5078, 8.8326 ], [ -82.5025, 8.8386 ], [ -82.5112, 8.837 ], [ -82.5112, 8.8432 ], [ -82.5193, 8.8449 ], [ -82.5159, 8.8463 ], [ -82.5185, 8.8524 ], [ -82.514, 8.8521 ], [ -82.5141, 8.8733 ] ] ], [ [ [ -82.5484, 8.8748 ], [ -82.5494, 8.8771 ], [ -82.5477, 8.8771 ], [ -82.5484, 8.8748 ] ] ] ] } },
{ "type": "Feature", "properties": { "name": "La Amistad", "category": "Parque Internacional", "iucn": "II", "realm": "100% Land", "hectares": 120804.50877363584, "established": 1988.0, "designation": "National" }, "geometry": { "type": "MultiPolygon", "coordinates": [ [ [ [ -82.4199, 8.8333 ], [ -82.4071, 8.8322 ], [ -82.384, 8.818 ], [ -82.3741, 8.8161 ], [ -82.3784, 8.8007 ], [ -82.3825, 8.799 ], [ -82.3978, 8.8203 ], [ -82.4035, 8.8169 ], [ -82.4056, 8.8206 ], [ -82.4082, 8.8194 ], [ -82.4103, 8.8278 ], [ -82.4162, 8.8281 ], [ -82.4199, 8.8333 ] ] ], [ [ [ -82.5433, 8.8545 ], [ -82.5473, 8.8543 ], [ -82.5488, 8.8609 ], [ -82.5433, 8.8609 ], [ -82.5433, 8.8545 ] ] ], [ [ [ -82.5494, 8.875 ], [ -82.5494, 8.8612 ], [ -82.5507, 8.8611 ], [ -82.553, 8.8691 ], [ -82.5494, 8.875 ] ] ], [ [ [ -82.4855, 8.8499 ], [ -82.4869, 8.8668 ], [ -82.5023, 8.8676 ], [ -82.5165, 8.8757 ], [ -82.5295, 8.8677 ], [ -82.5399, 8.8843 ], [ -82.5495, 8.8916 ], [ -82.5494, 8.8771 ], [ -82.5508, 8.8803 ], [ -82.5533, 8.8776 ], [ -82.5594, 8.8819 ], [ -82.5666, 8.8768 ], [ -82.5661, 8.8825 ], [ -82.5611, 8.8861 ], [ -82.5628, 8.8899 ], [ -82.5668, 8.8893 ], [ -82.5661, 8.8932 ], [ -82.574, 8.8957 ], [ -82.5801, 8.8937 ], [ -82.5811, 8.8879 ], [ -82.5782, 8.8853 ], [ -82.5866, 8.8775 ], [ -82.5893, 8.8804 ], [ -82.5837, 8.889 ], [ -82.5948, 8.899 ], [ -82.6043, 8.8925 ], [ -82.6091, 8.8916 ], [ -82.6098, 8.8974 ], [ -82.6171, 8.8925 ], [ -82.6128, 8.882 ], [ -82.6075, 8.8862 ], [ -82.6018, 8.8848 ], [ -82.6036, 8.8769 ], [ -82.6101, 8.8764 ], [ -82.6124, 8.8622 ], [ -82.621, 8.8715 ], [ -82.6215, 8.8661 ], [ -82.626, 8.8662 ], [ -82.6234, 8.8622 ], [ -82.6292, 8.8619 ], [ -82.6251, 8.856 ], [ -82.6321, 8.8575 ], [ -82.6304, 8.8472 ], [ -82.6329, 8.8438 ], [ -82.6366, 8.8466 ], [ -82.6364, 8.8389 ], [ -82.6429, 8.8419 ], [ -82.645, 8.8372 ], [ -82.6482, 8.8389 ], [ -82.6448, 8.8476 ], [ -82.6467, 8.8586 ], [ -82.6503, 8.8491 ], [ -82.6575, 8.856 ], [ -82.6571, 8.8434 ], [ -82.6607, 8.8505 ], [ -82.6641, 8.8505 ], [ -82.6682, 8.842 ], [ -82.6675, 8.8496 ], [ -82.6765, 8.849 ], [ -82.673, 8.8542 ], [ -82.6747, 8.858 ], [ -82.6678, 8.8597 ], [ -82.6742, 8.8656 ], [ -82.6739, 8.8697 ], [ -82.6615, 8.8704 ], [ -82.6546, 8.8664 ], [ -82.6519, 8.8704 ], [ -82.6559, 8.869 ], [ -82.6667, 8.8771 ], [ -82.6726, 8.8768 ], [ -82.6677, 8.8856 ], [ -82.6798, 8.8862 ], [ -82.6855, 8.8918 ], [ -82.6944, 8.883 ], [ -82.7012, 8.8814 ], [ -82.7056, 8.8849 ], [ -82.7027, 8.8918 ], [ -82.7051, 8.8962 ], [ -82.7101, 8.8898 ], [ -82.7117, 8.8925 ], [ -82.719, 8.8877 ], [ -82.7219, 8.8907 ], [ -82.7283, 8.8802 ], [ -82.7299, 8.8826 ], [ -82.737, 8.8806 ], [ -82.7386, 8.8849 ], [ -82.7303, 8.8938 ], [ -82.7236, 8.8958 ], [ -82.7224, 8.9057 ], [ -82.7188, 8.9042 ], [ -82.716, 8.9126 ], [ -82.741, 8.9093 ], [ -82.7487, 8.9021 ], [ -82.7446, 8.9096 ], [ -82.7115, 8.9244 ], [ -82.7161, 8.9485 ], [ -82.7367, 8.9632 ], [ -82.7406, 8.9853 ], [ -82.7622, 8.9985 ], [ -82.7812, 9.0039 ], [ -82.8001, 9.0043 ], [ -82.8056, 9.01 ], [ -82.8055, 9.0162 ], [ -82.8156, 9.0191 ], [ -82.8132, 9.0233 ], [ -82.817, 9.0296 ], [ -82.8358, 9.0345 ], [ -82.8387, 9.0392 ], [ -82.8546, 9.0465 ], [ -82.8596, 9.056 ], [ -82.8688, 9.0543 ], [ -82.8771, 9.0605 ], [ -82.8886, 9.0884 ], [ -82.9053, 9.082 ], [ -82.9192, 9.0843 ], [ -82.9244, 9.0793 ], [ -82.933, 9.0789 ], [ -82.9435, 9.4728 ], [ -82.8626, 9.492 ], [ -82.8565, 9.4817 ], [ -82.8512, 9.4804 ], [ -82.8507, 9.4742 ], [ -82.8582, 9.4624 ], [ -82.858, 9.4493 ], [ -82.845, 9.4408 ], [ -82.83, 9.4388 ], [ -82.8167, 9.4469 ], [ -82.8185, 9.4361 ], [ -82.8148, 9.4346 ], [ -82.8142, 9.4378 ], [ -82.8042, 9.4333 ], [ -82.8064, 9.4286 ], [ -82.7891, 9.411 ], [ -82.7546, 9.4049 ], [ -82.7484, 9.3878 ], [ -82.7528, 9.3793 ], [ -82.7458, 9.3803 ], [ -82.7455, 9.3846 ], [ -82.7425, 9.3815 ], [ -82.757, 9.3394 ], [ -82.7555, 9.3331 ], [ -82.7443, 9.3248 ], [ -82.739, 9.3315 ], [ -82.7393, 9.1903 ], [ -82.7301, 9.1798 ], [ -82.7309, 9.1764 ], [ -82.7408, 9.1807 ], [ -82.7395, 9.1732 ], [ -82.7464, 9.1788 ], [ -82.7517, 9.1746 ], [ -82.745, 9.1721 ], [ -82.7529, 9.1695 ], [ -82.7469, 9.1668 ], [ -82.7528, 9.1644 ], [ -82.7558, 9.1558 ], [ -82.7475, 9.1613 ], [ -82.741, 9.1585 ], [ -82.7381, 9.1642 ], [ -82.7352, 9.1608 ], [ -82.7325, 9.1629 ], [ -82.7328, 9.1591 ], [ -82.7243, 9.1609 ], [ -82.7127, 9.1732 ], [ -82.7102, 9.1691 ], [ -82.7153, 9.1662 ], [ -82.709, 9.1578 ], [ -82.7152, 9.1578 ], [ -82.7169, 9.1515 ], [ -82.7262, 9.1535 ], [ -82.7282, 9.1463 ], [ -82.7353, 9.1495 ], [ -82.7357, 9.1454 ], [ -82.7414, 9.144 ], [ -82.7536, 9.1462 ], [ -82.7592, 9.1395 ], [ -82.7504, 9.1281 ], [ -82.7596, 9.1268 ], [ -82.7507, 9.1207 ], [ -82.7559, 9.121 ], [ -82.7584, 9.1147 ], [ -82.7659, 9.1133 ], [ -82.7627, 9.1067 ], [ -82.7658, 9.1032 ], [ -82.7707, 9.1068 ], [ -82.7737, 9.0993 ], [ -82.778, 9.1016 ], [ -82.7778, 9.0945 ], [ -82.7826, 9.1026 ], [ -82.7822, 9.0918 ], [ -82.7887, 9.0908 ], [ -82.7862, 9.0873 ], [ -82.7794, 9.0891 ], [ -82.7753, 9.0865 ], [ -82.7758, 9.0925 ], [ -82.7659, 9.0932 ], [ -82.7566, 9.0852 ], [ -82.7564, 9.0972 ], [ -82.7498, 9.1028 ], [ -82.7455, 9.0964 ], [ -82.74, 9.0993 ], [ -82.74, 9.0937 ], [ -82.735, 9.0931 ], [ -82.7256, 9.1046 ], [ -82.7185, 9.1079 ], [ -82.7196, 9.1128 ], [ -82.713, 9.1118 ], [ -82.716, 9.1072 ], [ -82.7139, 9.1001 ], [ -82.7242, 9.0993 ], [ -82.7259, 9.0861 ], [ -82.7286, 9.0883 ], [ -82.7334, 9.0847 ], [ -82.7335, 9.0786 ], [ -82.7422, 9.0783 ], [ -82.7395, 9.0742 ], [ -82.7441, 9.0737 ], [ -82.7462, 9.0646 ], [ -82.7432, 9.0614 ], [ -82.7471, 9.0599 ], [ -82.7429, 9.0557 ], [ -82.7477, 9.0508 ], [ -82.7411, 9.052 ], [ -82.7393, 9.049 ], [ -82.7366, 9.053 ], [ -82.7341, 9.0498 ], [ -82.7419, 9.041 ], [ -82.7392, 9.0303 ], [ -82.7503, 9.0237 ], [ -82.7487, 9.0205 ], [ -82.7423, 9.0225 ], [ -82.7368, 9.0197 ], [ -82.7363, 9.0125 ], [ -82.7334, 9.0196 ], [ -82.7294, 9.0189 ], [ -82.7246, 9.0253 ], [ -82.7211, 9.0208 ], [ -82.7209, 9.0263 ], [ -82.7159, 9.0269 ], [ -82.7232, 9.0304 ], [ -82.7255, 9.0362 ], [ -82.7225, 9.0389 ], [ -82.7116, 9.033 ], [ -82.7088, 9.0387 ], [ -82.7055, 9.0319 ], [ -82.7006, 9.0331 ], [ -82.7027, 9.0282 ], [ -82.699, 9.0242 ], [ -82.7044, 9.0191 ], [ -82.7068, 9.0226 ], [ -82.7089, 9.0174 ], [ -82.7154, 9.0197 ], [ -82.7153, 9.0124 ], [ -82.7197, 9.0074 ], [ -82.7164, 9.0068 ], [ -82.7174, 9.0027 ], [ -82.7227, 9.0003 ], [ -82.7204, 8.9964 ], [ -82.7186, 8.999 ], [ -82.7137, 8.9962 ], [ -82.7082, 9.0008 ], [ -82.7034, 9.0002 ], [ -82.7038, 8.9961 ], [ -82.6959, 8.989 ], [ -82.6817, 8.9886 ], [ -82.6929, 8.9831 ], [ -82.6964, 8.9884 ], [ -82.7014, 8.9837 ], [ -82.7056, 8.9873 ], [ -82.7059, 8.979 ], [ -82.7157, 8.9756 ], [ -82.7028, 8.9727 ], [ -82.7034, 8.9646 ], [ -82.6997, 8.9694 ], [ -82.6934, 8.963 ], [ -82.6943, 8.9704 ], [ -82.6907, 8.9697 ], [ -82.6892, 8.9638 ], [ -82.6839, 8.9658 ], [ -82.6809, 8.9541 ], [ -82.6879, 8.9491 ], [ -82.6897, 8.9398 ], [ -82.6893, 8.9374 ], [ -82.678, 8.9444 ], [ -82.6755, 8.942 ], [ -82.682, 8.9348 ], [ -82.6816, 8.9265 ], [ -82.6777, 8.9305 ], [ -82.6779, 8.9364 ], [ -82.6726, 8.9366 ], [ -82.6686, 8.9421 ], [ -82.6682, 8.9515 ], [ -82.6678, 8.9463 ], [ -82.6637, 8.9475 ], [ -82.6676, 8.9313 ], [ -82.6625, 8.9414 ], [ -82.6612, 8.9386 ], [ -82.6585, 8.9433 ], [ -82.6546, 8.941 ], [ -82.656, 8.9491 ], [ -82.6519, 8.9468 ], [ -82.6476, 8.934 ], [ -82.6464, 8.9438 ], [ -82.6393, 8.9447 ], [ -82.6478, 8.9474 ], [ -82.6472, 8.9525 ], [ -82.6397, 8.9566 ], [ -82.6303, 8.9524 ], [ -82.634, 8.9598 ], [ -82.6283, 8.9605 ], [ -82.6255, 8.9659 ], [ -82.6278, 8.9761 ], [ -82.6199, 8.9694 ], [ -82.6049, 8.9755 ], [ -82.6015, 8.9725 ], [ -82.6096, 8.9717 ], [ -82.6091, 8.9607 ], [ -82.6121, 8.9594 ], [ -82.6165, 8.941 ], [ -82.6144, 8.9388 ], [ -82.6084, 8.9469 ], [ -82.5984, 8.9456 ], [ -82.6044, 8.9302 ], [ -82.5998, 8.9306 ], [ -82.602, 8.9248 ], [ -82.588, 8.9304 ], [ -82.5919, 8.9355 ], [ -82.5886, 8.9376 ], [ -82.59, 8.9429 ], [ -82.586, 8.9369 ], [ -82.5798, 8.9394 ], [ -82.5811, 8.9434 ], [ -82.5752, 8.9407 ], [ -82.568, 8.9499 ], [ -82.5616, 8.9429 ], [ -82.5618, 8.9482 ], [ -82.5539, 8.9488 ], [ -82.5461, 8.9259 ], [ -82.556, 8.9248 ], [ -82.5467, 8.9199 ], [ -82.5475, 8.9144 ], [ -82.5429, 8.9194 ], [ -82.5339, 8.9155 ], [ -82.5304, 8.9191 ], [ -82.5234, 8.9062 ], [ -82.5298, 8.9017 ], [ -82.5234, 8.9007 ], [ -82.5217, 8.8939 ], [ -82.5195, 8.8988 ], [ -82.5166, 8.895 ], [ -82.5158, 8.8993 ], [ -82.5108, 8.8943 ], [ -82.5144, 8.9079 ], [ -82.5046, 8.9026 ], [ -82.5042, 8.9068 ], [ -82.4983, 8.9075 ], [ -82.4976, 8.9129 ], [ -82.4911, 8.9135 ], [ -82.4887, 8.9069 ], [ -82.4961, 8.9061 ], [ -82.4913, 8.8992 ], [ -82.4964, 8.8989 ], [ -82.4969, 8.8928 ], [ -82.4928, 8.8935 ], [ -82.4943, 8.8896 ], [ -82.4894, 8.8884 ], [ -82.482, 8.8936 ], [ -82.4831, 8.8818 ], [ -82.4878, 8.8784 ], [ -82.4858, 8.8746 ], [ -82.4747, 8.8725 ], [ -82.4725, 8.8765 ], [ -82.4659, 8.8708 ], [ -82.4622, 8.8733 ], [ -82.4633, 8.8784 ], [ -82.457, 8.8775 ], [ -82.4632, 8.8878 ], [ -82.4569, 8.8906 ], [ -82.4427, 8.8843 ], [ -82.4404, 8.881 ], [ -82.4436, 8.878 ], [ -82.438, 8.8742 ], [ -82.4478, 8.8721 ], [ -82.443, 8.8554 ], [ -82.4411, 8.8519 ], [ -82.4385, 8.8541 ], [ -82.4336, 8.8509 ], [ -82.4314, 8.8472 ], [ -82.4341, 8.846 ], [ -82.4343, 8.844 ], [ -82.4284, 8.8435 ], [ -82.4284, 8.8372 ], [ -82.4216, 8.8374 ], [ -82.4208, 8.8341 ], [ -82.4277, 8.8323 ], [ -82.4323, 8.838 ], [ -82.4359, 8.8367 ], [ -82.435, 8.8319 ], [ -82.4418, 8.838 ], [ -82.4443, 8.8359 ], [ -82.4421, 8.8328 ], [ -82.4481, 8.8315 ], [ -82.4413, 8.8226 ], [ -82.4467, 8.8229 ], [ -82.4531, 8.8364 ], [ -82.4562, 8.8359 ], [ -82.4545, 8.8396 ], [ -82.4681, 8.8366 ], [ -82.4701, 8.8318 ], [ -82.4716, 8.8363 ], [ -82.477, 8.8383 ], [ -82.4755, 8.8419 ], [ -82.4791, 8.8432 ], [ -82.4816, 8.8511 ], [ -82.4855, 8.8499 ] ] ] ] } },
{ "type": "Feature", "properties": { "name": "Donoso y Omar Torrijos Herrera", "category": "Área de Recursos Manejados", "iucn": "VI", "realm": "Land and Marine", "hectares": 112882.49364963559, "established": 2009.0, "designation": "National" }, "geometry": { "type": "Polygon", "coordinates": [ [ [ -80.2457, 9.2028 ], [ -80.1883, 9.2146 ], [ -80.1883, 9.1932 ], [ -80.1982, 9.1949 ], [ -80.2074, 9.1886 ], [ -80.2382, 9.1838 ], [ -80.2475, 9.1704 ], [ -80.2844, 9.1678 ], [ -80.2856, 9.1623 ], [ -80.2946, 9.1559 ], [ -80.3216, 9.1581 ], [ -80.3387, 9.1552 ], [ -80.3554, 9.1482 ], [ -80.3583, 9.1436 ], [ -80.4026, 9.1453 ], [ -80.4128, 9.1423 ], [ -80.4164, 9.136 ], [ -80.4311, 9.1282 ], [ -80.4625, 9.1232 ], [ -80.4648, 9.1168 ], [ -80.4954, 9.1173 ], [ -80.5097, 9.1084 ], [ -80.5311, 9.1042 ], [ -80.5321, 9.0982 ], [ -80.5481, 9.0933 ], [ -80.5502, 9.0883 ], [ -80.5628, 9.0856 ], [ -80.5663, 9.0787 ], [ -80.5809, 9.0785 ], [ -80.6091, 9.065 ], [ -80.6122, 9.0602 ], [ -80.6388, 9.0513 ], [ -80.6692, 9.033 ], [ -80.6744, 9.0253 ], [ -80.684, 9.0224 ], [ -80.6858, 9.0013 ], [ -80.6781, 8.9812 ], [ -80.6677, 8.9914 ], [ -80.6726, 9.0025 ], [ -80.6805, 9.0035 ], [ -80.6774, 9.0193 ], [ -80.6685, 9.0179 ], [ -80.6738, 9.0231 ], [ -80.6664, 9.0313 ], [ -80.6368, 9.0494 ], [ -80.6112, 9.0581 ], [ -80.5782, 9.0768 ], [ -80.5716, 9.0639 ], [ -80.5821, 9.0593 ], [ -80.5805, 9.0415 ], [ -80.5901, 9.0401 ], [ -80.5923, 9.0354 ], [ -80.5812, 9.0329 ], [ -80.5788, 9.0279 ], [ -80.5716, 9.0301 ], [ -80.5682, 9.006 ], [ -80.5779, 9.0016 ], [ -80.5758, 8.9965 ], [ -80.5631, 9.0019 ], [ -80.5457, 8.9913 ], [ -80.5357, 8.9965 ], [ -80.5437, 9.006 ], [ -80.561, 9.0103 ], [ -80.5642, 9.0188 ], [ -80.5452, 9.0265 ], [ -80.5438, 9.0298 ], [ -80.5566, 9.0357 ], [ -80.5612, 9.03 ], [ -80.5661, 9.0307 ], [ -80.5707, 9.0359 ], [ -80.5679, 9.0387 ], [ -80.5722, 9.0529 ], [ -80.5693, 9.0549 ], [ -80.5612, 9.0388 ], [ -80.5452, 9.049 ], [ -80.5442, 9.0584 ], [ -80.5361, 9.0537 ], [ -80.538, 9.0494 ], [ -80.5356, 9.0476 ], [ -80.5166, 9.0545 ], [ -80.518, 9.0607 ], [ -80.5282, 9.0617 ], [ -80.5332, 9.0689 ], [ -80.5431, 9.0686 ], [ -80.5388, 9.0758 ], [ -80.5451, 9.0855 ], [ -80.5362, 9.0921 ], [ -80.524, 9.0856 ], [ -80.5209, 9.0875 ], [ -80.5208, 9.0961 ], [ -80.5284, 9.1019 ], [ -80.506, 9.1083 ], [ -80.4927, 9.0979 ], [ -80.4892, 9.0906 ], [ -80.4958, 9.0863 ], [ -80.4972, 9.0737 ], [ -80.5061, 9.0723 ], [ -80.5097, 9.0666 ], [ -80.5047, 9.0631 ], [ -80.5101, 9.0528 ], [ -80.5054, 9.0485 ], [ -80.5019, 9.0482 ], [ -80.4967, 9.0561 ], [ -80.4902, 9.0547 ], [ -80.485, 9.059 ], [ -80.4936, 9.0685 ], [ -80.4687, 9.0773 ], [ -80.4485, 9.0428 ], [ -80.4413, 9.0476 ], [ -80.4427, 9.0617 ], [ -80.4561, 9.0787 ], [ -80.4539, 9.0921 ], [ -80.4412, 9.0909 ], [ -80.4374, 9.0962 ], [ -80.4325, 9.0944 ], [ -80.4383, 9.0842 ], [ -80.4165, 9.0765 ], [ -80.4182, 9.0686 ], [ -80.4096, 9.0611 ], [ -80.3932, 9.0724 ], [ -80.3846, 9.0702 ], [ -80.3739, 9.0743 ], [ -80.3781, 9.0794 ], [ -80.3668, 9.0835 ], [ -80.3562, 9.0637 ], [ -80.3706, 9.055 ], [ -80.3844, 9.062 ], [ -80.3968, 9.0563 ], [ -80.4071, 9.057 ], [ -80.4116, 9.0488 ], [ -80.3924, 9.0415 ], [ -80.39, 9.0519 ], [ -80.387, 9.0522 ], [ -80.387, 9.0405 ], [ -80.3937, 9.0346 ], [ -80.4178, 9.0423 ], [ -80.4197, 9.0325 ], [ -80.4132, 9.0285 ], [ -80.4088, 9.0332 ], [ -80.4054, 9.0314 ], [ -80.4092, 9.023 ], [ -80.4013, 9.0164 ], [ -80.4066, 9.0139 ], [ -80.4181, 9.0169 ], [ -80.423, 9.0094 ], [ -80.4332, 9.0121 ], [ -80.4425, 9.023 ], [ -80.4531, 9.0268 ], [ -80.4585, 9.0192 ], [ -80.4295, 9.0009 ], [ -80.4195, 9.0019 ], [ -80.4147, 8.9965 ], [ -80.4197, 8.9862 ], [ -80.4142, 8.9826 ], [ -80.4167, 8.9624 ], [ -80.4195, 8.959 ], [ -80.4292, 8.9616 ], [ -80.4218, 8.9335 ], [ -80.4263, 8.9303 ], [ -80.4361, 8.9503 ], [ -80.4398, 8.95 ], [ -80.4424, 8.9379 ], [ -80.4395, 8.9333 ], [ -80.4431, 8.928 ], [ -80.436, 8.9187 ], [ -80.4337, 8.9258 ], [ -80.4292, 8.9258 ], [ -80.428, 8.9133 ], [ -80.4217, 8.9118 ], [ -80.4168, 8.9249 ], [ -80.4124, 8.9243 ], [ -80.415, 8.9077 ], [ -80.4009, 8.909 ], [ -80.3919, 8.8915 ], [ -80.397, 8.8873 ], [ -80.4033, 8.8976 ], [ -80.4127, 8.8915 ], [ -80.4232, 8.9087 ], [ -80.4632, 8.9189 ], [ -80.4831, 8.9186 ], [ -80.4868, 8.9257 ], [ -80.4917, 8.9259 ], [ -80.4994, 8.9408 ], [ -80.5053, 8.942 ], [ -80.5081, 8.9379 ], [ -80.5137, 8.9379 ], [ -80.5188, 8.9312 ], [ -80.5266, 8.9342 ], [ -80.5228, 8.9422 ], [ -80.5251, 8.9568 ], [ -80.5139, 8.9641 ], [ -80.5144, 8.9708 ], [ -80.5333, 8.9734 ], [ -80.537, 8.986 ], [ -80.5423, 8.9858 ], [ -80.548, 8.9743 ], [ -80.5656, 8.9755 ], [ -80.5612, 8.9629 ], [ -80.5424, 8.9592 ], [ -80.5427, 8.9418 ], [ -80.5477, 8.9407 ], [ -80.5544, 8.9276 ], [ -80.5478, 8.9213 ], [ -80.5496, 8.911 ], [ -80.5584, 8.9041 ], [ -80.5545, 8.8889 ], [ -80.5613, 8.8884 ], [ -80.5654, 8.8841 ], [ -80.5664, 8.8884 ], [ -80.5714, 8.8882 ], [ -80.5781, 8.8736 ], [ -80.5768, 8.8685 ], [ -80.5645, 8.8694 ], [ -80.5603, 8.8738 ], [ -80.5543, 8.8701 ], [ -80.5475, 8.8581 ], [ -80.5478, 8.8502 ], [ -80.5513, 8.8492 ], [ -80.5538, 8.8415 ], [ -80.5474, 8.8391 ], [ -80.5495, 8.8266 ], [ -80.5655, 8.8324 ], [ -80.5689, 8.8257 ], [ -80.5775, 8.8306 ], [ -80.5828, 8.8224 ], [ -80.573, 8.8178 ], [ -80.581, 8.8097 ], [ -80.594, 8.8156 ], [ -80.5974, 8.8121 ], [ -80.6021, 8.8145 ], [ -80.5981, 8.8179 ], [ -80.6036, 8.8247 ], [ -80.6028, 8.831 ], [ -80.5909, 8.8352 ], [ -80.5954, 8.8418 ], [ -80.6105, 8.8423 ], [ -80.6176, 8.8466 ], [ -80.6113, 8.8598 ], [ -80.5972, 8.8548 ], [ -80.5963, 8.8608 ], [ -80.6083, 8.8673 ], [ -80.617, 8.8795 ], [ -80.6176, 8.8887 ], [ -80.624, 8.8897 ], [ -80.6283, 8.9068 ], [ -80.6377, 8.9038 ], [ -80.638, 8.8907 ], [ -80.6275, 8.8776 ], [ -80.6188, 8.8535 ], [ -80.6301, 8.8309 ], [ -80.6287, 8.8284 ], [ -80.6133, 8.8295 ], [ -80.6065, 8.8208 ], [ -80.6131, 8.8143 ], [ -80.6112, 8.811 ], [ -80.6152, 8.805 ], [ -80.6114, 8.8022 ], [ -80.6047, 8.8098 ], [ -80.6021, 8.808 ], [ -80.6106, 8.7967 ], [ -80.6206, 8.8011 ], [ -80.636, 8.7886 ], [ -80.6596, 8.7911 ], [ -80.6558, 8.7785 ], [ -80.6749, 8.772 ], [ -80.6933, 8.7586 ], [ -80.7026, 8.7588 ], [ -80.7032, 8.7637 ], [ -80.7128, 8.7643 ], [ -80.7127, 8.769 ], [ -80.7188, 8.7678 ], [ -80.7204, 8.7589 ], [ -80.7148, 8.7551 ], [ -80.6992, 8.7541 ], [ -80.6973, 8.7416 ], [ -80.714, 8.7414 ], [ -80.7219, 8.7553 ], [ -80.7296, 8.7546 ], [ -80.7299, 8.7597 ], [ -80.7472, 8.762 ], [ -80.7554, 8.7757 ], [ -80.7635, 8.781 ], [ -80.7655, 8.7792 ], [ -80.7641, 8.7919 ], [ -80.7767, 8.8018 ], [ -80.7964, 8.7965 ], [ -80.8029, 8.7969 ], [ -80.8087, 8.803 ], [ -80.8135, 8.7995 ], [ -80.8176, 8.8063 ], [ -80.8279, 8.8106 ], [ -80.8232, 8.8162 ], [ -80.8448, 8.8248 ], [ -80.8448, 8.8276 ], [ -80.8298, 8.8238 ], [ -80.8319, 8.8326 ], [ -80.8403, 8.8362 ], [ -80.8511, 8.8324 ], [ -80.8592, 8.8351 ], [ -80.863, 8.8509 ], [ -80.8749, 8.8575 ], [ -80.8716, 8.8814 ], [ -80.8611, 8.8839 ], [ -80.8554, 8.8767 ], [ -80.8478, 8.8773 ], [ -80.8466, 8.8846 ], [ -80.8223, 8.8928 ], [ -80.8183, 8.9015 ], [ -80.8126, 8.9058 ], [ -80.8101, 8.9033 ], [ -80.8058, 8.9104 ], [ -80.7957, 8.9038 ], [ -80.8064, 8.8993 ], [ -80.8028, 8.8916 ], [ -80.7808, 8.8962 ], [ -80.7784, 8.8816 ], [ -80.7621, 8.88 ], [ -80.7607, 8.8712 ], [ -80.7517, 8.8713 ], [ -80.7516, 8.8845 ], [ -80.7633, 8.8836 ], [ -80.7619, 8.9063 ], [ -80.7656, 8.9096 ], [ -80.7757, 8.9013 ], [ -80.7865, 8.905 ], [ -80.7889, 8.9221 ], [ -80.7943, 8.9245 ], [ -80.7846, 8.9416 ], [ -80.7749, 8.9478 ], [ -80.7665, 8.9327 ], [ -80.7525, 8.9252 ], [ -80.753, 8.915 ], [ -80.7348, 8.8941 ], [ -80.7348, 8.8826 ], [ -80.7255, 8.874 ], [ -80.7175, 8.8723 ], [ -80.7142, 8.862 ], [ -80.7092, 8.8617 ], [ -80.7129, 8.8796 ], [ -80.7254, 8.8851 ], [ -80.729, 8.8996 ], [ -80.7516, 8.932 ], [ -80.7677, 8.9421 ], [ -80.7675, 8.9538 ], [ -80.7855, 8.944 ], [ -80.7997, 8.9199 ], [ -80.8209, 8.9042 ], [ -80.8235, 8.8947 ], [ -80.8521, 8.8852 ], [ -80.87, 8.8856 ], [ -80.87, 8.9064 ], [ -80.8572, 8.906 ], [ -80.8404, 8.911 ], [ -80.815, 8.9359 ], [ -80.7996, 8.9587 ], [ -80.7826, 8.9689 ], [ -80.7724, 8.9914 ], [ -80.7403, 9.0165 ], [ -80.7165, 9.02 ], [ -80.706, 9.0374 ], [ -80.6863, 9.0441 ], [ -80.6485, 9.0693 ], [ -80.5642, 9.1064 ], [ -80.5397, 9.1227 ], [ -80.5218, 9.1265 ], [ -80.5019, 9.1365 ], [ -80.4788, 9.1355 ], [ -80.4629, 9.1448 ], [ -80.434, 9.1499 ], [ -80.423, 9.1599 ], [ -80.4066, 9.1653 ], [ -80.3686, 9.1638 ], [ -80.3427, 9.1752 ], [ -80.3225, 9.1784 ], [ -80.3033, 9.1767 ], [ -80.2911, 9.187 ], [ -80.2595, 9.1896 ], [ -80.2457, 9.2028 ] ] ] } },
{ "type": "Feature", "properties": { "name": "San Lorenzo", "category": "Bosque Protector", "iucn": "V", "realm": "100% Land", "hectares": 6840.6836475768014, "established": 1997.0, "designation": "National" }, "geometry": { "type": "Polygon", "coordinates": [ [ [ -80.0452, 9.2841 ], [ -80.0378, 9.2934 ], [ -80.024, 9.3006 ], [ -80.02, 9.3115 ], [ -80.0143, 9.3143 ], [ -80.0143, 9.3117 ], [ -80.0029, 9.3094 ], [ -79.9801, 9.2866 ], [ -79.971, 9.2866 ], [ -79.9683, 9.2821 ], [ -79.9728, 9.273 ], [ -79.971, 9.2639 ], [ -79.9439, 9.2594 ], [ -79.9519, 9.2364 ], [ -79.9495, 9.2251 ], [ -79.9539, 9.2275 ], [ -79.9576, 9.2242 ], [ -79.9559, 9.2197 ], [ -79.9504, 9.2189 ], [ -79.9568, 9.2109 ], [ -79.9555, 9.2044 ], [ -79.9603, 9.1968 ], [ -79.9534, 9.1908 ], [ -79.9576, 9.1872 ], [ -79.9589, 9.1765 ], [ -79.9622, 9.1775 ], [ -79.9584, 9.1704 ], [ -79.9709, 9.1671 ], [ -79.9714, 9.1628 ], [ -79.9891, 9.1758 ], [ -79.9991, 9.2123 ], [ -79.9968, 9.2823 ], [ -80.0137, 9.2926 ], [ -80.0258, 9.2809 ], [ -80.0278, 9.2854 ], [ -80.0323, 9.2855 ], [ -80.031, 9.2803 ], [ -80.0377, 9.2795 ], [ -80.0452, 9.2841 ] ] ] } },
{ "type": "Feature", "properties": { "name": "San Lorenzo", "category": "Paisaje Protegido", "iucn": "V", "realm": "100% Land", "hectares": 2211.1723643184223, "established": 1997.0, "designation": "National" }, "geometry": { "type": "Polygon", "coordinates": [ [ [ -79.9617, 9.3716 ], [ -79.9619, 9.3226 ], [ -79.9802, 9.3002 ], [ -79.9982, 9.3229 ], [ -80.0056, 9.3198 ], [ -80.0053, 9.3276 ], [ -79.9862, 9.358 ], [ -79.9617, 9.3716 ] ] ] } },
{ "type": "Feature", "properties": { "name": "Área Silvestre Protegida (Caribe)", "category": "Área Silvestre Protegida", "iucn": null, "realm": "100% Land", "hectares": 6651.2013498806091, "established": null, "designation": null }, "geometry": { "type": "MultiPolygon", "coordinates": [ [ [ [ -80.0754, 9.0103 ], [ -80.0746, 9.0127 ], [ -80.0746, 9.0122 ], [ -80.0754, 9.0103 ] ] ], [ [ [ -80.0746, 9.0127 ], [ -80.0747, 9.0133 ], [ -80.0744, 9.0129 ], [ -80.0746, 9.0127 ] ] ], [ [ [ -80.0736, 9.0145 ], [ -80.0747, 9.0133 ], [ -80.075, 9.0141 ], [ -80.0736, 9.0145 ] ] ], [ [ [ -80.0823, 9.0159 ], [ -80.082, 9.0164 ], [ -80.0819, 9.0162 ], [ -80.0823, 9.0159 ] ] ], [ [ [ -80.081, 9.017 ], [ -80.0812, 9.0167 ], [ -80.0814, 9.0169 ], [ -80.081, 9.017 ] ] ], [ [ [ -80.084, 9.0172 ], [ -80.084, 9.017 ], [ -80.0842, 9.017 ], [ -80.084, 9.0172 ] ] ], [ [ [ -80.0817, 9.0167 ], [ -80.0825, 9.0175 ], [ -80.0823, 9.0176 ], [ -80.0817, 9.0167 ] ] ], [ [ [ -80.0834, 9.0173 ], [ -80.0834, 9.0171 ], [ -80.0836, 9.0171 ], [ -80.0834, 9.0173 ] ] ], [ [ [ -80.0843, 9.0173 ], [ -80.0846, 9.0173 ], [ -80.0846, 9.0175 ], [ -80.0843, 9.0173 ] ] ], [ [ [ -80.082, 9.0177 ], [ -80.0821, 9.0178 ], [ -80.0817, 9.018 ], [ -80.082, 9.0177 ] ] ], [ [ [ -80.0827, 9.0179 ], [ -80.0826, 9.0178 ], [ -80.0828, 9.0178 ], [ -80.0827, 9.0179 ] ] ], [ [ [ -80.0824, 9.0184 ], [ -80.0824, 9.0182 ], [ -80.0826, 9.0182 ], [ -80.0824, 9.0184 ] ] ], [ [ [ -80.0865, 9.0194 ], [ -80.0869, 9.0193 ], [ -80.087, 9.0195 ], [ -80.0865, 9.0194 ] ] ], [ [ [ -80.0881, 9.0198 ], [ -80.0897, 9.0192 ], [ -80.0896, 9.0194 ], [ -80.0881, 9.0198 ] ] ], [ [ [ -80.0856, 9.0198 ], [ -80.0856, 9.02 ], [ -80.0854, 9.0199 ], [ -80.0856, 9.0198 ] ] ], [ [ [ -80.0862, 9.0199 ], [ -80.0863, 9.0201 ], [ -80.086, 9.0201 ], [ -80.0862, 9.0199 ] ] ], [ [ [ -80.0869, 9.0205 ], [ -80.0868, 9.0205 ], [ -80.0868, 9.0203 ], [ -80.0869, 9.0205 ] ] ], [ [ [ -80.0863, 9.0205 ], [ -80.0863, 9.0203 ], [ -80.0865, 9.0203 ], [ -80.0863, 9.0205 ] ] ], [ [ [ -80.0823, 9.0209 ], [ -80.083, 9.0202 ], [ -80.0832, 9.0208 ], [ -80.0823, 9.0209 ] ] ], [ [ [ -80.0861, 9.0232 ], [ -80.0837, 9.0229 ], [ -80.0842, 9.0204 ], [ -80.0861, 9.0232 ] ] ], [ [ [ -80.0825, 9.0234 ], [ -80.0826, 9.0235 ], [ -80.0821, 9.0242 ], [ -80.0825, 9.0234 ] ] ], [ [ [ -80.0651, 9.024 ], [ -80.0656, 9.0262 ], [ -80.0648, 9.0246 ], [ -80.0651, 9.024 ] ] ], [ [ [ -80.0466, 9.0281 ], [ -80.0465, 9.0282 ], [ -80.0461, 9.028 ], [ -80.0466, 9.0281 ] ] ], [ [ [ -80.0836, 9.0283 ], [ -80.0834, 9.0283 ], [ -80.084, 9.028 ], [ -80.0836, 9.0283 ] ] ], [ [ [ -80.0781, 9.0288 ], [ -80.078, 9.029 ], [ -80.0776, 9.0286 ], [ -80.0781, 9.0288 ] ] ], [ [ [ -80.0771, 9.0291 ], [ -80.0767, 9.0288 ], [ -80.0771, 9.0286 ], [ -80.0771, 9.0291 ] ] ], [ [ [ -80.0744, 9.0308 ], [ -80.0743, 9.0307 ], [ -80.0745, 9.0303 ], [ -80.0744, 9.0308 ] ] ], [ [ [ -80.076, 9.0312 ], [ -80.0749, 9.0314 ], [ -80.0751, 9.0302 ], [ -80.076, 9.0312 ] ] ], [ [ [ -80.0902, 9.0309 ], [ -80.0904, 9.0311 ], [ -80.0902, 9.0312 ], [ -80.0902, 9.0309 ] ] ], [ [ [ -80.0637, 9.0313 ], [ -80.0632, 9.0318 ], [ -80.0621, 9.031 ], [ -80.0637, 9.0313 ] ] ], [ [ [ -80.0909, 9.0315 ], [ -80.0906, 9.0315 ], [ -80.0908, 9.0314 ], [ -80.0909, 9.0315 ] ] ], [ [ [ -80.0904, 9.0314 ], [ -80.0906, 9.0315 ], [ -80.0904, 9.0317 ], [ -80.0904, 9.0314 ] ] ], [ [ [ -80.0786, 9.033 ], [ -80.078, 9.0329 ], [ -80.0782, 9.0328 ], [ -80.0786, 9.033 ] ] ], [ [ [ -80.0496, 9.0322 ], [ -80.0498, 9.0321 ], [ -80.0501, 9.0333 ], [ -80.0496, 9.0322 ] ] ], [ [ [ -80.0908, 9.0335 ], [ -80.0907, 9.0333 ], [ -80.0908, 9.0332 ], [ -80.0908, 9.0335 ] ] ], [ [ [ -80.0442, 9.0316 ], [ -80.0467, 9.0337 ], [ -80.0485, 9.0322 ], [ -80.0471, 9.0357 ], [ -80.0442, 9.0316 ] ] ], [ [ [ -80.0893, 9.0337 ], [ -80.0897, 9.0337 ], [ -80.0896, 9.0339 ], [ -80.0893, 9.0337 ] ] ], [ [ [ -80.0859, 9.0342 ], [ -80.0856, 9.0341 ], [ -80.086, 9.0337 ], [ -80.0859, 9.0342 ] ] ], [ [ [ -80.0696, 9.0346 ], [ -80.0684, 9.0343 ], [ -80.0694, 9.0336 ], [ -80.0696, 9.0346 ] ] ], [ [ [ -80.0885, 9.0343 ], [ -80.0888, 9.0341 ], [ -80.0888, 9.0344 ], [ -80.0885, 9.0343 ] ] ], [ [ [ -80.0879, 9.0346 ], [ -80.0878, 9.0345 ], [ -80.0881, 9.0342 ], [ -80.0879, 9.0346 ] ] ], [ [ [ -80.0711, 9.0352 ], [ -80.0703, 9.0354 ], [ -80.0707, 9.0337 ], [ -80.0711, 9.0352 ] ] ], [ [ [ -80.0456, 9.0349 ], [ -80.0456, 9.0345 ], [ -80.0459, 9.0345 ], [ -80.0456, 9.0349 ] ] ], [ [ [ -80.0633, 9.0351 ], [ -80.064, 9.0356 ], [ -80.0634, 9.0359 ], [ -80.0633, 9.0351 ] ] ], [ [ [ -80.048, 9.0356 ], [ -80.048, 9.0354 ], [ -80.0481, 9.0353 ], [ -80.048, 9.0356 ] ] ], [ [ [ -80.0634, 9.0362 ], [ -80.0637, 9.037 ], [ -80.0635, 9.037 ], [ -80.0634, 9.0362 ] ] ], [ [ [ -80.0877, 9.0375 ], [ -80.0859, 9.0348 ], [ -80.0901, 9.0383 ], [ -80.0877, 9.0375 ] ] ], [ [ [ -80.046, 9.0365 ], [ -80.0462, 9.0366 ], [ -80.0461, 9.0367 ], [ -80.046, 9.0365 ] ] ], [ [ [ -80.0749, 9.0367 ], [ -80.0759, 9.0367 ], [ -80.0744, 9.0372 ], [ -80.0749, 9.0367 ] ] ], [ [ [ -80.0462, 9.0369 ], [ -80.0463, 9.0368 ], [ -80.0465, 9.0369 ], [ -80.0462, 9.0369 ] ] ], [ [ [ -80.0739, 9.0372 ], [ -80.0742, 9.0372 ], [ -80.074, 9.0375 ], [ -80.0739, 9.0372 ] ] ], [ [ [ -80.0726, 9.0395 ], [ -80.0729, 9.0393 ], [ -80.0728, 9.0396 ], [ -80.0726, 9.0395 ] ] ], [ [ [ -80.0497, 9.0394 ], [ -80.0493, 9.0397 ], [ -80.0492, 9.0394 ], [ -80.0497, 9.0394 ] ] ], [ [ [ -80.0794, 9.0412 ], [ -80.0795, 9.0414 ], [ -80.0792, 9.0414 ], [ -80.0794, 9.0412 ] ] ], [ [ [ -80.0797, 9.0417 ], [ -80.0797, 9.0413 ], [ -80.0803, 9.0415 ], [ -80.0797, 9.0417 ] ] ], [ [ [ -80.0665, 9.0417 ], [ -80.0672, 9.0423 ], [ -80.0671, 9.0425 ], [ -80.0665, 9.0417 ] ] ], [ [ [ -80.0605, 9.0428 ], [ -80.0614, 9.0416 ], [ -80.0617, 9.0419 ], [ -80.0605, 9.0428 ] ] ], [ [ [ -80.069, 9.0429 ], [ -80.069, 9.0432 ], [ -80.0684, 9.0429 ], [ -80.069, 9.0429 ] ] ], [ [ [ -80.0482, 9.0439 ], [ -80.0474, 9.0442 ], [ -80.0478, 9.0425 ], [ -80.0482, 9.0439 ] ] ], [ [ [ -80.0517, 9.0414 ], [ -80.0515, 9.0452 ], [ -80.0504, 9.0455 ], [ -80.0517, 9.0414 ] ] ], [ [ [ -80.0691, 9.0435 ], [ -80.0698, 9.0436 ], [ -80.0697, 9.0442 ], [ -80.0691, 9.0435 ] ] ], [ [ [ -80.0695, 9.045 ], [ -80.0702, 9.0444 ], [ -80.0705, 9.0452 ], [ -80.0695, 9.045 ] ] ], [ [ [ -80.0678, 9.0452 ], [ -80.0688, 9.0464 ], [ -80.0672, 9.0458 ], [ -80.0678, 9.0452 ] ] ], [ [ [ -80.0804, 9.0469 ], [ -80.0803, 9.0465 ], [ -80.0805, 9.0464 ], [ -80.0804, 9.0469 ] ] ], [ [ [ -80.0478, 9.0478 ], [ -80.0486, 9.0469 ], [ -80.0487, 9.0479 ], [ -80.0478, 9.0478 ] ] ], [ [ [ -80.0557, 9.0484 ], [ -80.0561, 9.0487 ], [ -80.0555, 9.049 ], [ -80.0557, 9.0484 ] ] ], [ [ [ -80.0615, 9.051 ], [ -80.0605, 9.05 ], [ -80.062, 9.0506 ], [ -80.0615, 9.051 ] ] ], [ [ [ -80.0547, 9.0534 ], [ -80.0542, 9.0531 ], [ -80.0545, 9.0528 ], [ -80.0547, 9.0534 ] ] ], [ [ [ -80.0556, 9.0546 ], [ -80.0558, 9.0553 ], [ -80.0547, 9.0546 ], [ -80.0556, 9.0546 ] ] ], [ [ [ -80.0391, 9.0059 ], [ -80.0394, 9.0059 ], [ -80.0394, 9.0061 ], [ -80.0391, 9.0059 ] ] ], [ [ [ -80.0417, 9.0084 ], [ -80.041, 9.0062 ], [ -80.0417, 9.0074 ], [ -80.0417, 9.0084 ] ] ], [ [ [ -80.0402, 9.0081 ], [ -80.0399, 9.0084 ], [ -80.04, 9.0078 ], [ -80.0402, 9.0081 ] ] ], [ [ [ -80.0411, 9.0081 ], [ -80.0413, 9.0082 ], [ -80.0412, 9.0083 ], [ -80.0411, 9.0081 ] ] ], [ [ [ -80.04, 9.01 ], [ -80.0401, 9.0089 ], [ -80.0411, 9.0091 ], [ -80.04, 9.01 ] ] ], [ [ [ -80.0224, 9.012 ], [ -80.0225, 9.012 ], [ -80.0225, 9.0123 ], [ -80.0224, 9.012 ] ] ], [ [ [ -80.0219, 9.016 ], [ -80.0219, 9.0157 ], [ -80.0221, 9.0159 ], [ -80.0219, 9.016 ] ] ], [ [ [ -80.0223, 9.0162 ], [ -80.0225, 9.0164 ], [ -80.0223, 9.0166 ], [ -80.0223, 9.0162 ] ] ], [ [ [ -80.0322, 9.018 ], [ -80.0318, 9.018 ], [ -80.0318, 9.0177 ], [ -80.0322, 9.018 ] ] ], [ [ [ -80.0331, 9.0184 ], [ -80.0326, 9.0178 ], [ -80.0328, 9.0175 ], [ -80.0331, 9.0184 ] ] ], [ [ [ -80.0297, 9.0201 ], [ -80.0294, 9.0199 ], [ -80.0299, 9.0196 ], [ -80.0297, 9.0201 ] ] ], [ [ [ -80.0415, 9.0201 ], [ -80.0417, 9.02 ], [ -80.0418, 9.0202 ], [ -80.0415, 9.0201 ] ] ], [ [ [ -80.0385, 9.0222 ], [ -80.0388, 9.022 ], [ -80.039, 9.0226 ], [ -80.0385, 9.0222 ] ] ], [ [ [ -80.0422, 9.0242 ], [ -80.0436, 9.023 ], [ -80.0437, 9.024 ], [ -80.0422, 9.0242 ] ] ], [ [ [ -80.0409, 9.025 ], [ -80.041, 9.025 ], [ -80.0409, 9.0253 ], [ -80.0409, 9.025 ] ] ], [ [ [ -80.039, 9.0259 ], [ -80.0385, 9.0262 ], [ -80.0384, 9.0259 ], [ -80.039, 9.0259 ] ] ], [ [ [ -80.0385, 9.0274 ], [ -80.0384, 9.0272 ], [ -80.0386, 9.0272 ], [ -80.0385, 9.0274 ] ] ], [ [ [ -80.0383, 9.0293 ], [ -80.038, 9.0291 ], [ -80.0385, 9.0289 ], [ -80.0383, 9.0293 ] ] ], [ [ [ -80.0379, 9.0296 ], [ -80.0375, 9.0295 ], [ -80.0377, 9.029 ], [ -80.0379, 9.0296 ] ] ], [ [ [ -80.045, 9.0297 ], [ -80.0454, 9.0291 ], [ -80.0462, 9.0297 ], [ -80.045, 9.0297 ] ] ], [ [ [ -80.0402, 9.0303 ], [ -80.0406, 9.0301 ], [ -80.0405, 9.0303 ], [ -80.0402, 9.0303 ] ] ], [ [ [ -80.0455, 9.0309 ], [ -80.0457, 9.0309 ], [ -80.0458, 9.0312 ], [ -80.0455, 9.0309 ] ] ], [ [ [ -80.0458, 9.0319 ], [ -80.0455, 9.0318 ], [ -80.0455, 9.0315 ], [ -80.0458, 9.0319 ] ] ], [ [ [ -80.0373, 9.0366 ], [ -80.0377, 9.0369 ], [ -80.0372, 9.0374 ], [ -80.0373, 9.0366 ] ] ], [ [ [ -80.0247, 9.0431 ], [ -80.0245, 9.0429 ], [ -80.0249, 9.0429 ], [ -80.0247, 9.0431 ] ] ], [ [ [ -80.0299, 9.044 ], [ -80.0299, 9.0446 ], [ -80.0295, 9.0443 ], [ -80.0299, 9.044 ] ] ], [ [ [ -80.0296, 9.0465 ], [ -80.0295, 9.0464 ], [ -80.0297, 9.0461 ], [ -80.0296, 9.0465 ] ] ], [ [ [ -80.032, 9.048 ], [ -80.0325, 9.0479 ], [ -80.0326, 9.0486 ], [ -80.032, 9.048 ] ] ], [ [ [ -80.0337, 9.0501 ], [ -80.033, 9.0504 ], [ -80.0332, 9.05 ], [ -80.0337, 9.0501 ] ] ], [ [ [ -80.0373, 9.0524 ], [ -80.0381, 9.0534 ], [ -80.0372, 9.0536 ], [ -80.0373, 9.0524 ] ] ], [ [ [ -80.0448, 9.0549 ], [ -80.0445, 9.0553 ], [ -80.0443, 9.0551 ], [ -80.0448, 9.0549 ] ] ], [ [ [ -80.0347, 9.0748 ], [ -80.0342, 9.0763 ], [ -80.0328, 9.0744 ], [ -80.0347, 9.0748 ] ] ], [ [ [ -80.0352, 9.0767 ], [ -80.0346, 9.0764 ], [ -80.0346, 9.0755 ], [ -80.0357, 9.0751 ], [ -80.0352, 9.0767 ] ] ], [ [ [ -80.0333, 9.0776 ], [ -80.0336, 9.0763 ], [ -80.0345, 9.0771 ], [ -80.0333, 9.0776 ] ] ], [ [ [ -80.0357, 9.0769 ], [ -80.0361, 9.0766 ], [ -80.036, 9.0777 ], [ -80.0357, 9.0769 ] ] ], [ [ [ -80.0325, 9.0771 ], [ -80.0324, 9.0775 ], [ -80.0323, 9.0774 ], [ -80.0325, 9.0771 ] ] ], [ [ [ -80.0252, 9.0775 ], [ -80.025, 9.0778 ], [ -80.0249, 9.0773 ], [ -80.0252, 9.0775 ] ] ], [ [ [ -80.023, 9.0791 ], [ -80.0235, 9.0774 ], [ -80.0244, 9.0785 ], [ -80.023, 9.0791 ] ] ], [ [ [ -80.0365, 9.0788 ], [ -80.0364, 9.079 ], [ -80.0359, 9.0785 ], [ -80.0365, 9.0788 ] ] ], [ [ [ -80.023, 9.0794 ], [ -80.0232, 9.08 ], [ -80.0227, 9.08 ], [ -80.023, 9.0794 ] ] ], [ [ [ -80.0266, 9.0805 ], [ -80.0285, 9.0791 ], [ -80.0303, 9.0821 ], [ -80.0266, 9.0805 ] ] ], [ [ [ -80.0274, 9.082 ], [ -80.026, 9.0819 ], [ -80.0266, 9.0818 ], [ -80.0274, 9.082 ] ] ], [ [ [ -80.0235, 9.0831 ], [ -80.023, 9.0818 ], [ -80.0234, 9.0805 ], [ -80.0235, 9.0831 ] ] ], [ [ [ -80.0341, 9.0833 ], [ -80.0343, 9.0841 ], [ -80.034, 9.0839 ], [ -80.0341, 9.0833 ] ] ], [ [ [ -80.0397, 9.0843 ], [ -80.0395, 9.084 ], [ -80.0396, 9.0838 ], [ -80.0397, 9.0843 ] ] ], [ [ [ -80.0349, 9.0843 ], [ -80.0351, 9.0857 ], [ -80.0337, 9.0852 ], [ -80.0349, 9.0843 ] ] ], [ [ [ -80.0222, 9.085 ], [ -80.0223, 9.0851 ], [ -80.022, 9.0858 ], [ -80.0222, 9.085 ] ] ], [ [ [ -80.0342, 9.0865 ], [ -80.0341, 9.086 ], [ -80.0347, 9.087 ], [ -80.0342, 9.0865 ] ] ], [ [ [ -80.0329, 9.0871 ], [ -80.0329, 9.0874 ], [ -80.0327, 9.0874 ], [ -80.0329, 9.0871 ] ] ], [ [ [ -80.0228, 9.0869 ], [ -80.023, 9.0867 ], [ -80.0236, 9.0875 ], [ -80.0228, 9.0869 ] ] ], [ [ [ -80.0257, 9.088 ], [ -80.0244, 9.0882 ], [ -80.0244, 9.0877 ], [ -80.0257, 9.088 ] ] ], [ [ [ -80.021, 9.0872 ], [ -80.0235, 9.0892 ], [ -80.0229, 9.0897 ], [ -80.021, 9.0872 ] ] ], [ [ [ -80.0358, 9.0863 ], [ -80.0377, 9.0899 ], [ -80.0369, 9.0912 ], [ -80.0358, 9.0863 ] ] ], [ [ [ -80.0255, 9.092 ], [ -80.0248, 9.0903 ], [ -80.026, 9.0895 ], [ -80.0255, 9.092 ] ] ], [ [ [ -80.0303, 9.0921 ], [ -80.03, 9.0917 ], [ -80.0303, 9.0917 ], [ -80.0303, 9.0921 ] ] ], [ [ [ -80.0408, 9.0923 ], [ -80.0412, 9.0921 ], [ -80.0411, 9.0923 ], [ -80.0408, 9.0923 ] ] ], [ [ [ -80.036, 9.0942 ], [ -80.0358, 9.0945 ], [ -80.0356, 9.0942 ], [ -80.036, 9.0942 ] ] ], [ [ [ -80.0365, 9.0948 ], [ -80.0367, 9.0948 ], [ -80.0368, 9.0951 ], [ -80.0365, 9.0948 ] ] ], [ [ [ -80.0362, 9.0957 ], [ -80.036, 9.0957 ], [ -80.0363, 9.0953 ], [ -80.0362, 9.0957 ] ] ], [ [ [ -80.0399, 9.0958 ], [ -80.0396, 9.096 ], [ -80.0396, 9.0958 ], [ -80.0399, 9.0958 ] ] ], [ [ [ -80.0302, 9.0959 ], [ -80.0305, 9.0957 ], [ -80.0307, 9.096 ], [ -80.0302, 9.0959 ] ] ], [ [ [ -80.0276, 9.0951 ], [ -80.0273, 9.0971 ], [ -80.0262, 9.0954 ], [ -80.0276, 9.0951 ] ] ], [ [ [ -80.0372, 9.0959 ], [ -80.0377, 9.096 ], [ -80.0374, 9.0965 ], [ -80.0372, 9.0959 ] ] ], [ [ [ -80.0269, 9.0968 ], [ -80.027, 9.0972 ], [ -80.0267, 9.0971 ], [ -80.0269, 9.0968 ] ] ], [ [ [ -80.0384, 9.0974 ], [ -80.0385, 9.0976 ], [ -80.038, 9.0976 ], [ -80.0384, 9.0974 ] ] ], [ [ [ -80.0371, 9.0987 ], [ -80.0374, 9.0989 ], [ -80.0373, 9.0997 ], [ -80.0371, 9.0987 ] ] ], [ [ [ -80.0269, 9.0994 ], [ -80.027, 9.0992 ], [ -80.0278, 9.0994 ], [ -80.0269, 9.0994 ] ] ], [ [ [ -80.0323, 9.1002 ], [ -80.0316, 9.1014 ], [ -80.0312, 9.1004 ], [ -80.0323, 9.1002 ] ] ], [ [ [ -80.0292, 9.1009 ], [ -80.0295, 9.101 ], [ -80.0292, 9.1012 ], [ -80.0292, 9.1009 ] ] ], [ [ [ -80.0318, 9.1017 ], [ -80.0316, 9.1016 ], [ -80.0316, 9.1014 ], [ -80.0318, 9.1017 ] ] ], [ [ [ -80.0321, 9.1026 ], [ -80.0318, 9.1022 ], [ -80.0321, 9.1021 ], [ -80.0321, 9.1026 ] ] ], [ [ [ -80.0098, 9.0113 ], [ -80.01, 9.0115 ], [ -80.0098, 9.0116 ], [ -80.0098, 9.0113 ] ] ], [ [ [ -80.0105, 9.0114 ], [ -80.0105, 9.0118 ], [ -80.0104, 9.0117 ], [ -80.0105, 9.0114 ] ] ], [ [ [ -80.011, 9.0127 ], [ -80.0107, 9.013 ], [ -80.0108, 9.0128 ], [ -80.011, 9.0127 ] ] ], [ [ [ -80.0145, 9.0148 ], [ -80.0145, 9.0146 ], [ -80.0147, 9.0146 ], [ -80.0145, 9.0148 ] ] ], [ [ [ -80.0146, 9.0151 ], [ -80.0147, 9.0152 ], [ -80.0145, 9.0154 ], [ -80.0146, 9.0151 ] ] ], [ [ [ -80.0202, 9.0162 ], [ -80.02, 9.0161 ], [ -80.0201, 9.0159 ], [ -80.0202, 9.0162 ] ] ], [ [ [ -79.9932, 9.0163 ], [ -79.9932, 9.0164 ], [ -79.9931, 9.0163 ], [ -79.9932, 9.0163 ] ] ], [ [ [ -80.0137, 9.0196 ], [ -80.0137, 9.0199 ], [ -80.0134, 9.0199 ], [ -80.0137, 9.0196 ] ] ], [ [ [ -80.0155, 9.0195 ], [ -80.016, 9.0199 ], [ -80.0157, 9.0204 ], [ -80.0155, 9.0195 ] ] ], [ [ [ -80.0124, 9.0232 ], [ -80.0135, 9.0232 ], [ -80.013, 9.024 ], [ -80.0124, 9.0232 ] ] ], [ [ [ -79.9945, 9.0312 ], [ -79.9946, 9.0313 ], [ -79.9945, 9.0314 ], [ -79.9945, 9.0312 ] ] ], [ [ [ -79.9961, 9.037 ], [ -79.9961, 9.0369 ], [ -79.9962, 9.0369 ], [ -79.9961, 9.037 ] ] ], [ [ [ -80.0186, 9.0379 ], [ -80.0184, 9.0375 ], [ -80.0187, 9.0376 ], [ -80.0186, 9.0379 ] ] ], [ [ [ -80.0003, 9.0428 ], [ -80.0002, 9.043 ], [ -80.0002, 9.0426 ], [ -80.0003, 9.0428 ] ] ], [ [ [ -79.9979, 9.0436 ], [ -79.9977, 9.0436 ], [ -79.9976, 9.0434 ], [ -79.9979, 9.0436 ] ] ], [ [ [ -79.9979, 9.0448 ], [ -79.9979, 9.0447 ], [ -79.9981, 9.0445 ], [ -79.9979, 9.0448 ] ] ], [ [ [ -79.9971, 9.045 ], [ -79.9975, 9.0453 ], [ -79.9972, 9.0452 ], [ -79.9971, 9.045 ] ] ], [ [ [ -79.9983, 9.0452 ], [ -79.9981, 9.0452 ], [ -79.9981, 9.045 ], [ -79.9983, 9.0452 ] ] ], [ [ [ -79.997, 9.0455 ], [ -79.997, 9.0454 ], [ -79.9971, 9.0454 ], [ -79.997, 9.0455 ] ] ], [ [ [ -80.0002, 9.0459 ], [ -80.0002, 9.0464 ], [ -80.0001, 9.0462 ], [ -80.0002, 9.0459 ] ] ], [ [ [ -80.0062, 9.0584 ], [ -80.0063, 9.0585 ], [ -80.0061, 9.0588 ], [ -80.0062, 9.0584 ] ] ], [ [ [ -79.9983, 9.0603 ], [ -79.9979, 9.0598 ], [ -79.9986, 9.0592 ], [ -79.9983, 9.0603 ] ] ], [ [ [ -80.0109, 9.0605 ], [ -80.0113, 9.0606 ], [ -80.0106, 9.0613 ], [ -80.0109, 9.0605 ] ] ], [ [ [ -79.9947, 9.0629 ], [ -79.9945, 9.0624 ], [ -79.9951, 9.0626 ], [ -79.9947, 9.0629 ] ] ], [ [ [ -79.9947, 9.0705 ], [ -79.9985, 9.0707 ], [ -80.0003, 9.0639 ], [ -79.9973, 9.0637 ], [ -80.0021, 9.0603 ], [ -79.9987, 9.0576 ], [ -80.0018, 9.0557 ], [ -80.0076, 9.061 ], [ -80.0046, 9.0649 ], [ -80.004, 9.0618 ], [ -80.0028, 9.061 ], [ -80.0053, 9.0682 ], [ -80.0, 9.0661 ], [ -80.0046, 9.0696 ], [ -80.0041, 9.0725 ], [ -80.0031, 9.0691 ], [ -79.9997, 9.0697 ], [ -80.0026, 9.0706 ], [ -80.0009, 9.0733 ], [ -79.9947, 9.0705 ] ] ], [ [ [ -79.9967, 9.0669 ], [ -79.996, 9.0658 ], [ -79.9967, 9.0653 ], [ -79.9967, 9.0669 ] ] ], [ [ [ -80.0187, 9.0665 ], [ -80.0187, 9.0667 ], [ -80.0185, 9.0667 ], [ -80.0187, 9.0665 ] ] ], [ [ [ -79.9946, 9.0691 ], [ -79.9937, 9.0688 ], [ -79.9941, 9.0681 ], [ -79.9946, 9.0691 ] ] ], [ [ [ -79.9934, 9.0716 ], [ -79.9946, 9.0721 ], [ -79.9948, 9.0742 ], [ -79.9934, 9.0716 ] ] ], [ [ [ -80.0073, 9.0745 ], [ -80.0071, 9.0747 ], [ -80.0071, 9.0744 ], [ -80.0073, 9.0745 ] ] ], [ [ [ -79.9998, 9.0749 ], [ -79.998, 9.0761 ], [ -79.9974, 9.0744 ], [ -79.9998, 9.0749 ] ] ], [ [ [ -79.9952, 9.075 ], [ -79.9955, 9.0754 ], [ -79.9953, 9.0754 ], [ -79.9952, 9.075 ] ] ], [ [ [ -80.0194, 9.0736 ], [ -80.0206, 9.0764 ], [ -80.0186, 9.0771 ], [ -80.0194, 9.0736 ] ] ], [ [ [ -79.9948, 9.0816 ], [ -79.9948, 9.0809 ], [ -79.995, 9.081 ], [ -79.9948, 9.0816 ] ] ], [ [ [ -79.9944, 9.0817 ], [ -79.9942, 9.0818 ], [ -79.9941, 9.0816 ], [ -79.9944, 9.0817 ] ] ], [ [ [ -79.9951, 9.083 ], [ -79.9952, 9.0822 ], [ -79.9955, 9.083 ], [ -79.9951, 9.083 ] ] ], [ [ [ -79.9956, 9.0846 ], [ -79.9956, 9.0847 ], [ -79.9954, 9.0847 ], [ -79.9956, 9.0846 ] ] ], [ [ [ -80.0165, 9.0848 ], [ -80.016, 9.0859 ], [ -80.0154, 9.0842 ], [ -80.0165, 9.0848 ] ] ], [ [ [ -80.0085, 9.0852 ], [ -80.0084, 9.0855 ], [ -80.0081, 9.085 ], [ -80.0085, 9.0852 ] ] ], [ [ [ -80.0009, 9.0857 ], [ -80.0012, 9.0857 ], [ -80.0012, 9.0858 ], [ -80.0009, 9.0857 ] ] ], [ [ [ -80.0109, 9.0881 ], [ -80.0115, 9.0855 ], [ -80.0117, 9.0856 ], [ -80.0109, 9.0881 ] ] ], [ [ [ -79.998, 9.0856 ], [ -79.9997, 9.0885 ], [ -79.9993, 9.0892 ], [ -79.998, 9.0856 ] ] ], [ [ [ -80.0027, 9.0875 ], [ -80.0034, 9.0878 ], [ -80.0033, 9.0879 ], [ -80.0027, 9.0875 ] ] ], [ [ [ -80.0041, 9.0906 ], [ -80.0042, 9.0909 ], [ -80.0037, 9.0907 ], [ -80.0041, 9.0906 ] ] ], [ [ [ -80.0138, 9.0914 ], [ -80.0138, 9.0917 ], [ -80.0135, 9.0917 ], [ -80.0138, 9.0914 ] ] ], [ [ [ -80.0122, 9.0949 ], [ -80.0135, 9.0926 ], [ -80.0156, 9.0979 ], [ -80.0122, 9.0949 ] ] ], [ [ [ -79.9953, 9.0983 ], [ -79.9955, 9.0977 ], [ -79.9958, 9.0979 ], [ -79.9953, 9.0983 ] ] ], [ [ [ -80.0139, 9.1006 ], [ -80.0141, 9.1007 ], [ -80.0136, 9.1016 ], [ -80.0139, 9.1006 ] ] ], [ [ [ -80.0094, 9.1011 ], [ -80.0096, 9.1013 ], [ -80.0093, 9.1015 ], [ -80.0094, 9.1011 ] ] ], [ [ [ -80.0025, 9.1023 ], [ -80.0022, 9.1017 ], [ -80.0024, 9.1017 ], [ -80.0025, 9.1023 ] ] ], [ [ [ -80.013, 9.102 ], [ -80.013, 9.1022 ], [ -80.0128, 9.1021 ], [ -80.013, 9.102 ] ] ], [ [ [ -79.998, 9.1024 ], [ -79.998, 9.1016 ], [ -79.9985, 9.102 ], [ -79.998, 9.1024 ] ] ], [ [ [ -80.0164, 9.1015 ], [ -80.0171, 9.1019 ], [ -80.0166, 9.1035 ], [ -80.0164, 9.1015 ] ] ], [ [ [ -80.0172, 9.1042 ], [ -80.0168, 9.1038 ], [ -80.0169, 9.1038 ], [ -80.0172, 9.1042 ] ] ], [ [ [ -80.0032, 9.1049 ], [ -80.003, 9.105 ], [ -80.0028, 9.1045 ], [ -80.0032, 9.1049 ] ] ], [ [ [ -80.0173, 9.1057 ], [ -80.017, 9.1056 ], [ -80.0171, 9.1054 ], [ -80.0173, 9.1057 ] ] ], [ [ [ -80.0134, 9.106 ], [ -80.0132, 9.106 ], [ -80.0134, 9.1055 ], [ -80.0134, 9.106 ] ] ], [ [ [ -79.9937, 9.1065 ], [ -79.9935, 9.1065 ], [ -79.9935, 9.1063 ], [ -79.9937, 9.1065 ] ] ], [ [ [ -79.9918, 9.1051 ], [ -79.9933, 9.1058 ], [ -79.9926, 9.1076 ], [ -79.9918, 9.1051 ] ] ], [ [ [ -80.0204, 9.1078 ], [ -80.0202, 9.1081 ], [ -80.019, 9.1078 ], [ -80.0204, 9.1078 ] ] ], [ [ [ -80.0, 9.1086 ], [ -80.0, 9.1068 ], [ -80.0006, 9.1078 ], [ -80.0, 9.1086 ] ] ], [ [ [ -79.9962, 9.1098 ], [ -79.997, 9.111 ], [ -79.9957, 9.1115 ], [ -79.9962, 9.1098 ] ] ], [ [ [ -80.0037, 9.1122 ], [ -80.0042, 9.1132 ], [ -80.0039, 9.1132 ], [ -80.0037, 9.1122 ] ] ], [ [ [ -80.0, 9.1136 ], [ -80.0, 9.113 ], [ -80.0001, 9.1131 ], [ -80.0, 9.1136 ] ] ], [ [ [ -80.0186, 9.116 ], [ -80.0169, 9.1166 ], [ -80.0174, 9.116 ], [ -80.0186, 9.116 ] ] ], [ [ [ -80.0191, 9.1171 ], [ -80.0186, 9.1173 ], [ -80.0196, 9.1166 ], [ -80.0191, 9.1171 ] ] ], [ [ [ -79.9934, 9.118 ], [ -79.9935, 9.1176 ], [ -79.9936, 9.118 ], [ -79.9934, 9.118 ] ] ], [ [ [ -79.987, 8.9804 ], [ -79.9869, 8.9805 ], [ -79.9855, 8.9805 ], [ -79.987, 8.9804 ] ] ], [ [ [ -79.988, 9.0067 ], [ -79.9878, 9.0067 ], [ -79.9881, 9.0063 ], [ -79.988, 9.0067 ] ] ], [ [ [ -79.9831, 9.0069 ], [ -79.983, 9.0068 ], [ -79.9831, 9.0068 ], [ -79.9831, 9.0069 ] ] ], [ [ [ -79.9914, 9.0142 ], [ -79.9914, 9.0144 ], [ -79.9913, 9.0142 ], [ -79.9914, 9.0142 ] ] ], [ [ [ -79.9882, 9.0178 ], [ -79.9881, 9.0181 ], [ -79.9879, 9.0179 ], [ -79.9882, 9.0178 ] ] ], [ [ [ -79.9889, 9.0205 ], [ -79.9888, 9.0207 ], [ -79.9886, 9.0206 ], [ -79.9889, 9.0205 ] ] ], [ [ [ -79.9913, 9.0207 ], [ -79.9912, 9.0207 ], [ -79.9914, 9.0205 ], [ -79.9913, 9.0207 ] ] ], [ [ [ -79.9852, 9.0223 ], [ -79.9853, 9.0225 ], [ -79.985, 9.0227 ], [ -79.9852, 9.0223 ] ] ], [ [ [ -79.9883, 9.0226 ], [ -79.9881, 9.0227 ], [ -79.988, 9.0225 ], [ -79.9883, 9.0226 ] ] ], [ [ [ -79.9856, 9.024 ], [ -79.9854, 9.0241 ], [ -79.9852, 9.024 ], [ -79.9856, 9.024 ] ] ], [ [ [ -79.9754, 9.028 ], [ -79.9756, 9.0282 ], [ -79.9754, 9.0281 ], [ -79.9754, 9.028 ] ] ], [ [ [ -79.9775, 9.0282 ], [ -79.9777, 9.0281 ], [ -79.9777, 9.0282 ], [ -79.9775, 9.0282 ] ] ], [ [ [ -79.9751, 9.0327 ], [ -79.9747, 9.0328 ], [ -79.9748, 9.0326 ], [ -79.9751, 9.0327 ] ] ], [ [ [ -79.9853, 9.0335 ], [ -79.9852, 9.0335 ], [ -79.9852, 9.0333 ], [ -79.9853, 9.0335 ] ] ], [ [ [ -79.9859, 9.034 ], [ -79.9857, 9.034 ], [ -79.9856, 9.0339 ], [ -79.9859, 9.034 ] ] ], [ [ [ -79.9742, 9.0345 ], [ -79.974, 9.0346 ], [ -79.974, 9.0343 ], [ -79.9742, 9.0345 ] ] ], [ [ [ -79.9845, 9.0346 ], [ -79.9842, 9.0347 ], [ -79.9842, 9.0346 ], [ -79.9845, 9.0346 ] ] ], [ [ [ -79.9858, 9.036 ], [ -79.9858, 9.0359 ], [ -79.986, 9.0357 ], [ -79.9858, 9.036 ] ] ], [ [ [ -79.985, 9.0377 ], [ -79.9849, 9.0374 ], [ -79.9851, 9.0374 ], [ -79.985, 9.0377 ] ] ], [ [ [ -79.9837, 9.038 ], [ -79.9838, 9.0379 ], [ -79.9839, 9.0381 ], [ -79.9837, 9.038 ] ] ], [ [ [ -79.9771, 9.0381 ], [ -79.9773, 9.0383 ], [ -79.9771, 9.0384 ], [ -79.9771, 9.0381 ] ] ], [ [ [ -79.9859, 9.0388 ], [ -79.9857, 9.0388 ], [ -79.9857, 9.0386 ], [ -79.9859, 9.0388 ] ] ], [ [ [ -79.9852, 9.0403 ], [ -79.9851, 9.0403 ], [ -79.9852, 9.0401 ], [ -79.9852, 9.0403 ] ] ], [ [ [ -79.9745, 9.0402 ], [ -79.9744, 9.0404 ], [ -79.9742, 9.0404 ], [ -79.9745, 9.0402 ] ] ], [ [ [ -79.9897, 9.0404 ], [ -79.9902, 9.0405 ], [ -79.9899, 9.0408 ], [ -79.9897, 9.0404 ] ] ], [ [ [ -79.9807, 9.0429 ], [ -79.9808, 9.0432 ], [ -79.9804, 9.0429 ], [ -79.9807, 9.0429 ] ] ], [ [ [ -79.9819, 9.044 ], [ -79.9823, 9.0445 ], [ -79.9821, 9.0444 ], [ -79.9819, 9.044 ] ] ], [ [ [ -79.9913, 9.046 ], [ -79.9914, 9.0461 ], [ -79.991, 9.0462 ], [ -79.9913, 9.046 ] ] ], [ [ [ -79.9753, 9.0531 ], [ -79.9769, 9.0526 ], [ -79.9767, 9.0548 ], [ -79.9753, 9.0531 ] ] ], [ [ [ -79.988, 9.0504 ], [ -79.9933, 9.0489 ], [ -79.9906, 9.0601 ], [ -79.988, 9.0504 ] ] ], [ [ [ -79.9786, 9.0549 ], [ -79.9781, 9.0541 ], [ -79.9782, 9.054 ], [ -79.9786, 9.0549 ] ] ], [ [ [ -79.9787, 9.0561 ], [ -79.9783, 9.0563 ], [ -79.9783, 9.0562 ], [ -79.9787, 9.0561 ] ] ], [ [ [ -79.9866, 9.0565 ], [ -79.9863, 9.056 ], [ -79.9872, 9.0561 ], [ -79.9866, 9.0565 ] ] ], [ [ [ -79.9798, 9.0571 ], [ -79.979, 9.057 ], [ -79.9794, 9.0565 ], [ -79.9798, 9.0571 ] ] ], [ [ [ -79.9883, 9.0614 ], [ -79.9881, 9.0615 ], [ -79.988, 9.0614 ], [ -79.9883, 9.0614 ] ] ], [ [ [ -79.9873, 9.0631 ], [ -79.9876, 9.0615 ], [ -79.9877, 9.0617 ], [ -79.9873, 9.0631 ] ] ], [ [ [ -79.9761, 9.0631 ], [ -79.9762, 9.0631 ], [ -79.9761, 9.0636 ], [ -79.9761, 9.0631 ] ] ], [ [ [ -79.9872, 9.0643 ], [ -79.9868, 9.0652 ], [ -79.9862, 9.0635 ], [ -79.9872, 9.0643 ] ] ], [ [ [ -79.9765, 9.0655 ], [ -79.9761, 9.0654 ], [ -79.9761, 9.0648 ], [ -79.9765, 9.0655 ] ] ], [ [ [ -79.9837, 9.0768 ], [ -79.9841, 9.0768 ], [ -79.984, 9.0771 ], [ -79.9837, 9.0768 ] ] ], [ [ [ -79.9833, 9.0792 ], [ -79.9836, 9.0781 ], [ -79.9839, 9.0784 ], [ -79.9833, 9.0792 ] ] ], [ [ [ -79.983, 9.0797 ], [ -79.9832, 9.0796 ], [ -79.9833, 9.0802 ], [ -79.983, 9.0797 ] ] ], [ [ [ -79.9899, 9.0837 ], [ -79.9897, 9.0827 ], [ -79.9903, 9.0825 ], [ -79.9899, 9.0837 ] ] ], [ [ [ -79.9856, 9.0847 ], [ -79.9849, 9.0853 ], [ -79.9846, 9.084 ], [ -79.9856, 9.0847 ] ] ], [ [ [ -79.9839, 9.0864 ], [ -79.9842, 9.0868 ], [ -79.9833, 9.0867 ], [ -79.9839, 9.0864 ] ] ], [ [ [ -79.991, 9.0899 ], [ -79.9865, 9.0884 ], [ -79.9914, 9.0877 ], [ -79.9909, 9.0838 ], [ -79.9952, 9.0873 ], [ -79.9932, 9.0907 ], [ -79.991, 9.0899 ] ] ], [ [ [ -79.991, 9.0899 ], [ -79.9912, 9.0901 ], [ -79.9909, 9.0902 ], [ -79.991, 9.0899 ] ] ], [ [ [ -79.9868, 9.0905 ], [ -79.9885, 9.0903 ], [ -79.9882, 9.0923 ], [ -79.9868, 9.0905 ] ] ], [ [ [ -79.99, 9.1099 ], [ -79.9894, 9.1065 ], [ -79.9917, 9.1085 ], [ -79.9896, 9.1116 ], [ -79.99, 9.1099 ] ] ], [ [ [ -79.9864, 9.1097 ], [ -79.9866, 9.1098 ], [ -79.9865, 9.1103 ], [ -79.9864, 9.1097 ] ] ], [ [ [ -79.9779, 9.1144 ], [ -79.9779, 9.1134 ], [ -79.9784, 9.1141 ], [ -79.9779, 9.1144 ] ] ], [ [ [ -79.9771, 9.1155 ], [ -79.9775, 9.1152 ], [ -79.9778, 9.1158 ], [ -79.9771, 9.1155 ] ] ], [ [ [ -79.9791, 9.1171 ], [ -79.9785, 9.1163 ], [ -79.9792, 9.1159 ], [ -79.9791, 9.1171 ] ] ], [ [ [ -79.9892, 9.1173 ], [ -79.9892, 9.1171 ], [ -79.9894, 9.1172 ], [ -79.9892, 9.1173 ] ] ], [ [ [ -79.9878, 9.1185 ], [ -79.9878, 9.1186 ], [ -79.9877, 9.1186 ], [ -79.9878, 9.1185 ] ] ], [ [ [ -79.9781, 9.1197 ], [ -79.9793, 9.1193 ], [ -79.9779, 9.1207 ], [ -79.9781, 9.1197 ] ] ], [ [ [ -79.9837, 9.1333 ], [ -79.9837, 9.1331 ], [ -79.9838, 9.1332 ], [ -79.9837, 9.1333 ] ] ], [ [ [ -79.9839, 9.2945 ], [ -79.9716, 9.2951 ], [ -79.9654, 9.2803 ], [ -79.9557, 9.2843 ], [ -79.9489, 9.282 ], [ -79.9431, 9.2832 ], [ -79.9399, 9.2697 ], [ -79.9438, 9.2663 ], [ -79.9439, 9.2594 ], [ -79.971, 9.2639 ], [ -79.9728, 9.273 ], [ -79.9683, 9.2821 ], [ -79.971, 9.2866 ], [ -79.9801, 9.2866 ], [ -80.0029, 9.3094 ], [ -80.0143, 9.3117 ], [ -80.0029, 9.3188 ], [ -79.9839, 9.2945 ] ], [ [ -79.9468, 9.2787 ], [ -79.9519, 9.2803 ], [ -79.9503, 9.2791 ], [ -79.9468, 9.2787 ] ] ], [ [ [ -79.9641, 8.9867 ], [ -79.9637, 8.9867 ], [ -79.9639, 8.9864 ], [ -79.9641, 8.9867 ] ] ], [ [ [ -79.9665, 8.9914 ], [ -79.9662, 8.9915 ], [ -79.9664, 8.9914 ], [ -79.9665, 8.9914 ] ] ], [ [ [ -79.962, 8.9939 ], [ -79.9621, 8.9938 ], [ -79.9622, 8.9939 ], [ -79.962, 8.9939 ] ] ], [ [ [ -79.962, 8.9993 ], [ -79.9621, 8.9998 ], [ -79.9619, 8.9997 ], [ -79.962, 8.9993 ] ] ], [ [ [ -79.9619, 9.0008 ], [ -79.9621, 9.0005 ], [ -79.9625, 9.0008 ], [ -79.9619, 9.0008 ] ] ], [ [ [ -79.9676, 9.0081 ], [ -79.9674, 9.0081 ], [ -79.9674, 9.0079 ], [ -79.9676, 9.0081 ] ] ], [ [ [ -79.97, 9.0131 ], [ -79.9703, 9.0129 ], [ -79.9703, 9.013 ], [ -79.97, 9.0131 ] ] ], [ [ [ -79.9696, 9.0139 ], [ -79.9696, 9.014 ], [ -79.9695, 9.014 ], [ -79.9696, 9.0139 ] ] ], [ [ [ -79.9722, 9.0172 ], [ -79.9723, 9.0173 ], [ -79.9721, 9.0172 ], [ -79.9722, 9.0172 ] ] ], [ [ [ -79.9693, 9.0209 ], [ -79.9694, 9.021 ], [ -79.9693, 9.0211 ], [ -79.9693, 9.0209 ] ] ], [ [ [ -79.9642, 9.0257 ], [ -79.9634, 9.0258 ], [ -79.9637, 9.025 ], [ -79.9642, 9.0257 ] ] ], [ [ [ -79.9624, 9.0264 ], [ -79.9625, 9.0258 ], [ -79.9629, 9.026 ], [ -79.9624, 9.0264 ] ] ], [ [ [ -79.9683, 9.0266 ], [ -79.9682, 9.0265 ], [ -79.9683, 9.0264 ], [ -79.9683, 9.0266 ] ] ], [ [ [ -79.9731, 9.0365 ], [ -79.9729, 9.0364 ], [ -79.9731, 9.0363 ], [ -79.9731, 9.0365 ] ] ], [ [ [ -79.971, 9.0364 ], [ -79.9709, 9.0367 ], [ -79.9707, 9.0367 ], [ -79.971, 9.0364 ] ] ], [ [ [ -79.9711, 9.0375 ], [ -79.9711, 9.0373 ], [ -79.9712, 9.0373 ], [ -79.9711, 9.0375 ] ] ], [ [ [ -79.9723, 9.0383 ], [ -79.9721, 9.0382 ], [ -79.9722, 9.0381 ], [ -79.9723, 9.0383 ] ] ], [ [ [ -79.9726, 9.0385 ], [ -79.9726, 9.0384 ], [ -79.9729, 9.0384 ], [ -79.9726, 9.0385 ] ] ], [ [ [ -79.9711, 9.0396 ], [ -79.9709, 9.0395 ], [ -79.971, 9.0393 ], [ -79.9711, 9.0396 ] ] ], [ [ [ -79.9704, 9.0407 ], [ -79.9706, 9.0397 ], [ -79.971, 9.0398 ], [ -79.9704, 9.0407 ] ] ], [ [ [ -79.9738, 9.0407 ], [ -79.9736, 9.0407 ], [ -79.9737, 9.0405 ], [ -79.9738, 9.0407 ] ] ], [ [ [ -79.961, 9.0394 ], [ -79.9626, 9.0401 ], [ -79.9617, 9.0421 ], [ -79.961, 9.0394 ] ] ], [ [ [ -79.9626, 9.0422 ], [ -79.9627, 9.0417 ], [ -79.963, 9.0421 ], [ -79.9626, 9.0422 ] ] ], [ [ [ -79.9676, 9.0424 ], [ -79.967, 9.0435 ], [ -79.9664, 9.0417 ], [ -79.9676, 9.0424 ] ] ], [ [ [ -79.9619, 9.0435 ], [ -79.9622, 9.0435 ], [ -79.9622, 9.0437 ], [ -79.9619, 9.0435 ] ] ], [ [ [ -79.9662, 9.0461 ], [ -79.9663, 9.0454 ], [ -79.9668, 9.0455 ], [ -79.9662, 9.0461 ] ] ], [ [ [ -79.9622, 9.0508 ], [ -79.9624, 9.0505 ], [ -79.9631, 9.0506 ], [ -79.9622, 9.0508 ] ] ], [ [ [ -79.9658, 9.0503 ], [ -79.9624, 9.0543 ], [ -79.9621, 9.0523 ], [ -79.9661, 9.0463 ], [ -79.9679, 9.0545 ], [ -79.9639, 9.055 ], [ -79.9658, 9.0503 ] ] ], [ [ [ -79.9678, 9.0515 ], [ -79.9681, 9.0515 ], [ -79.9682, 9.0517 ], [ -79.9678, 9.0515 ] ] ], [ [ [ -79.9684, 9.0523 ], [ -79.9682, 9.0525 ], [ -79.9681, 9.0524 ], [ -79.9684, 9.0523 ] ] ], [ [ [ -79.9685, 9.0557 ], [ -79.9679, 9.0558 ], [ -79.9682, 9.0549 ], [ -79.9685, 9.0557 ] ] ], [ [ [ -79.9708, 9.0578 ], [ -79.9709, 9.0578 ], [ -79.9709, 9.0582 ], [ -79.9708, 9.0578 ] ] ], [ [ [ -79.973, 9.0594 ], [ -79.9708, 9.0608 ], [ -79.9707, 9.0594 ], [ -79.973, 9.0594 ] ] ], [ [ [ -79.97, 9.0626 ], [ -79.9705, 9.0647 ], [ -79.9684, 9.0649 ], [ -79.97, 9.0626 ] ] ], [ [ [ -79.9681, 9.0654 ], [ -79.9683, 9.0658 ], [ -79.968, 9.0658 ], [ -79.9681, 9.0654 ] ] ], [ [ [ -79.9702, 9.0661 ], [ -79.9701, 9.0661 ], [ -79.9701, 9.0659 ], [ -79.9702, 9.0661 ] ] ], [ [ [ -79.97, 9.0666 ], [ -79.9698, 9.0665 ], [ -79.9699, 9.0663 ], [ -79.97, 9.0666 ] ] ], [ [ [ -79.9678, 9.0679 ], [ -79.9672, 9.0677 ], [ -79.9673, 9.0675 ], [ -79.9678, 9.0679 ] ] ], [ [ [ -79.9621, 9.079 ], [ -79.9621, 9.0791 ], [ -79.962, 9.0791 ], [ -79.9621, 9.079 ] ] ], [ [ [ -79.9613, 9.0821 ], [ -79.9612, 9.0823 ], [ -79.9611, 9.0822 ], [ -79.9613, 9.0821 ] ] ], [ [ [ -79.9672, 9.0827 ], [ -79.9671, 9.0829 ], [ -79.9664, 9.083 ], [ -79.9672, 9.0827 ] ] ], [ [ [ -79.9661, 9.0856 ], [ -79.9656, 9.0844 ], [ -79.9662, 9.0845 ], [ -79.9661, 9.0856 ] ] ], [ [ [ -79.9674, 9.0885 ], [ -79.9681, 9.0873 ], [ -79.9683, 9.0877 ], [ -79.9674, 9.0885 ] ] ], [ [ [ -79.9623, 9.0919 ], [ -79.9627, 9.0916 ], [ -79.963, 9.0919 ], [ -79.9623, 9.0919 ] ] ], [ [ [ -79.9606, 9.0921 ], [ -79.9616, 9.0914 ], [ -79.962, 9.092 ], [ -79.9606, 9.0921 ] ] ], [ [ [ -79.9628, 9.0955 ], [ -79.9635, 9.0952 ], [ -79.9637, 9.0957 ], [ -79.9628, 9.0955 ] ] ], [ [ [ -79.9724, 9.1196 ], [ -79.9726, 9.119 ], [ -79.973, 9.1194 ], [ -79.9724, 9.1196 ] ] ], [ [ [ -79.9717, 9.1218 ], [ -79.9714, 9.121 ], [ -79.9721, 9.1213 ], [ -79.9717, 9.1218 ] ] ], [ [ [ -79.9674, 9.1221 ], [ -79.9675, 9.1216 ], [ -79.9679, 9.1221 ], [ -79.9674, 9.1221 ] ] ], [ [ [ -79.9666, 9.1232 ], [ -79.9669, 9.1226 ], [ -79.9671, 9.1231 ], [ -79.9666, 9.1232 ] ] ], [ [ [ -79.9644, 9.1248 ], [ -79.964, 9.1248 ], [ -79.9641, 9.1246 ], [ -79.9644, 9.1248 ] ] ], [ [ [ -79.9652, 9.1251 ], [ -79.9655, 9.1255 ], [ -79.9651, 9.1256 ], [ -79.9652, 9.1251 ] ] ], [ [ [ -79.9715, 9.1298 ], [ -79.9713, 9.1301 ], [ -79.9713, 9.1298 ], [ -79.9715, 9.1298 ] ] ], [ [ [ -79.9639, 9.13 ], [ -79.9639, 9.1301 ], [ -79.9637, 9.13 ], [ -79.9639, 9.13 ] ] ], [ [ [ -79.9623, 9.1302 ], [ -79.9623, 9.1299 ], [ -79.9624, 9.13 ], [ -79.9623, 9.1302 ] ] ], [ [ [ -79.9615, 9.1327 ], [ -79.9614, 9.1327 ], [ -79.9613, 9.1325 ], [ -79.9615, 9.1327 ] ] ], [ [ [ -79.9621, 9.1393 ], [ -79.9631, 9.14 ], [ -79.962, 9.1401 ], [ -79.9621, 9.1393 ] ] ], [ [ [ -79.9638, 9.1398 ], [ -79.9637, 9.1399 ], [ -79.9636, 9.1398 ], [ -79.9638, 9.1398 ] ] ], [ [ [ -79.9655, 9.1409 ], [ -79.9656, 9.1408 ], [ -79.9657, 9.1409 ], [ -79.9655, 9.1409 ] ] ], [ [ [ -79.9537, 9.3502 ], [ -79.9458, 9.3538 ], [ -79.9582, 9.3389 ], [ -79.9537, 9.3288 ], [ -79.9603, 9.3213 ], [ -79.9604, 9.3157 ], [ -79.9547, 9.305 ], [ -79.9492, 9.3063 ], [ -79.9333, 9.2924 ], [ -79.9381, 9.2845 ], [ -79.9366, 9.2767 ], [ -79.9399, 9.2765 ], [ -79.9429, 9.285 ], [ -79.9496, 9.2826 ], [ -79.9546, 9.2855 ], [ -79.9651, 9.2816 ], [ -79.9716, 9.2951 ], [ -79.9727, 9.2972 ], [ -79.9831, 9.2954 ], [ -80.0036, 9.3199 ], [ -79.9982, 9.3229 ], [ -79.9802, 9.3002 ], [ -79.9619, 9.3226 ], [ -79.9617, 9.3608 ], [ -79.9589, 9.3601 ], [ -79.9607, 9.3578 ], [ -79.9537, 9.3502 ] ] ], [ [ [ -79.9556, 8.9728 ], [ -79.9552, 8.9731 ], [ -79.9557, 8.9725 ], [ -79.9556, 8.9728 ] ] ], [ [ [ -79.9595, 8.9952 ], [ -79.9596, 8.9951 ], [ -79.9596, 8.9955 ], [ -79.9595, 8.9952 ] ] ], [ [ [ -79.9611, 8.9977 ], [ -79.9609, 8.9977 ], [ -79.961, 8.9974 ], [ -79.9611, 8.9977 ] ] ], [ [ [ -79.9614, 9.0011 ], [ -79.9612, 9.0011 ], [ -79.9611, 9.0009 ], [ -79.9614, 9.0011 ] ] ], [ [ [ -79.9614, 9.0049 ], [ -79.9615, 9.0051 ], [ -79.9611, 9.0054 ], [ -79.9614, 9.0049 ] ] ], [ [ [ -79.9565, 9.0062 ], [ -79.9574, 9.0067 ], [ -79.9567, 9.0071 ], [ -79.9565, 9.0062 ] ] ], [ [ [ -79.9547, 9.0079 ], [ -79.9548, 9.0078 ], [ -79.9548, 9.008 ], [ -79.9547, 9.0079 ] ] ], [ [ [ -79.9537, 9.0086 ], [ -79.9538, 9.0085 ], [ -79.9538, 9.0087 ], [ -79.9537, 9.0086 ] ] ], [ [ [ -79.9546, 9.0088 ], [ -79.9551, 9.0086 ], [ -79.9549, 9.0091 ], [ -79.9546, 9.0088 ] ] ], [ [ [ -79.9554, 9.0088 ], [ -79.9559, 9.0087 ], [ -79.9555, 9.0092 ], [ -79.9554, 9.0088 ] ] ], [ [ [ -79.9554, 9.0102 ], [ -79.9548, 9.01 ], [ -79.9553, 9.0094 ], [ -79.9554, 9.0102 ] ] ], [ [ [ -79.9604, 9.0112 ], [ -79.9597, 9.0108 ], [ -79.9605, 9.0107 ], [ -79.9604, 9.0112 ] ] ], [ [ [ -79.9554, 9.0119 ], [ -79.9551, 9.0124 ], [ -79.955, 9.0122 ], [ -79.9554, 9.0119 ] ] ], [ [ [ -79.9558, 9.0156 ], [ -79.9559, 9.0155 ], [ -79.9559, 9.0157 ], [ -79.9558, 9.0156 ] ] ], [ [ [ -79.954, 9.0161 ], [ -79.9541, 9.0163 ], [ -79.9539, 9.0162 ], [ -79.954, 9.0161 ] ] ], [ [ [ -79.9564, 9.0162 ], [ -79.9566, 9.0165 ], [ -79.9564, 9.0166 ], [ -79.9564, 9.0162 ] ] ], [ [ [ -79.9613, 9.0236 ], [ -79.9601, 9.0242 ], [ -79.9607, 9.0224 ], [ -79.9613, 9.0236 ] ] ], [ [ [ -79.9612, 9.0269 ], [ -79.961, 9.0283 ], [ -79.9592, 9.0283 ], [ -79.9612, 9.0269 ] ] ], [ [ [ -79.9601, 9.0313 ], [ -79.9601, 9.0312 ], [ -79.9604, 9.0312 ], [ -79.9601, 9.0313 ] ] ], [ [ [ -79.953, 9.0318 ], [ -79.9535, 9.0308 ], [ -79.9539, 9.0314 ], [ -79.953, 9.0318 ] ] ], [ [ [ -79.9536, 9.0323 ], [ -79.9535, 9.0321 ], [ -79.9538, 9.032 ], [ -79.9536, 9.0323 ] ] ], [ [ [ -79.9535, 9.0328 ], [ -79.9553, 9.0324 ], [ -79.9538, 9.0339 ], [ -79.9535, 9.0328 ] ] ], [ [ [ -79.9571, 9.0344 ], [ -79.9571, 9.0346 ], [ -79.9568, 9.0347 ], [ -79.9571, 9.0344 ] ] ], [ [ [ -79.9576, 9.0358 ], [ -79.9582, 9.0353 ], [ -79.9583, 9.0357 ], [ -79.9576, 9.0358 ] ] ], [ [ [ -79.9593, 9.0368 ], [ -79.9604, 9.0361 ], [ -79.9603, 9.0365 ], [ -79.9593, 9.0368 ] ] ], [ [ [ -79.9559, 9.036 ], [ -79.9574, 9.0359 ], [ -79.9554, 9.0379 ], [ -79.9559, 9.036 ] ] ], [ [ [ -79.9571, 9.0385 ], [ -79.9571, 9.039 ], [ -79.9565, 9.0383 ], [ -79.9578, 9.037 ], [ -79.9571, 9.0385 ] ] ], [ [ [ -79.9517, 9.0434 ], [ -79.9513, 9.0435 ], [ -79.9514, 9.0433 ], [ -79.9517, 9.0434 ] ] ], [ [ [ -79.9516, 9.0445 ], [ -79.9514, 9.0447 ], [ -79.9513, 9.0445 ], [ -79.9516, 9.0445 ] ] ], [ [ [ -79.9525, 9.0449 ], [ -79.9537, 9.0443 ], [ -79.9539, 9.0448 ], [ -79.9525, 9.0449 ] ] ], [ [ [ -79.9519, 9.0448 ], [ -79.9515, 9.0453 ], [ -79.9507, 9.0453 ], [ -79.9519, 9.0448 ] ] ], [ [ [ -79.952, 9.0454 ], [ -79.9517, 9.0455 ], [ -79.9517, 9.0453 ], [ -79.952, 9.0454 ] ] ], [ [ [ -79.9553, 9.0491 ], [ -79.9543, 9.0497 ], [ -79.9541, 9.049 ], [ -79.9553, 9.0491 ] ] ], [ [ [ -79.9538, 9.0492 ], [ -79.9538, 9.0494 ], [ -79.9535, 9.0493 ], [ -79.9538, 9.0492 ] ] ], [ [ [ -79.954, 9.05 ], [ -79.9538, 9.0502 ], [ -79.9538, 9.0499 ], [ -79.954, 9.05 ] ] ], [ [ [ -79.9534, 9.0568 ], [ -79.9533, 9.0567 ], [ -79.9534, 9.0566 ], [ -79.9534, 9.0568 ] ] ], [ [ [ -79.9537, 9.058 ], [ -79.9534, 9.0582 ], [ -79.9535, 9.0579 ], [ -79.9537, 9.058 ] ] ], [ [ [ -79.9539, 9.0585 ], [ -79.9537, 9.0585 ], [ -79.9538, 9.0581 ], [ -79.9539, 9.0585 ] ] ], [ [ [ -79.9534, 9.06 ], [ -79.9538, 9.0599 ], [ -79.9537, 9.0603 ], [ -79.9534, 9.06 ] ] ], [ [ [ -79.9532, 9.0603 ], [ -79.953, 9.0604 ], [ -79.9528, 9.0603 ], [ -79.9532, 9.0603 ] ] ], [ [ [ -79.9535, 9.0606 ], [ -79.9534, 9.0607 ], [ -79.9533, 9.0605 ], [ -79.9535, 9.0606 ] ] ], [ [ [ -79.9549, 9.0629 ], [ -79.955, 9.063 ], [ -79.9545, 9.0631 ], [ -79.9549, 9.0629 ] ] ], [ [ [ -79.9543, 9.063 ], [ -79.9544, 9.063 ], [ -79.954, 9.0637 ], [ -79.9543, 9.063 ] ] ], [ [ [ -79.9532, 9.0642 ], [ -79.9534, 9.0641 ], [ -79.9535, 9.0643 ], [ -79.9532, 9.0642 ] ] ], [ [ [ -79.9597, 9.0653 ], [ -79.9594, 9.0654 ], [ -79.9593, 9.0653 ], [ -79.9597, 9.0653 ] ] ], [ [ [ -79.959, 9.072 ], [ -79.959, 9.0721 ], [ -79.9588, 9.0721 ], [ -79.959, 9.072 ] ] ], [ [ [ -79.9569, 9.072 ], [ -79.957, 9.0721 ], [ -79.9568, 9.0722 ], [ -79.9569, 9.072 ] ] ], [ [ [ -79.9612, 9.0725 ], [ -79.9611, 9.0724 ], [ -79.9612, 9.0724 ], [ -79.9612, 9.0725 ] ] ], [ [ [ -79.9596, 9.0783 ], [ -79.9597, 9.0783 ], [ -79.9597, 9.0785 ], [ -79.9596, 9.0783 ] ] ], [ [ [ -79.954, 9.0801 ], [ -79.954, 9.0802 ], [ -79.9538, 9.0801 ], [ -79.954, 9.0801 ] ] ], [ [ [ -79.9547, 9.0837 ], [ -79.9548, 9.0836 ], [ -79.9549, 9.0838 ], [ -79.9547, 9.0837 ] ] ], [ [ [ -79.9593, 9.0931 ], [ -79.9616, 9.0939 ], [ -79.9603, 9.0948 ], [ -79.9593, 9.0931 ] ] ], [ [ [ -79.952, 9.0931 ], [ -79.9525, 9.0952 ], [ -79.9514, 9.0956 ], [ -79.952, 9.0931 ] ] ], [ [ [ -79.9601, 9.095 ], [ -79.9593, 9.0973 ], [ -79.9581, 9.0954 ], [ -79.9601, 9.095 ] ] ], [ [ [ -79.9513, 9.0979 ], [ -79.9517, 9.0974 ], [ -79.9519, 9.0981 ], [ -79.9513, 9.0979 ] ] ], [ [ [ -79.9604, 9.1389 ], [ -79.9593, 9.1386 ], [ -79.9594, 9.1383 ], [ -79.9604, 9.1389 ] ] ], [ [ [ -79.937, 9.0209 ], [ -79.9373, 9.0209 ], [ -79.937, 9.0214 ], [ -79.937, 9.0209 ] ] ], [ [ [ -79.9475, 9.0211 ], [ -79.9474, 9.0212 ], [ -79.9474, 9.0211 ], [ -79.9475, 9.0211 ] ] ], [ [ [ -79.9504, 9.0311 ], [ -79.9504, 9.0313 ], [ -79.9501, 9.0315 ], [ -79.9504, 9.0311 ] ] ], [ [ [ -79.9424, 9.0378 ], [ -79.9424, 9.038 ], [ -79.9423, 9.0379 ], [ -79.9424, 9.0378 ] ] ], [ [ [ -79.9434, 9.0413 ], [ -79.9434, 9.0414 ], [ -79.9433, 9.0414 ], [ -79.9434, 9.0413 ] ] ], [ [ [ -79.9477, 9.044 ], [ -79.9476, 9.0439 ], [ -79.9477, 9.0439 ], [ -79.9477, 9.044 ] ] ], [ [ [ -79.9487, 9.0441 ], [ -79.9489, 9.0443 ], [ -79.9486, 9.0443 ], [ -79.9487, 9.0441 ] ] ], [ [ [ -79.9511, 9.0462 ], [ -79.9511, 9.0464 ], [ -79.9508, 9.0464 ], [ -79.9511, 9.0462 ] ] ], [ [ [ -79.9503, 9.047 ], [ -79.9505, 9.047 ], [ -79.9504, 9.0471 ], [ -79.9503, 9.047 ] ] ], [ [ [ -79.9494, 9.0537 ], [ -79.9494, 9.0536 ], [ -79.9495, 9.0537 ], [ -79.9494, 9.0537 ] ] ], [ [ [ -79.9513, 9.06 ], [ -79.9516, 9.06 ], [ -79.9514, 9.0602 ], [ -79.9506, 9.06 ], [ -79.9513, 9.06 ] ] ], [ [ [ -79.9423, 9.0641 ], [ -79.9424, 9.0641 ], [ -79.9423, 9.0642 ], [ -79.9423, 9.0641 ] ] ], [ [ [ -79.9266, 9.0655 ], [ -79.9267, 9.0655 ], [ -79.9265, 9.0657 ], [ -79.9266, 9.0655 ] ] ], [ [ [ -79.9307, 9.0712 ], [ -79.9306, 9.0712 ], [ -79.9307, 9.0711 ], [ -79.9307, 9.0712 ] ] ], [ [ [ -79.9426, 9.0798 ], [ -79.9426, 9.08 ], [ -79.9424, 9.0802 ], [ -79.9426, 9.0798 ] ] ], [ [ [ -79.9466, 9.0806 ], [ -79.9466, 9.0804 ], [ -79.9471, 9.0807 ], [ -79.9466, 9.0806 ] ] ], [ [ [ -79.9364, 9.0814 ], [ -79.9366, 9.0815 ], [ -79.9365, 9.0815 ], [ -79.9364, 9.0814 ] ] ], [ [ [ -79.9454, 9.0843 ], [ -79.9455, 9.0843 ], [ -79.9454, 9.0844 ], [ -79.9454, 9.0843 ] ] ], [ [ [ -79.9287, 9.0862 ], [ -79.9289, 9.0859 ], [ -79.929, 9.0861 ], [ -79.9287, 9.0862 ] ] ], [ [ [ -79.9286, 9.087 ], [ -79.9285, 9.087 ], [ -79.9286, 9.0868 ], [ -79.9286, 9.087 ] ] ], [ [ [ -79.9492, 9.0885 ], [ -79.949, 9.0888 ], [ -79.949, 9.0883 ], [ -79.9492, 9.0885 ] ] ], [ [ [ -79.9336, 9.0884 ], [ -79.9337, 9.0884 ], [ -79.9337, 9.0886 ], [ -79.9336, 9.0884 ] ] ], [ [ [ -79.9425, 9.0913 ], [ -79.9426, 9.0914 ], [ -79.9425, 9.0914 ], [ -79.9425, 9.0913 ] ] ], [ [ [ -79.9321, 9.0917 ], [ -79.932, 9.0918 ], [ -79.932, 9.0917 ], [ -79.9321, 9.0917 ] ] ], [ [ [ -79.9374, 9.0922 ], [ -79.9369, 9.0914 ], [ -79.9372, 9.0916 ], [ -79.9374, 9.0922 ] ] ], [ [ [ -79.9319, 9.0947 ], [ -79.9318, 9.0947 ], [ -79.9319, 9.0946 ], [ -79.9319, 9.0947 ] ] ], [ [ [ -79.9345, 9.0943 ], [ -79.9351, 9.0943 ], [ -79.9357, 9.0962 ], [ -79.9345, 9.0943 ] ] ], [ [ [ -79.9376, 9.0956 ], [ -79.9364, 9.0976 ], [ -79.9361, 9.0949 ], [ -79.9376, 9.0956 ] ] ], [ [ [ -79.9416, 9.0955 ], [ -79.9398, 9.0981 ], [ -79.9395, 9.0976 ], [ -79.9416, 9.0955 ] ] ], [ [ [ -79.9336, 9.0973 ], [ -79.9339, 9.0973 ], [ -79.9337, 9.0979 ], [ -79.9336, 9.0973 ] ] ], [ [ [ -79.9297, 9.0988 ], [ -79.9286, 9.0988 ], [ -79.9289, 9.0963 ], [ -79.9297, 9.0988 ] ] ], [ [ [ -79.9324, 9.0984 ], [ -79.9329, 9.098 ], [ -79.9331, 9.0983 ], [ -79.9324, 9.0984 ] ] ], [ [ [ -79.9397, 9.0986 ], [ -79.9398, 9.0983 ], [ -79.94, 9.0986 ], [ -79.9397, 9.0986 ] ] ], [ [ [ -79.9479, 9.1012 ], [ -79.9487, 9.103 ], [ -79.947, 9.1035 ], [ -79.9479, 9.1012 ] ] ], [ [ [ -79.9285, 9.1014 ], [ -79.9294, 9.1026 ], [ -79.9274, 9.1033 ], [ -79.9285, 9.1014 ] ] ], [ [ [ -79.9317, 9.1044 ], [ -79.9321, 9.1044 ], [ -79.9321, 9.1046 ], [ -79.9317, 9.1044 ] ] ], [ [ [ -79.9306, 9.1056 ], [ -79.934, 9.1072 ], [ -79.9323, 9.1078 ], [ -79.9306, 9.1056 ] ] ], [ [ [ -79.9267, 9.1125 ], [ -79.9248, 9.1054 ], [ -79.9285, 9.1068 ], [ -79.9267, 9.1125 ] ] ], [ [ [ -79.9277, 9.1143 ], [ -79.9279, 9.1143 ], [ -79.9278, 9.1148 ], [ -79.9277, 9.1143 ] ] ], [ [ [ -79.9264, 9.1155 ], [ -79.9265, 9.1149 ], [ -79.927, 9.1153 ], [ -79.9264, 9.1155 ] ] ], [ [ [ -79.9256, 9.1153 ], [ -79.926, 9.1155 ], [ -79.926, 9.1156 ], [ -79.9256, 9.1153 ] ] ], [ [ [ -79.9281, 9.1176 ], [ -79.9282, 9.1167 ], [ -79.9286, 9.1171 ], [ -79.9281, 9.1176 ] ] ], [ [ [ -79.9301, 9.1175 ], [ -79.9302, 9.1178 ], [ -79.93, 9.1179 ], [ -79.9301, 9.1175 ] ] ], [ [ [ -79.9254, 9.1177 ], [ -79.9261, 9.1178 ], [ -79.926, 9.1181 ], [ -79.9254, 9.1177 ] ] ], [ [ [ -79.9315, 9.1196 ], [ -79.9316, 9.1196 ], [ -79.9311, 9.1199 ], [ -79.9315, 9.1196 ] ] ], [ [ [ -79.931, 9.1226 ], [ -79.9311, 9.1212 ], [ -79.9314, 9.1213 ], [ -79.931, 9.1226 ] ] ], [ [ [ -79.9439, 9.1261 ], [ -79.9441, 9.1265 ], [ -79.9436, 9.1266 ], [ -79.9439, 9.1261 ] ] ], [ [ [ -79.9298, 9.1244 ], [ -79.9321, 9.1276 ], [ -79.9253, 9.1286 ], [ -79.9298, 9.1244 ] ] ], [ [ [ -79.9255, 9.1291 ], [ -79.9257, 9.1288 ], [ -79.9262, 9.1291 ], [ -79.9255, 9.1291 ] ] ], [ [ [ -79.9313, 9.1296 ], [ -79.9314, 9.1314 ], [ -79.93, 9.1308 ], [ -79.9313, 9.1296 ] ] ], [ [ [ -79.9423, 9.13 ], [ -79.9427, 9.13 ], [ -79.9425, 9.1305 ], [ -79.9423, 9.13 ] ] ], [ [ [ -79.9399, 9.1313 ], [ -79.9399, 9.1307 ], [ -79.9403, 9.1307 ], [ -79.9399, 9.1313 ] ] ], [ [ [ -79.9286, 9.1354 ], [ -79.9274, 9.1356 ], [ -79.9278, 9.1349 ], [ -79.9286, 9.1354 ] ] ], [ [ [ -79.9303, 9.1354 ], [ -79.9307, 9.1356 ], [ -79.9306, 9.1358 ], [ -79.9303, 9.1354 ] ] ], [ [ [ -79.9349, 9.1398 ], [ -79.9347, 9.1391 ], [ -79.9353, 9.1394 ], [ -79.9349, 9.1398 ] ] ], [ [ [ -79.9398, 9.1402 ], [ -79.939, 9.1416 ], [ -79.9381, 9.141 ], [ -79.9398, 9.1402 ] ] ], [ [ [ -79.9405, 9.1411 ], [ -79.9408, 9.1413 ], [ -79.9405, 9.1414 ], [ -79.9405, 9.1411 ] ] ], [ [ [ -79.9383, 9.1451 ], [ -79.9385, 9.1455 ], [ -79.9383, 9.1455 ], [ -79.9383, 9.1451 ] ] ], [ [ [ -79.9269, 9.1662 ], [ -79.9265, 9.1653 ], [ -79.9273, 9.1654 ], [ -79.9269, 9.1662 ] ] ], [ [ [ -79.9286, 9.1666 ], [ -79.9282, 9.1665 ], [ -79.9285, 9.1661 ], [ -79.9286, 9.1666 ] ] ], [ [ [ -79.9277, 9.1673 ], [ -79.9275, 9.1676 ], [ -79.9273, 9.1671 ], [ -79.9277, 9.1673 ] ] ], [ [ [ -79.93, 9.1681 ], [ -79.9306, 9.1707 ], [ -79.9295, 9.1709 ], [ -79.93, 9.1681 ] ] ], [ [ [ -79.9429, 9.1786 ], [ -79.9437, 9.1794 ], [ -79.943, 9.1797 ], [ -79.9429, 9.1786 ] ] ], [ [ [ -79.9379, 9.1765 ], [ -79.9422, 9.1767 ], [ -79.9391, 9.1786 ], [ -79.9403, 9.1829 ], [ -79.9379, 9.1765 ] ] ], [ [ [ -79.9438, 9.1825 ], [ -79.9435, 9.183 ], [ -79.9432, 9.1827 ], [ -79.9438, 9.1825 ] ] ], [ [ [ -79.9221, 9.0717 ], [ -79.9219, 9.0718 ], [ -79.922, 9.0716 ], [ -79.9221, 9.0717 ] ] ], [ [ [ -79.9228, 9.0763 ], [ -79.9227, 9.0765 ], [ -79.9227, 9.0763 ], [ -79.9228, 9.0763 ] ] ], [ [ [ -79.9081, 9.0817 ], [ -79.9081, 9.0818 ], [ -79.908, 9.0817 ], [ -79.9081, 9.0817 ] ] ], [ [ [ -79.9104, 9.0859 ], [ -79.9106, 9.086 ], [ -79.9104, 9.086 ], [ -79.9104, 9.0859 ] ] ], [ [ [ -79.9062, 9.0862 ], [ -79.9063, 9.0863 ], [ -79.9061, 9.0863 ], [ -79.9062, 9.0862 ] ] ], [ [ [ -79.913, 9.089 ], [ -79.9129, 9.0887 ], [ -79.913, 9.0888 ], [ -79.913, 9.089 ] ] ], [ [ [ -79.9146, 9.0917 ], [ -79.9148, 9.0916 ], [ -79.9146, 9.0918 ], [ -79.9146, 9.0917 ] ] ], [ [ [ -79.9226, 9.0917 ], [ -79.924, 9.0933 ], [ -79.9227, 9.0924 ], [ -79.9226, 9.0917 ] ] ], [ [ [ -79.9228, 9.0944 ], [ -79.9238, 9.0952 ], [ -79.921, 9.0955 ], [ -79.9228, 9.0944 ] ] ], [ [ [ -79.9217, 9.0993 ], [ -79.9216, 9.0993 ], [ -79.9216, 9.0992 ], [ -79.9217, 9.0993 ] ] ], [ [ [ -79.9245, 9.1016 ], [ -79.9252, 9.1004 ], [ -79.9252, 9.1006 ], [ -79.9245, 9.1016 ] ] ], [ [ [ -79.9175, 9.1046 ], [ -79.9177, 9.1046 ], [ -79.9175, 9.1047 ], [ -79.9175, 9.1046 ] ] ], [ [ [ -79.9211, 9.1056 ], [ -79.9212, 9.1055 ], [ -79.9213, 9.1056 ], [ -79.9211, 9.1056 ] ] ], [ [ [ -79.9096, 9.1072 ], [ -79.9097, 9.1074 ], [ -79.9095, 9.1074 ], [ -79.9096, 9.1072 ] ] ], [ [ [ -79.9247, 9.111 ], [ -79.9249, 9.1095 ], [ -79.9254, 9.1098 ], [ -79.9247, 9.111 ] ] ], [ [ [ -79.9082, 9.1134 ], [ -79.9081, 9.1136 ], [ -79.9079, 9.1135 ], [ -79.9082, 9.1134 ] ] ], [ [ [ -79.9243, 9.1142 ], [ -79.9236, 9.1147 ], [ -79.9239, 9.1129 ], [ -79.9243, 9.1142 ] ] ], [ [ [ -79.9223, 9.1142 ], [ -79.9233, 9.1159 ], [ -79.9219, 9.1155 ], [ -79.9223, 9.1142 ] ] ], [ [ [ -79.9248, 9.1162 ], [ -79.925, 9.1172 ], [ -79.9238, 9.1168 ], [ -79.9248, 9.1162 ] ] ], [ [ [ -79.9208, 9.1232 ], [ -79.9207, 9.1233 ], [ -79.9205, 9.1231 ], [ -79.9208, 9.1232 ] ] ], [ [ [ -79.9225, 9.1229 ], [ -79.9226, 9.1233 ], [ -79.9224, 9.1234 ], [ -79.9225, 9.1229 ] ] ], [ [ [ -79.9232, 9.1256 ], [ -79.9234, 9.1257 ], [ -79.9231, 9.1259 ], [ -79.9232, 9.1256 ] ] ], [ [ [ -79.8675, 9.125 ], [ -79.8698, 9.1234 ], [ -79.8706, 9.1282 ], [ -79.8675, 9.125 ] ] ], [ [ [ -79.8733, 9.1259 ], [ -79.8739, 9.126 ], [ -79.8738, 9.1264 ], [ -79.8733, 9.1259 ] ] ], [ [ [ -79.9242, 9.127 ], [ -79.9245, 9.1266 ], [ -79.9247, 9.1267 ], [ -79.9242, 9.127 ] ] ], [ [ [ -79.8669, 9.1272 ], [ -79.8679, 9.1266 ], [ -79.8679, 9.127 ], [ -79.8669, 9.1272 ] ] ], [ [ [ -79.8803, 9.1278 ], [ -79.8802, 9.1276 ], [ -79.8804, 9.1276 ], [ -79.8803, 9.1278 ] ] ], [ [ [ -79.8795, 9.1279 ], [ -79.8798, 9.1282 ], [ -79.8796, 9.1283 ], [ -79.8795, 9.1279 ] ] ], [ [ [ -79.9234, 9.1282 ], [ -79.9237, 9.1281 ], [ -79.9238, 9.1285 ], [ -79.9234, 9.1282 ] ] ], [ [ [ -79.8776, 9.1284 ], [ -79.8779, 9.1288 ], [ -79.8777, 9.1288 ], [ -79.8776, 9.1284 ] ] ], [ [ [ -79.8775, 9.1292 ], [ -79.8774, 9.1291 ], [ -79.8777, 9.1289 ], [ -79.8775, 9.1292 ] ] ], [ [ [ -79.8754, 9.1297 ], [ -79.8775, 9.1295 ], [ -79.8761, 9.1323 ], [ -79.8754, 9.1297 ] ] ], [ [ [ -79.8791, 9.1372 ], [ -79.8788, 9.1372 ], [ -79.8797, 9.136 ], [ -79.8791, 9.1372 ] ] ], [ [ [ -79.9029, 9.1438 ], [ -79.9032, 9.1437 ], [ -79.9029, 9.1444 ], [ -79.9029, 9.1438 ] ] ], [ [ [ -79.9023, 9.146 ], [ -79.9022, 9.1455 ], [ -79.9029, 9.1455 ], [ -79.9023, 9.146 ] ] ], [ [ [ -79.9036, 9.1463 ], [ -79.904, 9.1477 ], [ -79.9024, 9.1475 ], [ -79.9036, 9.1463 ] ] ], [ [ [ -79.8983, 9.1619 ], [ -79.8976, 9.1634 ], [ -79.8972, 9.1607 ], [ -79.8983, 9.1619 ] ] ], [ [ [ -79.8986, 9.1623 ], [ -79.8998, 9.1642 ], [ -79.8983, 9.1642 ], [ -79.8986, 9.1623 ] ] ], [ [ [ -79.571, 9.1957 ], [ -79.5643, 9.1973 ], [ -79.565, 9.1913 ], [ -79.5627, 9.1906 ], [ -79.5624, 9.1962 ], [ -79.5569, 9.1981 ], [ -79.554, 9.1818 ], [ -79.563, 9.178 ], [ -79.5672, 9.1826 ], [ -79.5742, 9.1829 ], [ -79.5791, 9.1741 ], [ -79.5832, 9.1802 ], [ -79.5825, 9.1901 ], [ -79.5782, 9.1886 ], [ -79.5787, 9.1957 ], [ -79.5733, 9.1988 ], [ -79.571, 9.1957 ] ] ], [ [ [ -79.6078, 9.2474 ], [ -79.6079, 9.2519 ], [ -79.5987, 9.2501 ], [ -79.6008, 9.2545 ], [ -79.5888, 9.2613 ], [ -79.5907, 9.2537 ], [ -79.5868, 9.2551 ], [ -79.5929, 9.2523 ], [ -79.5931, 9.2464 ], [ -79.6023, 9.2468 ], [ -79.5898, 9.2379 ], [ -79.5892, 9.2267 ], [ -79.5922, 9.2276 ], [ -79.5891, 9.2208 ], [ -79.5969, 9.2231 ], [ -79.6007, 9.2208 ], [ -79.5973, 9.2267 ], [ -79.5999, 9.2248 ], [ -79.6004, 9.2285 ], [ -79.6069, 9.2282 ], [ -79.6049, 9.2312 ], [ -79.6062, 9.2316 ], [ -79.6092, 9.2314 ], [ -79.6062, 9.2306 ], [ -79.6093, 9.2259 ], [ -79.6131, 9.2279 ], [ -79.6181, 9.2222 ], [ -79.6215, 9.223 ], [ -79.6197, 9.2131 ], [ -79.6177, 9.2162 ], [ -79.6175, 9.2142 ], [ -79.6201, 9.2125 ], [ -79.6227, 9.2235 ], [ -79.6112, 9.2312 ], [ -79.6095, 9.2381 ], [ -79.6041, 9.243 ], [ -79.6061, 9.2468 ], [ -79.6106, 9.2464 ], [ -79.6112, 9.2508 ], [ -79.6078, 9.2474 ] ] ], [ [ [ -79.8074, 9.2463 ], [ -79.8071, 9.2463 ], [ -79.8072, 9.2458 ], [ -79.8074, 9.2463 ] ] ], [ [ [ -79.8084, 9.2473 ], [ -79.8078, 9.2477 ], [ -79.8076, 9.2472 ], [ -79.8084, 9.2473 ] ] ], [ [ [ -79.8068, 9.2475 ], [ -79.8072, 9.2478 ], [ -79.8066, 9.2483 ], [ -79.8068, 9.2475 ] ] ], [ [ [ -79.7825, 9.2502 ], [ -79.7828, 9.2503 ], [ -79.7827, 9.2506 ], [ -79.7825, 9.2502 ] ] ], [ [ [ -79.7807, 9.2508 ], [ -79.781, 9.251 ], [ -79.7809, 9.2512 ], [ -79.7807, 9.2508 ] ] ], [ [ [ -79.7818, 9.2517 ], [ -79.782, 9.2518 ], [ -79.7818, 9.2521 ], [ -79.7818, 9.2517 ] ] ], [ [ [ -79.7798, 9.2521 ], [ -79.7798, 9.2519 ], [ -79.7806, 9.252 ], [ -79.7798, 9.2521 ] ] ], [ [ [ -79.783, 9.2523 ], [ -79.7833, 9.2523 ], [ -79.7834, 9.2526 ], [ -79.783, 9.2523 ] ] ], [ [ [ -79.7801, 9.2526 ], [ -79.7803, 9.2529 ], [ -79.7798, 9.253 ], [ -79.7801, 9.2526 ] ] ], [ [ [ -79.79, 9.2533 ], [ -79.7898, 9.2531 ], [ -79.79, 9.2529 ], [ -79.79, 9.2533 ] ] ], [ [ [ -79.7966, 9.254 ], [ -79.7967, 9.2537 ], [ -79.7973, 9.2542 ], [ -79.7966, 9.254 ] ] ], [ [ [ -79.87, 9.2812 ], [ -79.8844, 9.2839 ], [ -79.8868, 9.2723 ], [ -79.8973, 9.2646 ], [ -79.9067, 9.264 ], [ -79.9093, 9.279 ], [ -79.9057, 9.2779 ], [ -79.9031, 9.2782 ], [ -79.8915, 9.2859 ], [ -79.8739, 9.2844 ], [ -79.87, 9.2812 ] ] ], [ [ [ -79.6131, 9.2546 ], [ -79.6067, 9.2589 ], [ -79.606, 9.2671 ], [ -79.5989, 9.2714 ], [ -79.6006, 9.2807 ], [ -79.5945, 9.2957 ], [ -79.5896, 9.3253 ], [ -79.5877, 9.3296 ], [ -79.5828, 9.3302 ], [ -79.5809, 9.3219 ], [ -79.5864, 9.3061 ], [ -79.5814, 9.3055 ], [ -79.5869, 9.3049 ], [ -79.593, 9.278 ], [ -79.5977, 9.2711 ], [ -79.5933, 9.2702 ], [ -79.5934, 9.2626 ], [ -79.5961, 9.2636 ], [ -79.599, 9.2591 ], [ -79.6012, 9.2679 ], [ -79.6037, 9.2655 ], [ -79.6013, 9.2554 ], [ -79.6127, 9.2518 ], [ -79.6131, 9.2546 ] ] ], [ [ [ -79.8758, 9.3042 ], [ -79.8753, 9.3 ], [ -79.8676, 9.2963 ], [ -79.8714, 9.2966 ], [ -79.8706, 9.2916 ], [ -79.8756, 9.2963 ], [ -79.8794, 9.2916 ], [ -79.8729, 9.2844 ], [ -79.8916, 9.2864 ], [ -79.9033, 9.2787 ], [ -79.9057, 9.2784 ], [ -79.9095, 9.2799 ], [ -79.9039, 9.2794 ], [ -79.8956, 9.2867 ], [ -79.88, 9.2892 ], [ -79.8762, 9.3058 ], [ -79.8723, 9.3051 ], [ -79.8758, 9.3042 ] ] ], [ [ [ -79.8755, 9.306 ], [ -79.8761, 9.306 ], [ -79.8754, 9.3085 ], [ -79.8755, 9.306 ] ] ], [ [ [ -79.8317, 9.334 ], [ -79.8309, 9.3381 ], [ -79.8218, 9.3429 ], [ -79.8194, 9.3405 ], [ -79.8202, 9.3449 ], [ -79.8257, 9.3417 ], [ -79.8226, 9.3459 ], [ -79.8262, 9.345 ], [ -79.8357, 9.3343 ], [ -79.8372, 9.3236 ], [ -79.8451, 9.3219 ], [ -79.8421, 9.3252 ], [ -79.8451, 9.3241 ], [ -79.8452, 9.3256 ], [ -79.8389, 9.3269 ], [ -79.8382, 9.3302 ], [ -79.8436, 9.3292 ], [ -79.8419, 9.3308 ], [ -79.8422, 9.3336 ], [ -79.846, 9.3282 ], [ -79.8467, 9.3337 ], [ -79.844, 9.3328 ], [ -79.8416, 9.3341 ], [ -79.8382, 9.3332 ], [ -79.8344, 9.3424 ], [ -79.8223, 9.3523 ], [ -79.8134, 9.3444 ], [ -79.8193, 9.339 ], [ -79.8317, 9.334 ] ] ], [ [ [ -79.5567, 9.347 ], [ -79.5745, 9.3342 ], [ -79.5773, 9.3246 ], [ -79.5822, 9.3362 ], [ -79.5889, 9.3342 ], [ -79.5862, 9.3398 ], [ -79.5756, 9.3437 ], [ -79.5703, 9.3402 ], [ -79.5661, 9.3468 ], [ -79.5719, 9.3513 ], [ -79.5819, 9.3512 ], [ -79.5799, 9.3563 ], [ -79.5592, 9.3551 ], [ -79.5567, 9.347 ] ] ], [ [ [ -79.8449, 9.3844 ], [ -79.8449, 9.3871 ], [ -79.8437, 9.3863 ], [ -79.8449, 9.3844 ] ] ], [ [ [ -79.8492, 9.3951 ], [ -79.85, 9.3923 ], [ -79.8466, 9.3898 ], [ -79.8486, 9.3882 ], [ -79.8538, 9.3959 ], [ -79.8492, 9.3951 ] ] ], [ [ [ -79.8479, 9.3941 ], [ -79.8483, 9.3921 ], [ -79.8494, 9.3924 ], [ -79.8479, 9.3941 ] ] ] ] } },
{ "type": "Feature", "properties": { "name": "Islas Advent, Zorra y Juan Gallego", "category": "Área Silvestre Protegida", "iucn": null, "realm": "100% Land", "hectares": 1799.6663946829858, "established": 1997.0, "designation": null }, "geometry": { "type": "MultiPolygon", "coordinates": [ [ [ [ -79.8851, 9.2302 ], [ -79.8857, 9.2299 ], [ -79.8859, 9.2303 ], [ -79.8851, 9.2302 ] ] ], [ [ [ -79.888, 9.2313 ], [ -79.8921, 9.2239 ], [ -79.8976, 9.2297 ], [ -79.8959, 9.2315 ], [ -79.8919, 9.2271 ], [ -79.8938, 9.2318 ], [ -79.888, 9.2313 ] ] ], [ [ [ -79.8882, 9.2339 ], [ -79.8853, 9.2323 ], [ -79.8864, 9.2314 ], [ -79.8882, 9.2339 ] ] ], [ [ [ -79.8697, 9.2375 ], [ -79.8704, 9.2374 ], [ -79.8703, 9.2376 ], [ -79.8697, 9.2375 ] ] ], [ [ [ -79.903, 9.2441 ], [ -79.9007, 9.2412 ], [ -79.901, 9.2388 ], [ -79.9026, 9.2384 ], [ -79.9029, 9.2372 ], [ -79.8987, 9.2383 ], [ -79.8986, 9.2412 ], [ -79.8959, 9.2396 ], [ -79.9049, 9.2315 ], [ -79.9075, 9.2376 ], [ -79.903, 9.2441 ] ] ], [ [ [ -79.8536, 9.2482 ], [ -79.8495, 9.237 ], [ -79.8468, 9.2392 ], [ -79.8432, 9.2334 ], [ -79.8485, 9.2361 ], [ -79.8485, 9.2323 ], [ -79.8572, 9.2288 ], [ -79.8479, 9.223 ], [ -79.8521, 9.2221 ], [ -79.8479, 9.2213 ], [ -79.8514, 9.2103 ], [ -79.8535, 9.2081 ], [ -79.8578, 9.2116 ], [ -79.8549, 9.2075 ], [ -79.8583, 9.2102 ], [ -79.8613, 9.2061 ], [ -79.8592, 9.2118 ], [ -79.8614, 9.2124 ], [ -79.8628, 9.2079 ], [ -79.8664, 9.2084 ], [ -79.8638, 9.2053 ], [ -79.8672, 9.2019 ], [ -79.8676, 9.2232 ], [ -79.8727, 9.2245 ], [ -79.8708, 9.2319 ], [ -79.8749, 9.2381 ], [ -79.8723, 9.2399 ], [ -79.8694, 9.2341 ], [ -79.8675, 9.236 ], [ -79.868, 9.2339 ], [ -79.8628, 9.2314 ], [ -79.8648, 9.2334 ], [ -79.8618, 9.2357 ], [ -79.8558, 9.231 ], [ -79.8564, 9.2389 ], [ -79.8594, 9.2389 ], [ -79.8555, 9.2414 ], [ -79.8567, 9.2443 ], [ -79.854, 9.2432 ], [ -79.8577, 9.2473 ], [ -79.8536, 9.2482 ] ] ], [ [ [ -79.8002, 9.2564 ], [ -79.7987, 9.2559 ], [ -79.8003, 9.2552 ], [ -79.8002, 9.2564 ] ] ], [ [ [ -79.7912, 9.2576 ], [ -79.7905, 9.2565 ], [ -79.792, 9.2572 ], [ -79.7912, 9.2576 ] ] ], [ [ [ -79.8636, 9.2579 ], [ -79.8639, 9.2575 ], [ -79.8642, 9.2579 ], [ -79.8636, 9.2579 ] ] ], [ [ [ -79.8572, 9.2612 ], [ -79.857, 9.2571 ], [ -79.8623, 9.2567 ], [ -79.862, 9.2595 ], [ -79.8572, 9.2612 ] ] ], [ [ [ -79.8553, 9.2624 ], [ -79.8567, 9.2628 ], [ -79.8564, 9.2635 ], [ -79.8553, 9.2624 ] ] ], [ [ [ -79.7879, 9.2613 ], [ -79.7804, 9.2624 ], [ -79.784, 9.2575 ], [ -79.7865, 9.2581 ], [ -79.7841, 9.2615 ], [ -79.7879, 9.2613 ] ] ], [ [ [ -79.8613, 9.2659 ], [ -79.8585, 9.2658 ], [ -79.8615, 9.2648 ], [ -79.8613, 9.2659 ] ] ], [ [ [ -79.8581, 9.2665 ], [ -79.856, 9.2651 ], [ -79.8561, 9.2642 ], [ -79.8581, 9.2665 ] ] ], [ [ [ -79.8604, 9.2669 ], [ -79.8623, 9.2679 ], [ -79.8604, 9.2682 ], [ -79.8604, 9.2669 ] ] ], [ [ [ -79.8702, 9.2807 ], [ -79.8668, 9.2778 ], [ -79.8713, 9.2786 ], [ -79.8702, 9.2807 ] ] ], [ [ [ -79.8258, 9.2824 ], [ -79.8263, 9.2817 ], [ -79.8263, 9.2819 ], [ -79.8258, 9.2824 ] ] ], [ [ [ -79.8417, 9.2827 ], [ -79.8423, 9.2823 ], [ -79.8423, 9.2826 ], [ -79.8417, 9.2827 ] ] ], [ [ [ -79.838, 9.2837 ], [ -79.8389, 9.2827 ], [ -79.8391, 9.2841 ], [ -79.838, 9.2837 ] ] ], [ [ [ -79.8626, 9.2856 ], [ -79.8636, 9.2842 ], [ -79.8642, 9.2849 ], [ -79.8626, 9.2856 ] ] ], [ [ [ -79.8674, 9.2848 ], [ -79.865, 9.2832 ], [ -79.864, 9.2786 ], [ -79.8667, 9.2784 ], [ -79.8674, 9.2848 ] ] ], [ [ [ -79.833, 9.291 ], [ -79.8333, 9.2903 ], [ -79.8336, 9.2914 ], [ -79.833, 9.291 ] ] ], [ [ [ -79.8689, 9.2909 ], [ -79.8704, 9.2912 ], [ -79.8702, 9.2917 ], [ -79.8689, 9.2909 ] ] ], [ [ [ -79.8658, 9.2917 ], [ -79.8607, 9.2908 ], [ -79.8638, 9.2865 ], [ -79.8658, 9.2917 ] ] ], [ [ [ -79.8669, 9.3011 ], [ -79.8615, 9.301 ], [ -79.8651, 9.2966 ], [ -79.8625, 9.2939 ], [ -79.8675, 9.2959 ], [ -79.8669, 9.3011 ] ] ], [ [ [ -79.8379, 9.3035 ], [ -79.8387, 9.3029 ], [ -79.839, 9.3035 ], [ -79.8379, 9.3035 ] ] ], [ [ [ -79.8672, 9.3041 ], [ -79.8676, 9.3038 ], [ -79.8679, 9.304 ], [ -79.8672, 9.3041 ] ] ], [ [ [ -79.8451, 9.3039 ], [ -79.8311, 9.2978 ], [ -79.8325, 9.2934 ], [ -79.8387, 9.2965 ], [ -79.8396, 9.2846 ], [ -79.8461, 9.2854 ], [ -79.8472, 9.2789 ], [ -79.862, 9.2797 ], [ -79.8607, 9.2846 ], [ -79.8528, 9.2853 ], [ -79.8517, 9.2916 ], [ -79.8475, 9.2912 ], [ -79.8467, 9.2918 ], [ -79.8536, 9.2938 ], [ -79.8542, 9.2894 ], [ -79.8621, 9.2864 ], [ -79.8567, 9.2911 ], [ -79.8606, 9.291 ], [ -79.8581, 9.2954 ], [ -79.861, 9.2973 ], [ -79.8564, 9.2973 ], [ -79.8599, 9.2991 ], [ -79.8564, 9.2995 ], [ -79.859, 9.3028 ], [ -79.8429, 9.2998 ], [ -79.8451, 9.3039 ] ] ], [ [ [ -79.8639, 9.3047 ], [ -79.8619, 9.3033 ], [ -79.8641, 9.3043 ], [ -79.8639, 9.3047 ] ] ], [ [ [ -79.8653, 9.3055 ], [ -79.866, 9.3057 ], [ -79.8653, 9.3058 ], [ -79.8653, 9.3055 ] ] ], [ [ [ -79.8697, 9.3068 ], [ -79.8665, 9.3073 ], [ -79.8664, 9.307 ], [ -79.8697, 9.3068 ] ] ], [ [ [ -79.8434, 9.3193 ], [ -79.8439, 9.3184 ], [ -79.8439, 9.3192 ], [ -79.8434, 9.3193 ] ] ], [ [ [ -79.8355, 9.3204 ], [ -79.8367, 9.3163 ], [ -79.8322, 9.3157 ], [ -79.8361, 9.3098 ], [ -79.8385, 9.3151 ], [ -79.8506, 9.3058 ], [ -79.8498, 9.31 ], [ -79.8573, 9.308 ], [ -79.8492, 9.314 ], [ -79.8521, 9.3174 ], [ -79.8419, 9.3162 ], [ -79.8355, 9.3204 ] ] ], [ [ [ -79.8347, 9.324 ], [ -79.8261, 9.3247 ], [ -79.8326, 9.3168 ], [ -79.834, 9.3217 ], [ -79.8311, 9.3226 ], [ -79.8347, 9.324 ] ] ], [ [ [ -79.8274, 9.3269 ], [ -79.8236, 9.3275 ], [ -79.826, 9.325 ], [ -79.8274, 9.3269 ] ] ], [ [ [ -79.8262, 9.3298 ], [ -79.8294, 9.3275 ], [ -79.8338, 9.3283 ], [ -79.8282, 9.332 ], [ -79.8262, 9.3298 ] ] ], [ [ [ -79.8262, 9.3342 ], [ -79.8259, 9.3318 ], [ -79.8269, 9.3334 ], [ -79.8262, 9.3342 ] ] ], [ [ [ -79.826, 9.3416 ], [ -79.8274, 9.34 ], [ -79.8277, 9.3405 ], [ -79.826, 9.3416 ] ] ] ] } },
{ "type": "Feature", "properties": { "name": "Soberanía", "category": "Parque Nacional", "iucn": "II", "realm": "100% Land", "hectares": 19448.478864303677, "established": 1980.0, "designation": "National" }, "geometry": { "type": "Polygon", "coordinates": [ [ [ -79.6401, 9.0573 ], [ -79.6722, 9.0845 ], [ -79.6858, 9.1037 ], [ -79.6877, 9.1374 ], [ -79.7774, 9.1369 ], [ -79.7892, 9.1686 ], [ -79.8053, 9.1846 ], [ -79.81, 9.2054 ], [ -79.8233, 9.2124 ], [ -79.826, 9.222 ], [ -79.8475, 9.2373 ], [ -79.8565, 9.2521 ], [ -79.8265, 9.2664 ], [ -79.8075, 9.2426 ], [ -79.7962, 9.2422 ], [ -79.7681, 9.2172 ], [ -79.751, 9.1947 ], [ -79.6934, 9.1877 ], [ -79.6661, 9.1781 ], [ -79.6512, 9.1684 ], [ -79.6266, 9.1433 ], [ -79.6059, 9.1112 ], [ -79.6082, 9.1094 ], [ -79.6044, 9.1016 ], [ -79.6002, 9.1036 ], [ -79.6223, 9.0612 ], [ -79.6285, 9.0612 ], [ -79.6311, 9.0553 ], [ -79.6401, 9.0573 ] ] ] } },
{ "type": "Feature", "properties": { "name": "Portobelo", "category": "Parque Nacional", "iucn": "II", "realm": "Land and Marine", "hectares": 36163.244970743108, "established": 1976.0, "designation": "National" }, "geometry": { "type": "Polygon", "coordinates": [ [ [ -79.5233, 9.6422 ], [ -79.505, 9.633 ], [ -79.5165, 9.6014 ], [ -79.5201, 9.578 ], [ -79.5285, 9.5764 ], [ -79.5343, 9.5693 ], [ -79.5432, 9.5702 ], [ -79.5486, 9.5637 ], [ -79.5463, 9.5609 ], [ -79.5514, 9.5584 ], [ -79.5602, 9.5637 ], [ -79.5713, 9.5582 ], [ -79.5774, 9.5589 ], [ -79.5836, 9.5492 ], [ -79.5542, 9.538 ], [ -79.5471, 9.5395 ], [ -79.5212, 9.5328 ], [ -79.5292, 9.5262 ], [ -79.5257, 9.5066 ], [ -79.5275, 9.4971 ], [ -79.534, 9.4911 ], [ -79.5285, 9.4859 ], [ -79.5182, 9.4957 ], [ -79.5092, 9.4956 ], [ -79.512, 9.4818 ], [ -79.5262, 9.4741 ], [ -79.532, 9.477 ], [ -79.558, 9.4763 ], [ -79.564, 9.4621 ], [ -79.6059, 9.4428 ], [ -79.6221, 9.4218 ], [ -79.6387, 9.4135 ], [ -79.6519, 9.4013 ], [ -79.6507, 9.3971 ], [ -79.6631, 9.3903 ], [ -79.6607, 9.4976 ], [ -79.6706, 9.5187 ], [ -79.6827, 9.5241 ], [ -79.715, 9.5526 ], [ -79.6962, 9.5894 ], [ -79.6699, 9.6155 ], [ -79.6331, 9.6331 ], [ -79.5589, 9.6514 ], [ -79.5233, 9.6422 ] ] ] } },
{ "type": "Feature", "properties": { "name": "Narganá", "category": "Area Silvestre", "iucn": "Not Applicable", "realm": "100% Land", "hectares": 95293.066972082524, "established": 1994.0, "designation": "National" }, "geometry": { "type": "Polygon", "coordinates": [ [ [ -79.186, 9.3821 ], [ -79.1713, 9.3815 ], [ -79.1584, 9.391 ], [ -79.1584, 9.3977 ], [ -79.1458, 9.4207 ], [ -79.1505, 9.4245 ], [ -79.1467, 9.4278 ], [ -79.1481, 9.4308 ], [ -79.1275, 9.4599 ], [ -79.1214, 9.4591 ], [ -79.1195, 9.4636 ], [ -79.108, 9.4688 ], [ -79.109, 9.4725 ], [ -79.0953, 9.4744 ], [ -79.0965, 9.4779 ], [ -79.0931, 9.4767 ], [ -79.0942, 9.4741 ], [ -79.0906, 9.4765 ], [ -79.0905, 9.4674 ], [ -79.082, 9.4671 ], [ -79.0809, 9.5579 ], [ -79.0748, 9.5619 ], [ -79.0328, 9.5663 ], [ -79.0244, 9.5638 ], [ -79.0053, 9.567 ], [ -79.001, 9.5604 ], [ -78.9931, 9.5669 ], [ -78.9857, 9.5614 ], [ -78.9729, 9.5674 ], [ -78.9656, 9.5609 ], [ -78.9793, 9.5467 ], [ -78.9966, 9.5521 ], [ -78.9905, 9.5455 ], [ -78.9994, 9.5376 ], [ -79.0058, 9.5404 ], [ -79.0163, 9.5379 ], [ -79.0153, 9.5408 ], [ -79.0191, 9.5402 ], [ -79.0185, 9.5367 ], [ -79.0349, 9.5367 ], [ -79.0406, 9.5425 ], [ -79.0377, 9.5361 ], [ -79.0429, 9.5394 ], [ -79.0417, 9.5353 ], [ -79.0457, 9.535 ], [ -79.0452, 9.5374 ], [ -79.0552, 9.5331 ], [ -79.0684, 9.5166 ], [ -79.0671, 9.5134 ], [ -79.075, 9.5131 ], [ -79.0727, 9.509 ], [ -79.0752, 9.5008 ], [ -79.0734, 9.4969 ], [ -79.0689, 9.4968 ], [ -79.0668, 9.4907 ], [ -79.0749, 9.4799 ], [ -79.0616, 9.4592 ], [ -79.0698, 9.4489 ], [ -79.0648, 9.448 ], [ -79.0606, 9.4406 ], [ -79.049, 9.4388 ], [ -79.0376, 9.4485 ], [ -79.0311, 9.4479 ], [ -79.0278, 9.4512 ], [ -79.0164, 9.4422 ], [ -79.0048, 9.4417 ], [ -78.995, 9.4441 ], [ -78.9904, 9.45 ], [ -78.9913, 9.4552 ], [ -78.9827, 9.4594 ], [ -78.9739, 9.4544 ], [ -78.9612, 9.459 ], [ -78.9358, 9.4467 ], [ -78.9205, 9.4517 ], [ -78.925, 9.4471 ], [ -78.912, 9.4449 ], [ -78.915, 9.4391 ], [ -78.922, 9.4445 ], [ -78.9268, 9.4437 ], [ -78.922, 9.4425 ], [ -78.9168, 9.4298 ], [ -78.911, 9.4259 ], [ -78.9047, 9.4269 ], [ -78.9022, 9.4217 ], [ -78.8885, 9.4279 ], [ -78.8802, 9.4263 ], [ -78.88, 9.4294 ], [ -78.8778, 9.4298 ], [ -78.8791, 9.4267 ], [ -78.8746, 9.4263 ], [ -78.8702, 9.4187 ], [ -78.8588, 9.4228 ], [ -78.8522, 9.4207 ], [ -78.8537, 9.4297 ], [ -78.8493, 9.4297 ], [ -78.8466, 9.4391 ], [ -78.8395, 9.4419 ], [ -78.8237, 9.4294 ], [ -78.8154, 9.4367 ], [ -78.8095, 9.4356 ], [ -78.8098, 9.4383 ], [ -78.8017, 9.4333 ], [ -78.7941, 9.4357 ], [ -78.7882, 9.4531 ], [ -78.7782, 9.4496 ], [ -78.7755, 9.4521 ], [ -78.7762, 9.4471 ], [ -78.7633, 9.4447 ], [ -78.7273, 9.4587 ], [ -78.7243, 9.4496 ], [ -78.7186, 9.4478 ], [ -78.716, 9.4514 ], [ -78.7186, 9.4445 ], [ -78.7037, 9.4398 ], [ -78.7041, 9.4375 ], [ -78.699, 9.4386 ], [ -78.6943, 9.4345 ], [ -78.6963, 9.4373 ], [ -78.692, 9.4364 ], [ -78.6925, 9.4402 ], [ -78.6874, 9.439 ], [ -78.685, 9.4432 ], [ -78.6858, 9.4365 ], [ -78.6822, 9.4323 ], [ -78.6635, 9.4236 ], [ -78.6565, 9.4266 ], [ -78.657, 9.4347 ], [ -78.6523, 9.4302 ], [ -78.6531, 9.4342 ], [ -78.6479, 9.4365 ], [ -78.649, 9.4328 ], [ -78.6291, 9.4299 ], [ -78.6186, 9.4183 ], [ -78.6109, 9.4222 ], [ -78.6106, 9.4268 ], [ -78.6031, 9.4223 ], [ -78.5985, 9.4254 ], [ -78.5984, 9.4194 ], [ -78.5975, 9.4249 ], [ -78.5823, 9.4343 ], [ -78.5825, 9.442 ], [ -78.5768, 9.4441 ], [ -78.5752, 9.4402 ], [ -78.5731, 9.4431 ], [ -78.5643, 9.4401 ], [ -78.5617, 9.4426 ], [ -78.5623, 9.4393 ], [ -78.5544, 9.4392 ], [ -78.5484, 9.4309 ], [ -78.5342, 9.4294 ], [ -78.5334, 9.4243 ], [ -78.5203, 9.422 ], [ -78.5158, 9.4178 ], [ -78.4994, 9.4146 ], [ -78.4953, 9.4198 ], [ -78.4875, 9.4204 ], [ -78.4791, 9.4146 ], [ -78.4704, 9.4164 ], [ -78.4733, 9.4114 ], [ -78.4695, 9.4057 ], [ -78.4647, 9.4079 ], [ -78.461, 9.4055 ], [ -78.4573, 9.4111 ], [ -78.4544, 9.4105 ], [ -78.455, 9.4064 ], [ -78.4464, 9.4037 ], [ -78.4326, 9.4049 ], [ -78.4252, 9.3985 ], [ -78.4238, 9.3869 ], [ -78.4179, 9.3826 ], [ -78.404, 9.3843 ], [ -78.4045, 9.3795 ], [ -78.3983, 9.3747 ], [ -78.3794, 9.3749 ], [ -78.3764, 9.3692 ], [ -78.3844, 9.3654 ], [ -78.3872, 9.3582 ], [ -78.3978, 9.3584 ], [ -78.4065, 9.3135 ], [ -78.4095, 9.3199 ], [ -78.417, 9.3152 ], [ -78.4188, 9.3174 ], [ -78.4179, 9.3129 ], [ -78.4273, 9.3069 ], [ -78.4273, 9.3013 ], [ -78.4311, 9.3013 ], [ -78.4344, 9.296 ], [ -78.4408, 9.2966 ], [ -78.4389, 9.2906 ], [ -78.4429, 9.2902 ], [ -78.4427, 9.2874 ], [ -78.4483, 9.2889 ], [ -78.4474, 9.2847 ], [ -78.4513, 9.2813 ], [ -78.4416, 9.2697 ], [ -78.441, 9.2612 ], [ -78.4465, 9.2641 ], [ -78.4625, 9.2627 ], [ -78.4699, 9.2784 ], [ -78.4757, 9.2793 ], [ -78.4752, 9.298 ], [ -78.4883, 9.3056 ], [ -78.4895, 9.3142 ], [ -78.4797, 9.319 ], [ -78.4787, 9.3316 ], [ -78.5046, 9.3492 ], [ -78.497, 9.355 ], [ -78.5011, 9.3652 ], [ -78.5098, 9.3665 ], [ -78.512, 9.3636 ], [ -78.5269, 9.368 ], [ -78.5272, 9.364 ], [ -78.5364, 9.3615 ], [ -78.5351, 9.3534 ], [ -78.5504, 9.3492 ], [ -78.5535, 9.3435 ], [ -78.563, 9.3445 ], [ -78.5729, 9.3389 ], [ -78.5873, 9.344 ], [ -78.5962, 9.3425 ], [ -78.5983, 9.3371 ], [ -78.6096, 9.3399 ], [ -78.6233, 9.3374 ], [ -78.63, 9.3448 ], [ -78.6314, 9.355 ], [ -78.6458, 9.3538 ], [ -78.647, 9.3577 ], [ -78.6557, 9.3575 ], [ -78.6556, 9.3616 ], [ -78.6647, 9.3624 ], [ -78.6706, 9.3764 ], [ -78.6885, 9.3847 ], [ -78.7007, 9.3997 ], [ -78.731, 9.388 ], [ -78.7385, 9.3907 ], [ -78.7522, 9.3877 ], [ -78.7628, 9.3984 ], [ -78.7706, 9.3905 ], [ -78.7764, 9.3959 ], [ -78.7852, 9.3899 ], [ -78.792, 9.3947 ], [ -78.806, 9.387 ], [ -78.818, 9.3888 ], [ -78.815, 9.3812 ], [ -78.8177, 9.3688 ], [ -78.8543, 9.3718 ], [ -78.8618, 9.3668 ], [ -78.8674, 9.372 ], [ -78.8927, 9.3706 ], [ -78.9004, 9.3655 ], [ -78.9048, 9.353 ], [ -78.9163, 9.3505 ], [ -78.9128, 9.3344 ], [ -78.9224, 9.3331 ], [ -78.923, 9.3269 ], [ -78.9333, 9.3217 ], [ -78.9326, 9.315 ], [ -78.9223, 9.3117 ], [ -78.9253, 9.3039 ], [ -78.9326, 9.3021 ], [ -78.939, 9.303 ], [ -78.942, 9.308 ], [ -78.9353, 9.3109 ], [ -78.9391, 9.316 ], [ -78.9358, 9.3276 ], [ -78.9409, 9.3296 ], [ -78.9433, 9.3396 ], [ -78.947, 9.3358 ], [ -78.9579, 9.3422 ], [ -78.9624, 9.3407 ], [ -78.966, 9.3446 ], [ -78.9688, 9.3413 ], [ -78.9757, 9.3456 ], [ -78.9913, 9.3417 ], [ -79.0003, 9.3307 ], [ -78.9995, 9.3164 ], [ -78.9844, 9.3088 ], [ -78.9872, 9.3005 ], [ -78.9961, 9.2969 ], [ -78.9999, 9.3011 ], [ -79.008, 9.2989 ], [ -79.0155, 9.2925 ], [ -79.0257, 9.2982 ], [ -79.0279, 9.2954 ], [ -79.0417, 9.2965 ], [ -79.0438, 9.3001 ], [ -79.0522, 9.298 ], [ -79.0565, 9.3048 ], [ -79.0699, 9.3028 ], [ -79.0743, 9.2968 ], [ -79.0967, 9.2956 ], [ -79.0978, 9.3026 ], [ -79.0863, 9.3109 ], [ -79.0971, 9.3215 ], [ -79.1017, 9.3321 ], [ -79.1196, 9.3306 ], [ -79.1336, 9.3234 ], [ -79.1373, 9.3265 ], [ -79.1496, 9.3262 ], [ -79.1537, 9.3358 ], [ -79.1685, 9.3295 ], [ -79.1822, 9.3302 ], [ -79.2179, 9.3109 ], [ -79.2249, 9.3161 ], [ -79.239, 9.3108 ], [ -79.2458, 9.3159 ], [ -79.2591, 9.3128 ], [ -79.2765, 9.3213 ], [ -79.2695, 9.3336 ], [ -79.2651, 9.3329 ], [ -79.2628, 9.3391 ], [ -79.2544, 9.3436 ], [ -79.25, 9.3423 ], [ -79.2461, 9.3513 ], [ -79.227, 9.362 ], [ -79.2187, 9.3612 ], [ -79.2003, 9.3775 ], [ -79.186, 9.3821 ] ] ] } },
{ "type": "Feature", "properties": { "name": "Cuenca Alta del Río Pacora", "category": "Reserva Hidrológica", "iucn": null, "realm": "100% Land", "hectares": 13122.627044092847, "established": null, "designation": null }, "geometry": { "type": "Polygon", "coordinates": [ [ [ -79.1927, 9.2048 ], [ -79.219, 9.1945 ], [ -79.2312, 9.1973 ], [ -79.2427, 9.2069 ], [ -79.2852, 9.2259 ], [ -79.3005, 9.2215 ], [ -79.3119, 9.2099 ], [ -79.344, 9.2161 ], [ -79.3607, 9.2134 ], [ -79.3716, 9.2206 ], [ -79.3707, 9.2259 ], [ -79.3634, 9.228 ], [ -79.3571, 9.2409 ], [ -79.3517, 9.2431 ], [ -79.3534, 9.2569 ], [ -79.3468, 9.2675 ], [ -79.3366, 9.2761 ], [ -79.3101, 9.2741 ], [ -79.3047, 9.2798 ], [ -79.3034, 9.2961 ], [ -79.2937, 9.3033 ], [ -79.2903, 9.3192 ], [ -79.2792, 9.3224 ], [ -79.2754, 9.3006 ], [ -79.2855, 9.2869 ], [ -79.2732, 9.2744 ], [ -79.2723, 9.2689 ], [ -79.2622, 9.2635 ], [ -79.236, 9.2628 ], [ -79.2247, 9.254 ], [ -79.2165, 9.2539 ], [ -79.216, 9.2485 ], [ -79.2104, 9.2461 ], [ -79.1955, 9.2427 ], [ -79.1882, 9.2528 ], [ -79.1678, 9.2437 ], [ -79.1681, 9.2334 ], [ -79.1645, 9.2329 ], [ -79.1588, 9.2209 ], [ -79.1709, 9.2212 ], [ -79.1775, 9.2152 ], [ -79.189, 9.2119 ], [ -79.1927, 9.2048 ] ] ] } },
{ "type": "Feature", "properties": { "name": "Tapagra", "category": "Zona de Protección Hidrológica", "iucn": "V", "realm": "100% Land", "hectares": 2713.4165439188059, "established": 1993.0, "designation": "National" }, "geometry": { "type": "Polygon", "coordinates": [ [ [ -79.2078, 9.1661 ], [ -79.2368, 9.1663 ], [ -79.2334, 9.1765 ], [ -79.2241, 9.1792 ], [ -79.227, 9.1861 ], [ -79.2187, 9.1948 ], [ -79.1942, 9.2033 ], [ -79.189, 9.2119 ], [ -79.1775, 9.2152 ], [ -79.1709, 9.2212 ], [ -79.1567, 9.2209 ], [ -79.153, 9.1962 ], [ -79.1663, 9.1924 ], [ -79.1678, 9.1878 ], [ -79.1811, 9.1834 ], [ -79.1836, 9.1792 ], [ -79.1953, 9.1767 ], [ -79.2078, 9.1661 ] ] ] } },
{ "type": "Feature", "properties": { "name": "Chagres", "category": "Parque Nacional", "iucn": "II", "realm": "100% Land", "hectares": 131253.06636238523, "established": 1984.0, "designation": "National" }, "geometry": { "type": "Polygon", "coordinates": [ [ [ -79.4918, 9.5383 ], [ -79.3009, 9.4931 ], [ -79.1949, 9.4507 ], [ -79.1904, 9.4138 ], [ -79.1599, 9.3906 ], [ -79.1713, 9.3815 ], [ -79.1909, 9.3826 ], [ -79.2187, 9.3612 ], [ -79.2345, 9.3589 ], [ -79.2387, 9.3531 ], [ -79.2461, 9.3513 ], [ -79.25, 9.3423 ], [ -79.2544, 9.3436 ], [ -79.2628, 9.3391 ], [ -79.2651, 9.3329 ], [ -79.2695, 9.3336 ], [ -79.2765, 9.3213 ], [ -79.2903, 9.3192 ], [ -79.2937, 9.3033 ], [ -79.3034, 9.2961 ], [ -79.3061, 9.2777 ], [ -79.3149, 9.2731 ], [ -79.3235, 9.2768 ], [ -79.3366, 9.2761 ], [ -79.3468, 9.2675 ], [ -79.3534, 9.2569 ], [ -79.3517, 9.2431 ], [ -79.3571, 9.2409 ], [ -79.3634, 9.228 ], [ -79.3691, 9.227 ], [ -79.3713, 9.2208 ], [ -79.3765, 9.2187 ], [ -79.3765, 9.2073 ], [ -79.3915, 9.2025 ], [ -79.4035, 9.1924 ], [ -79.4027, 9.1882 ], [ -79.4089, 9.1852 ], [ -79.4083, 9.179 ], [ -79.4136, 9.1728 ], [ -79.4212, 9.1711 ], [ -79.4316, 9.1793 ], [ -79.4475, 9.1795 ], [ -79.4572, 9.19 ], [ -79.4613, 9.1848 ], [ -79.4648, 9.1893 ], [ -79.4744, 9.187 ], [ -79.4763, 9.1896 ], [ -79.4906, 9.1683 ], [ -79.5079, 9.1623 ], [ -79.5168, 9.1697 ], [ -79.5199, 9.1662 ], [ -79.524, 9.1807 ], [ -79.5289, 9.1791 ], [ -79.5453, 9.1926 ], [ -79.5508, 9.1899 ], [ -79.5571, 9.1965 ], [ -79.5761, 9.1974 ], [ -79.5772, 9.188 ], [ -79.5821, 9.1899 ], [ -79.5821, 9.1797 ], [ -79.5864, 9.1884 ], [ -79.5929, 9.1887 ], [ -79.5915, 9.1929 ], [ -79.5962, 9.1956 ], [ -79.5956, 9.2004 ], [ -79.6125, 9.1976 ], [ -79.6162, 9.2098 ], [ -79.6138, 9.2162 ], [ -79.6183, 9.2131 ], [ -79.6212, 9.216 ], [ -79.6216, 9.2221 ], [ -79.6056, 9.2312 ], [ -79.6063, 9.2284 ], [ -79.5969, 9.2272 ], [ -79.5998, 9.221 ], [ -79.5893, 9.221 ], [ -79.5927, 9.2279 ], [ -79.5906, 9.237 ], [ -79.6027, 9.247 ], [ -79.5974, 9.2489 ], [ -79.5945, 9.246 ], [ -79.5872, 9.2551 ], [ -79.5909, 9.2555 ], [ -79.5901, 9.2611 ], [ -79.6031, 9.2511 ], [ -79.6076, 9.2513 ], [ -79.6065, 9.247 ], [ -79.6118, 9.2507 ], [ -79.6105, 9.2543 ], [ -79.6101, 9.2518 ], [ -79.6005, 9.2578 ], [ -79.6043, 9.2666 ], [ -79.5995, 9.2697 ], [ -79.5982, 9.2599 ], [ -79.5935, 9.2628 ], [ -79.5933, 9.2702 ], [ -79.5977, 9.2711 ], [ -79.593, 9.278 ], [ -79.5869, 9.3049 ], [ -79.5814, 9.3055 ], [ -79.5864, 9.3061 ], [ -79.5809, 9.3219 ], [ -79.5828, 9.3302 ], [ -79.5944, 9.3275 ], [ -79.5857, 9.3318 ], [ -79.603, 9.3263 ], [ -79.6033, 9.3316 ], [ -79.59, 9.3405 ], [ -79.5889, 9.3342 ], [ -79.5822, 9.3362 ], [ -79.5773, 9.3246 ], [ -79.5745, 9.3342 ], [ -79.5567, 9.347 ], [ -79.5592, 9.3551 ], [ -79.6077, 9.3578 ], [ -79.6813, 9.3751 ], [ -79.6907, 9.3712 ], [ -79.6938, 9.3652 ], [ -79.7118, 9.3638 ], [ -79.6629, 9.4484 ], [ -79.6631, 9.3903 ], [ -79.6507, 9.3971 ], [ -79.6519, 9.4013 ], [ -79.6387, 9.4135 ], [ -79.6221, 9.4218 ], [ -79.6059, 9.4428 ], [ -79.564, 9.4621 ], [ -79.558, 9.4763 ], [ -79.532, 9.477 ], [ -79.5262, 9.4741 ], [ -79.5232, 9.4781 ], [ -79.5139, 9.4788 ], [ -79.5092, 9.4956 ], [ -79.5182, 9.4957 ], [ -79.5285, 9.4859 ], [ -79.534, 9.4911 ], [ -79.5275, 9.4971 ], [ -79.5257, 9.5066 ], [ -79.5292, 9.5262 ], [ -79.5057, 9.5296 ], [ -79.4918, 9.5383 ] ] ] } },
{ "type": "Feature", "properties": { "name": "Darién", "category": "Parque Nacional", "iucn": "II", "realm": "100% Land", "hectares": 609124.6394315022, "established": 1980.0, "designation": "National" }, "geometry": { "type": "Polygon", "coordinates": [ [ [ -77.4474, 8.4725 ], [ -77.4378, 8.4707 ], [ -77.4179, 8.4781 ], [ -77.4039, 8.4771 ], [ -77.4036, 8.4662 ], [ -77.3979, 8.4622 ], [ -77.3954, 8.4521 ], [ -77.3859, 8.4388 ], [ -77.3862, 8.4318 ], [ -77.3701, 8.408 ], [ -77.3591, 8.4012 ], [ -77.355, 8.3887 ], [ -77.3617, 8.3772 ], [ -77.3577, 8.3651 ], [ -77.3499, 8.3607 ], [ -77.3459, 8.3521 ], [ -77.3554, 8.3171 ], [ -77.3504, 8.2977 ], [ -77.3326, 8.2815 ], [ -77.3329, 8.2734 ], [ -77.3194, 8.2741 ], [ -77.3132, 8.2705 ], [ -77.3055, 8.2866 ], [ -77.2981, 8.2852 ], [ -77.3014, 8.272 ], [ -77.2846, 8.254 ], [ -77.2902, 8.2442 ], [ -77.2801, 8.2275 ], [ -77.2802, 8.2167 ], [ -77.2618, 8.212 ], [ -77.2604, 8.1928 ], [ -77.2505, 8.1854 ], [ -77.249, 8.1622 ], [ -77.2572, 8.1579 ], [ -77.2525, 8.155 ], [ -77.2519, 8.15 ], [ -77.2337, 8.1427 ], [ -77.2268, 8.1363 ], [ -77.2269, 8.133 ], [ -77.2318, 8.1338 ], [ -77.2348, 8.1285 ], [ -77.2321, 8.115 ], [ -77.2179, 8.0879 ], [ -77.2202, 8.0734 ], [ -77.23, 8.0542 ], [ -77.2295, 8.0434 ], [ -77.2261, 8.0423 ], [ -77.2243, 8.033 ], [ -77.233, 8.0247 ], [ -77.2282, 8.0221 ], [ -77.2212, 8.0261 ], [ -77.2151, 8.0203 ], [ -77.2169, 8.0162 ], [ -77.2132, 8.009 ], [ -77.1911, 7.9886 ], [ -77.1869, 7.9891 ], [ -77.1623, 7.9695 ], [ -77.1779, 7.9613 ], [ -77.1848, 7.9439 ], [ -77.1815, 7.9361 ], [ -77.168, 7.9374 ], [ -77.1588, 7.9328 ], [ -77.1761, 7.9171 ], [ -77.1913, 7.9223 ], [ -77.1969, 7.9192 ], [ -77.2088, 7.9225 ], [ -77.2157, 7.9165 ], [ -77.2317, 7.9207 ], [ -77.238, 7.921 ], [ -77.2401, 7.9178 ], [ -77.2575, 7.9197 ], [ -77.2758, 7.9077 ], [ -77.2953, 7.9109 ], [ -77.3105, 7.8966 ], [ -77.3168, 7.8989 ], [ -77.325, 7.8958 ], [ -77.3227, 7.8847 ], [ -77.3356, 7.8762 ], [ -77.3402, 7.8682 ], [ -77.3398, 7.852 ], [ -77.3472, 7.8495 ], [ -77.3481, 7.8426 ], [ -77.363, 7.8338 ], [ -77.3559, 7.8206 ], [ -77.3572, 7.8103 ], [ -77.3473, 7.8027 ], [ -77.3485, 7.7959 ], [ -77.3373, 7.7825 ], [ -77.3389, 7.7769 ], [ -77.3352, 7.7724 ], [ -77.3406, 7.7714 ], [ -77.3395, 7.7661 ], [ -77.3445, 7.7626 ], [ -77.3581, 7.7631 ], [ -77.3688, 7.7692 ], [ -77.3747, 7.7667 ], [ -77.3807, 7.7556 ], [ -77.3915, 7.7599 ], [ -77.4002, 7.729 ], [ -77.4049, 7.7263 ], [ -77.4048, 7.7224 ], [ -77.4145, 7.723 ], [ -77.4185, 7.7172 ], [ -77.4185, 7.699 ], [ -77.4309, 7.6921 ], [ -77.4371, 7.6825 ], [ -77.4411, 7.6572 ], [ -77.467, 7.6557 ], [ -77.4701, 7.6514 ], [ -77.4652, 7.6362 ], [ -77.4753, 7.6199 ], [ -77.481, 7.6166 ], [ -77.4824, 7.6044 ], [ -77.4899, 7.5928 ], [ -77.4924, 7.5826 ], [ -77.4882, 7.5711 ], [ -77.4916, 7.5677 ], [ -77.5023, 7.5673 ], [ -77.5154, 7.575 ], [ -77.5231, 7.5729 ], [ -77.5276, 7.5675 ], [ -77.5251, 7.5592 ], [ -77.532, 7.5466 ], [ -77.5471, 7.5313 ], [ -77.5492, 7.5231 ], [ -77.5621, 7.5127 ], [ -77.5635, 7.5073 ], [ -77.5762, 7.5147 ], [ -77.5844, 7.5143 ], [ -77.5924, 7.5265 ], [ -77.5932, 7.535 ], [ -77.5999, 7.5364 ], [ -77.6117, 7.5486 ], [ -77.609, 7.5611 ], [ -77.6241, 7.5786 ], [ -77.6311, 7.5949 ], [ -77.6316, 7.6057 ], [ -77.6374, 7.612 ], [ -77.6406, 7.6298 ], [ -77.645, 7.6348 ], [ -77.6461, 7.6517 ], [ -77.6563, 7.6611 ], [ -77.6717, 7.668 ], [ -77.6754, 7.6775 ], [ -77.6824, 7.6743 ], [ -77.6862, 7.686 ], [ -77.6916, 7.6848 ], [ -77.6983, 7.6927 ], [ -77.729, 7.6957 ], [ -77.7278, 7.6866 ], [ -77.7429, 7.6787 ], [ -77.7456, 7.6641 ], [ -77.7432, 7.6583 ], [ -77.7472, 7.6503 ], [ -77.7417, 7.6409 ], [ -77.7413, 7.6296 ], [ -77.7485, 7.6135 ], [ -77.7468, 7.6056 ], [ -77.7364, 7.6019 ], [ -77.7377, 7.5868 ], [ -77.7329, 7.5704 ], [ -77.7255, 7.5642 ], [ -77.7152, 7.5377 ], [ -77.7035, 7.5202 ], [ -77.7011, 7.5068 ], [ -77.7107, 7.5002 ], [ -77.7311, 7.4744 ], [ -77.7396, 7.4713 ], [ -77.7437, 7.4654 ], [ -77.7517, 7.4677 ], [ -77.7593, 7.4608 ], [ -77.7688, 7.4621 ], [ -77.7724, 7.459 ], [ -77.7846, 7.4629 ], [ -77.7911, 7.47 ], [ -77.8831, 7.2186 ], [ -77.8863, 7.2258 ], [ -77.8938, 7.2228 ], [ -77.8926, 7.2284 ], [ -77.8977, 7.2314 ], [ -77.898, 7.2381 ], [ -77.9062, 7.2407 ], [ -77.9092, 7.2367 ], [ -77.9109, 7.2433 ], [ -77.916, 7.2407 ], [ -77.9182, 7.2463 ], [ -77.925, 7.2472 ], [ -77.9265, 7.2543 ], [ -77.9377, 7.2575 ], [ -77.9392, 7.2644 ], [ -77.9426, 7.2627 ], [ -77.9495, 7.2671 ], [ -77.951, 7.2774 ], [ -77.9653, 7.2807 ], [ -77.9643, 7.2838 ], [ -77.9745, 7.2878 ], [ -77.974, 7.2918 ], [ -77.9868, 7.2981 ], [ -77.9907, 7.3048 ], [ -77.996, 7.3084 ], [ -77.9987, 7.306 ], [ -77.9963, 7.3151 ], [ -77.9995, 7.3219 ], [ -78.011, 7.3319 ], [ -78.0199, 7.3346 ], [ -78.0236, 7.3393 ], [ -78.0239, 7.3519 ], [ -78.0287, 7.3516 ], [ -78.0263, 7.3709 ], [ -78.0287, 7.372 ], [ -78.0199, 7.3854 ], [ -78.0304, 7.3936 ], [ -78.0326, 7.3909 ], [ -78.0389, 7.3922 ], [ -78.0378, 7.387 ], [ -78.0442, 7.3891 ], [ -78.0472, 7.4018 ], [ -78.04, 7.4092 ], [ -78.0423, 7.415 ], [ -78.0466, 7.4152 ], [ -78.0431, 7.4235 ], [ -78.0454, 7.4268 ], [ -78.0588, 7.4274 ], [ -78.0624, 7.4253 ], [ -78.0604, 7.4219 ], [ -78.0638, 7.4164 ], [ -78.0734, 7.417 ], [ -78.0739, 7.4252 ], [ -78.0815, 7.437 ], [ -78.0252, 7.4887 ], [ -78.2176, 7.6867 ], [ -78.2732, 7.6874 ], [ -78.2824, 7.6913 ], [ -78.298, 7.6838 ], [ -78.2904, 7.6943 ], [ -78.2966, 7.6967 ], [ -78.2977, 7.7032 ], [ -78.2804, 7.7179 ], [ -78.2811, 7.7418 ], [ -78.2875, 7.7488 ], [ -78.2904, 7.7652 ], [ -78.305, 7.7861 ], [ -78.3143, 7.8079 ], [ -78.3304, 7.8265 ], [ -78.3403, 7.8488 ], [ -78.3384, 7.8545 ], [ -78.3447, 7.8665 ], [ -78.3447, 7.8751 ], [ -78.3499, 7.8746 ], [ -78.3635, 7.8915 ], [ -78.3797, 7.8985 ], [ -78.3832, 7.9055 ], [ -78.3894, 7.9052 ], [ -78.395, 7.9156 ], [ -78.4007, 7.9168 ], [ -78.3984, 7.9221 ], [ -78.4113, 7.9523 ], [ -78.4107, 7.9623 ], [ -78.4168, 7.9659 ], [ -78.4182, 7.9758 ], [ -78.4232, 7.9793 ], [ -78.4212, 7.9859 ], [ -78.4245, 8.0059 ], [ -78.4201, 8.0074 ], [ -78.4197, 8.0124 ], [ -78.4241, 8.0132 ], [ -78.4308, 8.0256 ], [ -78.4329, 8.0217 ], [ -78.4331, 8.0331 ], [ -78.4365, 8.0317 ], [ -78.4398, 8.0385 ], [ -78.4424, 8.0362 ], [ -78.4433, 8.0448 ], [ -78.4472, 8.0444 ], [ -78.445, 8.0555 ], [ -78.4489, 8.0568 ], [ -78.4493, 8.0612 ], [ -78.4469, 8.0587 ], [ -78.4446, 8.0644 ], [ -78.4452, 8.0753 ], [ -78.4406, 8.0861 ], [ -78.4376, 8.0854 ], [ -78.4229, 8.1047 ], [ -78.4076, 8.1081 ], [ -78.4172, 8.0821 ], [ -78.4327, 8.0609 ], [ -78.4336, 8.0542 ], [ -78.4279, 8.0481 ], [ -78.4283, 8.0422 ], [ -78.418, 8.0419 ], [ -78.4152, 8.0265 ], [ -78.4201, 8.0253 ], [ -78.409, 8.016 ], [ -78.4078, 8.0021 ], [ -78.3993, 8.0076 ], [ -78.4008, 8.0166 ], [ -78.3976, 8.0171 ], [ -78.3949, 8.0073 ], [ -78.391, 8.006 ], [ -78.3858, 8.0095 ], [ -78.3878, 8.015 ], [ -78.3768, 8.0216 ], [ -78.3668, 8.0129 ], [ -78.3638, 8.0166 ], [ -78.3596, 8.0102 ], [ -78.3557, 8.01 ], [ -78.3504, 8.0212 ], [ -78.3387, 8.0164 ], [ -78.3437, 8.0125 ], [ -78.3398, 8.0052 ], [ -78.3418, 7.986 ], [ -78.3369, 7.984 ], [ -78.3267, 7.9888 ], [ -78.3207, 7.9737 ], [ -78.3313, 7.9651 ], [ -78.3358, 7.9564 ], [ -78.1019, 7.7537 ], [ -78.088, 7.7517 ], [ -78.0713, 7.765 ], [ -78.063, 7.7587 ], [ -78.052, 7.7616 ], [ -78.0475, 7.7765 ], [ -78.0373, 7.7796 ], [ -78.0337, 7.7848 ], [ -78.0392, 7.7982 ], [ -78.0373, 7.8055 ], [ -78.0404, 7.8043 ], [ -78.0442, 7.8097 ], [ -78.0456, 7.8037 ], [ -78.0518, 7.8084 ], [ -78.0493, 7.811 ], [ -78.0559, 7.8202 ], [ -78.0503, 7.825 ], [ -78.04, 7.8154 ], [ -78.0363, 7.8216 ], [ -78.0116, 7.8229 ], [ -77.9938, 7.8175 ], [ -77.9855, 7.8053 ], [ -77.9917, 7.7975 ], [ -77.9824, 7.7969 ], [ -77.975, 7.7802 ], [ -77.9678, 7.7854 ], [ -77.9704, 7.792 ], [ -77.9664, 7.7992 ], [ -77.9657, 7.8318 ], [ -77.9562, 7.8568 ], [ -77.9683, 7.8787 ], [ -77.9675, 7.8977 ], [ -77.973, 7.9024 ], [ -77.9679, 7.906 ], [ -77.9635, 7.9203 ], [ -77.9617, 7.9167 ], [ -77.9589, 7.9192 ], [ -77.9606, 7.9234 ], [ -77.9578, 7.9265 ], [ -77.9533, 7.9239 ], [ -77.9412, 7.9273 ], [ -77.9423, 7.9299 ], [ -77.9329, 7.9337 ], [ -77.9279, 7.9438 ], [ -77.9281, 7.9385 ], [ -77.9156, 7.9363 ], [ -77.8716, 7.9656 ], [ -77.8612, 7.9667 ], [ -77.8594, 7.9511 ], [ -77.8513, 7.9461 ], [ -77.8226, 7.9474 ], [ -77.8102, 7.9528 ], [ -77.8017, 7.9504 ], [ -77.795, 7.9567 ], [ -77.7785, 7.9971 ], [ -77.7499, 8.0035 ], [ -77.7476, 8.0189 ], [ -77.7234, 8.0419 ], [ -77.7133, 8.0465 ], [ -77.7041, 8.048 ], [ -77.6978, 8.0451 ], [ -77.6828, 8.0098 ], [ -77.6663, 7.9995 ], [ -77.6704, 7.983 ], [ -77.6596, 7.9769 ], [ -77.6525, 7.9568 ], [ -77.6374, 7.9537 ], [ -77.6144, 7.9419 ], [ -77.598, 7.9387 ], [ -77.5687, 7.9466 ], [ -77.5513, 7.9633 ], [ -77.5546, 7.977 ], [ -77.548, 7.9812 ], [ -77.5498, 7.9877 ], [ -77.5403, 7.9863 ], [ -77.5379, 7.9889 ], [ -77.5367, 7.9851 ], [ -77.5273, 7.9855 ], [ -77.52, 7.9917 ], [ -77.5195, 7.9804 ], [ -77.5136, 7.9864 ], [ -77.509, 7.9806 ], [ -77.5081, 7.9854 ], [ -77.5022, 7.982 ], [ -77.5011, 7.9876 ], [ -77.4938, 7.9885 ], [ -77.4907, 7.9853 ], [ -77.4936, 7.9827 ], [ -77.4913, 7.9778 ], [ -77.4875, 7.9812 ], [ -77.4833, 7.9742 ], [ -77.4763, 7.9791 ], [ -77.4726, 7.9779 ], [ -77.4749, 7.9817 ], [ -77.4683, 7.9814 ], [ -77.5185, 8.2266 ], [ -77.5315, 8.217 ], [ -77.5438, 8.2147 ], [ -77.5499, 8.2188 ], [ -77.5486, 8.2247 ], [ -77.554, 8.2208 ], [ -77.561, 8.2289 ], [ -77.548, 8.2313 ], [ -77.551, 8.2368 ], [ -77.5445, 8.2403 ], [ -77.5427, 8.2484 ], [ -77.5303, 8.2537 ], [ -77.528, 8.2707 ], [ -77.522, 8.2795 ], [ -77.5233, 8.288 ], [ -77.5147, 8.2978 ], [ -77.5058, 8.2999 ], [ -77.524, 8.365 ], [ -77.4563, 8.5085 ], [ -77.448, 8.4943 ], [ -77.4474, 8.4725 ] ] ] } },
{ "type": "Feature", "properties": { "name": "Alto Darién", "category": "Bosque Protector", "iucn": "V", "realm": "100% Land", "hectares": 215508.3424517767, "established": 1972.0, "designation": "National" }, "geometry": { "type": "Polygon", "coordinates": [ [ [ -77.622, 8.1378 ], [ -77.7123, 8.19 ], [ -77.7146, 8.1957 ], [ -77.712, 8.2102 ], [ -77.7221, 8.2206 ], [ -77.716, 8.2206 ], [ -77.7204, 8.2278 ], [ -77.7124, 8.2412 ], [ -77.7212, 8.2398 ], [ -77.7336, 8.2438 ], [ -77.7334, 8.2553 ], [ -77.7267, 8.2518 ], [ -77.7193, 8.2541 ], [ -77.7229, 8.2597 ], [ -77.727, 8.2567 ], [ -77.7286, 8.2595 ], [ -77.7288, 8.2683 ], [ -77.7218, 8.2809 ], [ -77.743, 8.2813 ], [ -77.75, 8.2882 ], [ -77.7496, 8.2982 ], [ -77.7574, 8.2965 ], [ -77.755, 8.3056 ], [ -77.762, 8.3117 ], [ -77.763, 8.3053 ], [ -77.7684, 8.3095 ], [ -77.7657, 8.3171 ], [ -77.7564, 8.3131 ], [ -77.7559, 8.3217 ], [ -77.7621, 8.3206 ], [ -77.7742, 8.3262 ], [ -77.7719, 8.3488 ], [ -77.7785, 8.3461 ], [ -77.7827, 8.3519 ], [ -77.7863, 8.3469 ], [ -77.7859, 8.3533 ], [ -77.7908, 8.3607 ], [ -77.7822, 8.3631 ], [ -77.7863, 8.3661 ], [ -77.7835, 8.3696 ], [ -77.7947, 8.3802 ], [ -77.7903, 8.3876 ], [ -77.7943, 8.39 ], [ -77.7992, 8.3878 ], [ -77.805, 8.4069 ], [ -77.806, 8.3954 ], [ -77.8119, 8.3933 ], [ -77.8199, 8.3988 ], [ -77.8108, 8.4022 ], [ -77.8116, 8.4091 ], [ -77.8226, 8.4067 ], [ -77.8229, 8.4142 ], [ -77.8086, 8.4175 ], [ -77.806, 8.4244 ], [ -77.8141, 8.4295 ], [ -77.8124, 8.4362 ], [ -77.8174, 8.4458 ], [ -77.8253, 8.4454 ], [ -77.8236, 8.4497 ], [ -77.8166, 8.4484 ], [ -77.8151, 8.4556 ], [ -77.8286, 8.4615 ], [ -77.837, 8.4538 ], [ -77.8401, 8.4657 ], [ -77.8432, 8.4639 ], [ -77.8499, 8.4678 ], [ -77.858, 8.465 ], [ -77.8534, 8.4706 ], [ -77.8655, 8.4769 ], [ -77.8594, 8.4787 ], [ -77.8594, 8.4946 ], [ -77.8645, 8.4956 ], [ -77.8669, 8.4904 ], [ -77.8707, 8.4932 ], [ -77.8803, 8.4887 ], [ -77.8782, 8.4954 ], [ -77.8828, 8.4935 ], [ -77.8886, 8.4974 ], [ -77.8883, 8.5017 ], [ -77.883, 8.5027 ], [ -77.8854, 8.5106 ], [ -77.8916, 8.5077 ], [ -77.8898, 8.5147 ], [ -77.8929, 8.5163 ], [ -77.8982, 8.5112 ], [ -77.8962, 8.5145 ], [ -77.9047, 8.5199 ], [ -77.9016, 8.5247 ], [ -77.8992, 8.5197 ], [ -77.8902, 8.5189 ], [ -77.8907, 8.5219 ], [ -77.8961, 8.5226 ], [ -77.8974, 8.5294 ], [ -77.8912, 8.5284 ], [ -77.8915, 8.532 ], [ -77.8874, 8.5308 ], [ -77.8838, 8.5376 ], [ -77.8912, 8.5381 ], [ -77.8947, 8.5427 ], [ -77.8904, 8.5543 ], [ -77.8935, 8.5569 ], [ -77.8923, 8.5635 ], [ -77.8951, 8.5642 ], [ -77.8945, 8.5588 ], [ -77.8995, 8.5557 ], [ -77.9076, 8.5575 ], [ -77.91, 8.5601 ], [ -77.9059, 8.5628 ], [ -77.9071, 8.5697 ], [ -77.9168, 8.5713 ], [ -77.9128, 8.5769 ], [ -77.9216, 8.5862 ], [ -77.9201, 8.5886 ], [ -77.9158, 8.5867 ], [ -77.9162, 8.5936 ], [ -77.9133, 8.5917 ], [ -77.9118, 8.5923 ], [ -77.9126, 8.5968 ], [ -77.9086, 8.5932 ], [ -77.9085, 8.5968 ], [ -77.9007, 8.5981 ], [ -77.9037, 8.6001 ], [ -77.8971, 8.6026 ], [ -77.8929, 8.6091 ], [ -77.8837, 8.605 ], [ -77.8853, 8.5976 ], [ -77.8819, 8.5962 ], [ -77.8837, 8.5961 ], [ -77.8843, 8.5944 ], [ -77.8781, 8.594 ], [ -77.8777, 8.5986 ], [ -77.8735, 8.5946 ], [ -77.8695, 8.5983 ], [ -77.8679, 8.5935 ], [ -77.8652, 8.5993 ], [ -77.8588, 8.5992 ], [ -77.8578, 8.6056 ], [ -77.853, 8.6091 ], [ -77.8583, 8.6126 ], [ -77.852, 8.6148 ], [ -77.8489, 8.611 ], [ -77.8431, 8.6112 ], [ -77.8287, 8.6187 ], [ -77.8303, 8.6228 ], [ -77.8349, 8.6221 ], [ -77.8279, 8.6348 ], [ -77.8235, 8.625 ], [ -77.8167, 8.6221 ], [ -77.8094, 8.6333 ], [ -77.7911, 8.6312 ], [ -77.7917, 8.6518 ], [ -77.7753, 8.6499 ], [ -77.7707, 8.6577 ], [ -77.7759, 8.6629 ], [ -77.7662, 8.6653 ], [ -77.7635, 8.6593 ], [ -77.7627, 8.6639 ], [ -77.7564, 8.6668 ], [ -77.7522, 8.6578 ], [ -77.7445, 8.6569 ], [ -77.7472, 8.6488 ], [ -77.7363, 8.6524 ], [ -77.7295, 8.6476 ], [ -77.7288, 8.6432 ], [ -77.7237, 8.648 ], [ -77.7143, 8.6491 ], [ -77.7143, 8.6542 ], [ -77.7073, 8.6627 ], [ -77.7092, 8.6723 ], [ -77.7035, 8.6681 ], [ -77.695, 8.6856 ], [ -77.6973, 8.6892 ], [ -77.6923, 8.6886 ], [ -77.6955, 8.6946 ], [ -77.6936, 8.6997 ], [ -77.6831, 8.6977 ], [ -77.6729, 8.7088 ], [ -77.6634, 8.7115 ], [ -77.6585, 8.7203 ], [ -77.6615, 8.7407 ], [ -77.669, 8.7476 ], [ -77.6793, 8.7684 ], [ -77.6626, 8.7588 ], [ -77.6544, 8.745 ], [ -77.644, 8.7469 ], [ -77.6369, 8.7414 ], [ -77.6365, 8.7233 ], [ -77.6277, 8.7139 ], [ -77.6199, 8.6948 ], [ -77.6016, 8.6938 ], [ -77.5875, 8.6819 ], [ -77.5782, 8.6792 ], [ -77.5717, 8.666 ], [ -77.5778, 8.6595 ], [ -77.5768, 8.6496 ], [ -77.5839, 8.6333 ], [ -77.5725, 8.6199 ], [ -77.5674, 8.6016 ], [ -77.5533, 8.5951 ], [ -77.5476, 8.5872 ], [ -77.5383, 8.5933 ], [ -77.5309, 8.5923 ], [ -77.5177, 8.6064 ], [ -77.5093, 8.6035 ], [ -77.505, 8.6059 ], [ -77.5022, 8.6148 ], [ -77.4968, 8.6169 ], [ -77.4895, 8.6077 ], [ -77.4952, 8.5953 ], [ -77.4853, 8.5858 ], [ -77.4863, 8.5794 ], [ -77.4817, 8.5753 ], [ -77.47, 8.578 ], [ -77.4634, 8.5713 ], [ -77.4542, 8.5702 ], [ -77.4472, 8.559 ], [ -77.4404, 8.5559 ], [ -77.4378, 8.5483 ], [ -77.4406, 8.5232 ], [ -77.4451, 8.514 ], [ -77.4561, 8.5098 ], [ -77.524, 8.365 ], [ -77.5058, 8.2999 ], [ -77.5147, 8.2978 ], [ -77.5233, 8.288 ], [ -77.522, 8.2795 ], [ -77.528, 8.2707 ], [ -77.5303, 8.2537 ], [ -77.5427, 8.2484 ], [ -77.5445, 8.2403 ], [ -77.551, 8.2368 ], [ -77.548, 8.2313 ], [ -77.561, 8.2289 ], [ -77.554, 8.2208 ], [ -77.5486, 8.2247 ], [ -77.5499, 8.2188 ], [ -77.5438, 8.2147 ], [ -77.5315, 8.217 ], [ -77.5185, 8.2266 ], [ -77.4683, 7.9814 ], [ -77.4735, 7.9825 ], [ -77.4755, 7.9806 ], [ -77.4718, 7.9786 ], [ -77.4833, 7.9742 ], [ -77.4875, 7.9812 ], [ -77.4918, 7.9781 ], [ -77.4936, 7.9828 ], [ -77.4907, 7.9851 ], [ -77.4937, 7.9885 ], [ -77.5011, 7.9876 ], [ -77.5022, 7.982 ], [ -77.5081, 7.9854 ], [ -77.509, 7.9806 ], [ -77.5136, 7.9864 ], [ -77.5195, 7.9804 ], [ -77.52, 7.9917 ], [ -77.5273, 7.9855 ], [ -77.5367, 7.9851 ], [ -77.5379, 7.9889 ], [ -77.5403, 7.9863 ], [ -77.5498, 7.9877 ], [ -77.548, 7.9812 ], [ -77.5546, 7.977 ], [ -77.5511, 7.9642 ], [ -77.5532, 7.9595 ], [ -77.5687, 7.9466 ], [ -77.598, 7.9387 ], [ -77.6226, 7.9447 ], [ -77.6396, 7.9544 ], [ -77.6472, 7.954 ], [ -77.6396, 7.9608 ], [ -77.6291, 7.958 ], [ -77.6233, 7.962 ], [ -77.6173, 7.957 ], [ -77.6066, 7.958 ], [ -77.6134, 7.9692 ], [ -77.607, 7.9704 ], [ -77.6094, 7.9778 ], [ -77.6029, 7.9852 ], [ -77.6076, 7.9884 ], [ -77.6033, 7.9893 ], [ -77.6047, 7.9943 ], [ -77.5995, 7.9973 ], [ -77.5989, 8.0031 ], [ -77.5943, 8.002 ], [ -77.5911, 8.012 ], [ -77.6005, 8.0196 ], [ -77.5925, 8.0315 ], [ -77.5954, 8.0322 ], [ -77.5929, 8.0398 ], [ -77.5971, 8.0472 ], [ -77.5882, 8.0493 ], [ -77.5799, 8.039 ], [ -77.5764, 8.0428 ], [ -77.5826, 8.0457 ], [ -77.5817, 8.0516 ], [ -77.5873, 8.0505 ], [ -77.5853, 8.0595 ], [ -77.5749, 8.0587 ], [ -77.5936, 8.0752 ], [ -77.5922, 8.0784 ], [ -77.5855, 8.0756 ], [ -77.587, 8.0835 ], [ -77.5959, 8.086 ], [ -77.5964, 8.0938 ], [ -77.6038, 8.1003 ], [ -77.6107, 8.1009 ], [ -77.6191, 8.095 ], [ -77.6175, 8.1048 ], [ -77.6253, 8.1047 ], [ -77.6278, 8.1124 ], [ -77.6323, 8.1127 ], [ -77.6266, 8.1187 ], [ -77.6162, 8.1215 ], [ -77.6179, 8.126 ], [ -77.6251, 8.1234 ], [ -77.622, 8.1378 ] ] ] } },
{ "type": "Feature", "properties": { "name": "Filo del Tallo - Canglón", "category": "Reserva Hidrológica", "iucn": "V", "realm": "100% Land", "hectares": 39890.336664291048, "established": 2013.0, "designation": "National" }, "geometry": { "type": "Polygon", "coordinates": [ [ [ -77.8309, 8.3344 ], [ -77.811, 8.2784 ], [ -77.7818, 8.2478 ], [ -77.8119, 8.235 ], [ -77.8248, 8.2195 ], [ -77.8694, 8.2022 ], [ -77.8815, 8.2211 ], [ -77.8935, 8.2283 ], [ -77.9256, 8.2382 ], [ -77.9532, 8.2516 ], [ -78.0087, 8.257 ], [ -78.0259, 8.2718 ], [ -78.0316, 8.3121 ], [ -78.0235, 8.3196 ], [ -78.0042, 8.3284 ], [ -77.9869, 8.3272 ], [ -77.9881, 8.3355 ], [ -77.9855, 8.3348 ], [ -77.9927, 8.3414 ], [ -77.986, 8.3468 ], [ -77.9911, 8.3511 ], [ -77.9956, 8.3492 ], [ -77.9964, 8.3561 ], [ -77.9852, 8.3573 ], [ -77.9809, 8.3543 ], [ -77.9785, 8.3578 ], [ -77.9589, 8.3589 ], [ -77.9603, 8.3462 ], [ -77.953, 8.3511 ], [ -77.951, 8.3493 ], [ -77.9533, 8.341 ], [ -77.9482, 8.3386 ], [ -77.9445, 8.332 ], [ -77.9466, 8.3293 ], [ -77.8991, 8.3303 ], [ -77.9235, 8.3618 ], [ -77.925, 8.3736 ], [ -77.9446, 8.3989 ], [ -77.9721, 8.4014 ], [ -77.9841, 8.4142 ], [ -77.9952, 8.4438 ], [ -78.0094, 8.4576 ], [ -78.0361, 8.475 ], [ -78.0528, 8.4649 ], [ -78.0648, 8.4749 ], [ -78.0798, 8.536 ], [ -78.0918, 8.5263 ], [ -78.1024, 8.5301 ], [ -78.1147, 8.5517 ], [ -78.117, 8.5666 ], [ -78.1448, 8.6075 ], [ -78.1421, 8.6145 ], [ -78.1101, 8.592 ], [ -78.1072, 8.5754 ], [ -78.0984, 8.561 ], [ -78.0984, 8.5409 ], [ -78.0941, 8.5398 ], [ -78.0924, 8.5482 ], [ -78.0874, 8.5447 ], [ -78.0892, 8.5402 ], [ -78.0841, 8.5383 ], [ -78.0853, 8.5443 ], [ -78.0692, 8.5514 ], [ -78.0567, 8.5463 ], [ -78.0389, 8.5246 ], [ -78.0366, 8.5159 ], [ -78.011, 8.4874 ], [ -77.9965, 8.4631 ], [ -77.9909, 8.4595 ], [ -77.9842, 8.4731 ], [ -77.9784, 8.4773 ], [ -77.9682, 8.4718 ], [ -77.9653, 8.4527 ], [ -77.9576, 8.4437 ], [ -77.9504, 8.4175 ], [ -77.9213, 8.4024 ], [ -77.9029, 8.3882 ], [ -77.8981, 8.3875 ], [ -77.8843, 8.3959 ], [ -77.8774, 8.3912 ], [ -77.8679, 8.3717 ], [ -77.8594, 8.3245 ], [ -77.8542, 8.3219 ], [ -77.8357, 8.3381 ], [ -77.8309, 8.3344 ] ] ] } },
{ "type": "Feature", "properties": { "name": "Matusagaratí", "category": "Sistemas de Humedales", "iucn": "IV", "realm": "100% Land", "hectares": 24750.527576587097, "established": 2017.0, "designation": "National" }, "geometry": { "type": "Polygon", "coordinates": [ [ [ -78.0053, 8.256 ], [ -77.9455, 8.2494 ], [ -77.9301, 8.2399 ], [ -77.8935, 8.2283 ], [ -77.8815, 8.2211 ], [ -77.8694, 8.2022 ], [ -77.8426, 8.2141 ], [ -77.8418, 8.1957 ], [ -77.8297, 8.1959 ], [ -77.8158, 8.176 ], [ -77.8059, 8.1747 ], [ -77.7993, 8.1612 ], [ -77.808, 8.1467 ], [ -77.7957, 8.1399 ], [ -77.7888, 8.1301 ], [ -77.7778, 8.1366 ], [ -77.7812, 8.1419 ], [ -77.7546, 8.1484 ], [ -77.7418, 8.1294 ], [ -77.7491, 8.1219 ], [ -77.7606, 8.1199 ], [ -77.7573, 8.1115 ], [ -77.7646, 8.1109 ], [ -77.7676, 8.1064 ], [ -77.762, 8.0901 ], [ -77.7811, 8.0707 ], [ -77.7861, 8.0572 ], [ -77.8042, 8.0551 ], [ -77.8116, 8.0508 ], [ -77.8334, 8.0525 ], [ -77.843, 8.0581 ], [ -77.8533, 8.0697 ], [ -77.8556, 8.0838 ], [ -77.8643, 8.0833 ], [ -77.854, 8.0916 ], [ -77.8566, 8.0961 ], [ -77.8603, 8.0935 ], [ -77.8627, 8.0965 ], [ -77.8564, 8.0992 ], [ -77.855, 8.1072 ], [ -77.8718, 8.1133 ], [ -77.8754, 8.1054 ], [ -77.8804, 8.1062 ], [ -77.8765, 8.1197 ], [ -77.8679, 8.1169 ], [ -77.865, 8.1229 ], [ -77.8843, 8.1217 ], [ -77.8819, 8.1321 ], [ -77.8877, 8.1413 ], [ -77.8864, 8.1509 ], [ -77.8923, 8.1594 ], [ -77.8917, 8.1681 ], [ -77.9071, 8.174 ], [ -77.9053, 8.1895 ], [ -77.9211, 8.197 ], [ -77.9432, 8.1963 ], [ -77.9781, 8.2245 ], [ -77.9994, 8.2241 ], [ -78.0185, 8.2296 ], [ -78.0297, 8.2414 ], [ -78.0393, 8.2614 ], [ -78.0385, 8.2815 ], [ -78.0508, 8.3055 ], [ -78.0316, 8.3121 ], [ -78.0259, 8.2718 ], [ -78.0053, 8.256 ] ] ] } },
{ "type": "Feature", "properties": { "name": "Chepigana", "category": "Reserva Forestal", "iucn": "VI", "realm": "100% Land", "hectares": 29688.417530233764, "established": 1960.0, "designation": "National" }, "geometry": { "type": "Polygon", "coordinates": [ [ [ -78.0018, 8.2248 ], [ -77.9781, 8.2245 ], [ -77.9432, 8.1963 ], [ -77.9211, 8.197 ], [ -77.9079, 8.1919 ], [ -77.905, 8.1871 ], [ -77.9071, 8.174 ], [ -77.8917, 8.1681 ], [ -77.8923, 8.1594 ], [ -77.8864, 8.1509 ], [ -77.8877, 8.1413 ], [ -77.8819, 8.1321 ], [ -77.8843, 8.1217 ], [ -77.865, 8.1229 ], [ -77.8679, 8.1169 ], [ -77.8765, 8.1197 ], [ -77.8804, 8.1062 ], [ -77.8754, 8.1054 ], [ -77.8718, 8.1133 ], [ -77.855, 8.1072 ], [ -77.8564, 8.0992 ], [ -77.8627, 8.0965 ], [ -77.8603, 8.0935 ], [ -77.8566, 8.0961 ], [ -77.854, 8.0916 ], [ -77.8737, 8.0816 ], [ -77.8774, 8.0863 ], [ -77.9015, 8.0635 ], [ -77.8937, 8.0472 ], [ -77.904, 8.019 ], [ -77.9223, 8.0286 ], [ -77.9363, 8.0261 ], [ -77.9432, 8.0066 ], [ -77.9709, 7.9937 ], [ -77.9641, 8.01 ], [ -77.9713, 8.024 ], [ -77.9806, 8.0251 ], [ -77.9873, 8.0374 ], [ -77.9826, 8.0605 ], [ -77.9904, 8.0815 ], [ -78.0315, 8.082 ], [ -78.036, 8.0639 ], [ -78.0433, 8.0562 ], [ -78.0465, 8.059 ], [ -78.0653, 8.0473 ], [ -78.0632, 8.0748 ], [ -78.0695, 8.0857 ], [ -78.0641, 8.1245 ], [ -78.0464, 8.1185 ], [ -78.0257, 8.1209 ], [ -78.0205, 8.116 ], [ -78.0189, 8.1282 ], [ -78.0019, 8.1316 ], [ -77.9905, 8.1385 ], [ -77.9877, 8.1467 ], [ -78.0064, 8.1858 ], [ -78.0208, 8.2046 ], [ -78.0372, 8.2462 ], [ -78.0328, 8.2472 ], [ -78.0185, 8.2296 ], [ -78.0018, 8.2248 ] ] ] } },
{ "type": "Feature", "properties": { "name": "Manglares de Panamá Viejo", "category": "Reserva Marino Costera", "iucn": null, "realm": "Land and Marine", "hectares": 83.952716604615929, "established": 2015.0, "designation": "Municipal" }, "geometry": { "type": "Polygon", "coordinates": [ [ [ -79.4826, 9.0063 ], [ -79.4929, 8.9954 ], [ -79.4959, 8.9989 ], [ -79.4948, 9.0033 ], [ -79.4826, 9.0063 ] ] ] } },
{ "type": "Feature", "properties": { "name": "Cerro Ancón", "category": "Área Protegida y Reserva Natural", "iucn": null, "realm": "100% Land", "hectares": 65.332708316864597, "established": 2017.0, "designation": "Municipal" }, "geometry": { "type": "MultiPolygon", "coordinates": [ [ [ [ -79.5537, 8.9523 ], [ -79.5542, 8.952 ], [ -79.5541, 8.9522 ], [ -79.5537, 8.9523 ] ] ], [ [ [ -79.5548, 8.9523 ], [ -79.5552, 8.9523 ], [ -79.5542, 8.9533 ], [ -79.5548, 8.9523 ] ] ], [ [ [ -79.5535, 8.9541 ], [ -79.5532, 8.9542 ], [ -79.5534, 8.9544 ], [ -79.5533, 8.9547 ], [ -79.5531, 8.9542 ], [ -79.5529, 8.9541 ], [ -79.5535, 8.9541 ] ] ], [ [ [ -79.5544, 8.9543 ], [ -79.5557, 8.9539 ], [ -79.5553, 8.9548 ], [ -79.5544, 8.9543 ] ] ], [ [ [ -79.5532, 8.9549 ], [ -79.5533, 8.9547 ], [ -79.5536, 8.9549 ], [ -79.5532, 8.9549 ] ] ], [ [ [ -79.5537, 8.9564 ], [ -79.5521, 8.9555 ], [ -79.5523, 8.9528 ], [ -79.5499, 8.952 ], [ -79.553, 8.9523 ], [ -79.5525, 8.9541 ], [ -79.5547, 8.9577 ], [ -79.5537, 8.9564 ] ] ], [ [ [ -79.5546, 8.9551 ], [ -79.5545, 8.9554 ], [ -79.5535, 8.9552 ], [ -79.5546, 8.9551 ] ] ], [ [ [ -79.5517, 8.9557 ], [ -79.5517, 8.9564 ], [ -79.5513, 8.9552 ], [ -79.5517, 8.9557 ] ] ], [ [ [ -79.5549, 8.9569 ], [ -79.5545, 8.9561 ], [ -79.5551, 8.9563 ], [ -79.5549, 8.9569 ] ] ], [ [ [ -79.5493, 8.9511 ], [ -79.5494, 8.9495 ], [ -79.5501, 8.9485 ], [ -79.5507, 8.9481 ], [ -79.5513, 8.9517 ], [ -79.5512, 8.9513 ], [ -79.5506, 8.9518 ], [ -79.5493, 8.9517 ], [ -79.5492, 8.9517 ], [ -79.5493, 8.9515 ], [ -79.5493, 8.9511 ] ], [ [ -79.5506, 8.9503 ], [ -79.5499, 8.949 ], [ -79.5497, 8.9493 ], [ -79.5495, 8.951 ], [ -79.5493, 8.9515 ], [ -79.5506, 8.9503 ] ] ], [ [ [ -79.5493, 8.9511 ], [ -79.5487, 8.9512 ], [ -79.5489, 8.9509 ], [ -79.5493, 8.9511 ] ] ], [ [ [ -79.5511, 8.9529 ], [ -79.5512, 8.9536 ], [ -79.5509, 8.9531 ], [ -79.5511, 8.9529 ] ] ], [ [ [ -79.5447, 8.9568 ], [ -79.5451, 8.9564 ], [ -79.5451, 8.9567 ], [ -79.5447, 8.9568 ] ] ], [ [ [ -79.5454, 8.956 ], [ -79.5499, 8.9526 ], [ -79.5512, 8.9607 ], [ -79.5476, 8.9607 ], [ -79.5454, 8.956 ] ] ], [ [ [ -79.5455, 8.9575 ], [ -79.5455, 8.9579 ], [ -79.5448, 8.9576 ], [ -79.5455, 8.9575 ] ] ], [ [ [ -79.5492, 8.9623 ], [ -79.5529, 8.9616 ], [ -79.5515, 8.9633 ], [ -79.5492, 8.9623 ] ] ], [ [ [ -79.5454, 8.962 ], [ -79.5466, 8.9636 ], [ -79.5451, 8.9639 ], [ -79.5454, 8.962 ] ] ], [ [ [ -79.5455, 8.9642 ], [ -79.5455, 8.9641 ], [ -79.5461, 8.9647 ], [ -79.5455, 8.9642 ] ] ], [ [ [ -79.5482, 8.9644 ], [ -79.5476, 8.9649 ], [ -79.5473, 8.9646 ], [ -79.5482, 8.9644 ] ] ], [ [ [ -79.5502, 8.9652 ], [ -79.5509, 8.9654 ], [ -79.5474, 8.9655 ], [ -79.5502, 8.9652 ] ] ] ] } },
{ "type": "Feature", "properties": { "name": "Punta Bruja y Dejal", "category": "Paisaje Protegido", "iucn": null, "realm": "Land and Marine", "hectares": 74.822349430883463, "established": null, "designation": "Municipal" }, "geometry": { "type": "MultiPolygon", "coordinates": [ [ [ [ -79.5793, 8.8992 ], [ -79.5773, 8.8981 ], [ -79.579, 8.8978 ], [ -79.5793, 8.8992 ] ] ], [ [ [ -79.584, 8.9005 ], [ -79.5821, 8.887 ], [ -79.5931, 8.8905 ], [ -79.5943, 8.8944 ], [ -79.5862, 8.8944 ], [ -79.584, 8.9005 ] ] ] ] } },
{ "type": "Feature", "properties": { "name": "Área Silvestre Protegida (Pacífico)", "category": "Área Silvestre Protegida", "iucn": null, "realm": "100% Land", "hectares": 5050.4434483279274, "established": null, "designation": "Municipal" }, "geometry": { "type": "MultiPolygon", "coordinates": [ [ [ [ -79.6265, 8.9543 ], [ -79.6265, 8.9291 ], [ -79.6335, 8.9493 ], [ -79.6265, 8.9543 ] ] ], [ [ [ -79.6285, 8.9631 ], [ -79.6201, 8.9574 ], [ -79.6331, 8.9516 ], [ -79.6356, 8.9538 ], [ -79.6341, 8.9619 ], [ -79.6285, 8.9631 ] ] ], [ [ [ -79.6357, 8.9538 ], [ -79.647, 8.9555 ], [ -79.6529, 8.9625 ], [ -79.6484, 8.9648 ], [ -79.6357, 8.9538 ] ] ], [ [ [ -79.6117, 8.9862 ], [ -79.6114, 8.9791 ], [ -79.6042, 8.9873 ], [ -79.6012, 8.9839 ], [ -79.6105, 8.9764 ], [ -79.6074, 8.9643 ], [ -79.6153, 8.9579 ], [ -79.6203, 8.9601 ], [ -79.6242, 8.9685 ], [ -79.6278, 8.9654 ], [ -79.6322, 8.9706 ], [ -79.6334, 8.9862 ], [ -79.6382, 8.9928 ], [ -79.6367, 8.996 ], [ -79.6264, 8.9874 ], [ -79.6164, 8.9962 ], [ -79.6079, 8.9905 ], [ -79.6117, 8.9862 ] ] ], [ [ [ -79.6921, 9.0898 ], [ -79.6602, 9.0221 ], [ -79.6428, 9.0128 ], [ -79.6467, 9.0036 ], [ -79.6488, 9.0051 ], [ -79.6593, 8.9949 ], [ -79.6859, 9.0107 ], [ -79.694, 9.0243 ], [ -79.699, 9.0249 ], [ -79.7092, 9.0109 ], [ -79.7157, 9.009 ], [ -79.719, 9.0128 ], [ -79.7225, 9.0183 ], [ -79.6955, 9.0365 ], [ -79.7282, 9.0898 ], [ -79.714, 9.0852 ], [ -79.6948, 9.0894 ], [ -79.695, 9.0875 ], [ -79.6937, 9.0861 ], [ -79.6921, 9.0898 ] ], [ [ -79.6938, 9.0856 ], [ -79.6937, 9.0854 ], [ -79.6938, 9.0858 ], [ -79.6938, 9.0856 ] ], [ [ -79.6738, 9.0415 ], [ -79.675, 9.0405 ], [ -79.6752, 9.0383 ], [ -79.6738, 9.0415 ] ] ] ] } },
{ "type": "Feature", "properties": { "name": "Peñón de La Honda", "category": "Refugio de Vida Silvestre", "iucn": "IV", "realm": "Land and Marine", "hectares": 2362.8240141492015, "established": 1982.0, "designation": "National" }, "geometry": { "type": "Polygon", "coordinates": [ [ [ -80.3301, 7.9081 ], [ -80.325, 7.912 ], [ -80.3328, 7.9292 ], [ -80.3301, 7.9314 ], [ -80.3317, 7.9421 ], [ -80.3286, 7.9426 ], [ -80.3378, 7.9611 ], [ -80.2894, 7.9557 ], [ -80.2894, 7.9374 ], [ -80.3094, 7.9049 ], [ -80.3215, 7.8955 ], [ -80.3213, 7.902 ], [ -80.3296, 7.9039 ], [ -80.3301, 7.9081 ] ] ] } },
{ "type": "Feature", "properties": { "name": "Zona Litoral del Corregimiento de El Espinal", "category": "Área Protegida", "iucn": null, "realm": "100% Marine", "hectares": 2453.3550231123945, "established": 2008.0, "designation": "Municipal" }, "geometry": { "type": "MultiPolygon", "coordinates": [ [ [ [ -80.2865, 7.8648 ], [ -80.3155, 7.9001 ], [ -80.3094, 7.9049 ], [ -80.2894, 7.9378 ], [ -80.2588, 7.9047 ], [ -80.2865, 7.8648 ] ] ] ] } },
{ "type": "Feature", "properties": { "name": "Zona Litoral del Corregimiento de La Enea", "category": "Área Protegida", "iucn": null, "realm": "Land and Marine", "hectares": 2794.2217920835969, "established": 1990.0, "designation": "Municipal" }, "geometry": { "type": "Polygon", "coordinates": [ [ [ -80.2437, 7.8346 ], [ -80.2798, 7.8646 ], [ -80.2865, 7.8648 ], [ -80.2588, 7.9047 ], [ -80.2215, 7.8753 ], [ -80.2437, 7.8346 ] ] ] } },
{ "type": "Feature", "properties": { "name": "La Amistad y Palo Seco", "category": "Parque Nacional y Bosque Protector", "iucn": "V", "realm": "100% Land", "hectares": 87497.909267503564, "established": 1983.0, "designation": "National" }, "geometry": { "type": "Polygon", "coordinates": [ [ [ -82.3591, 8.8235 ], [ -82.3661, 8.8235 ], [ -82.3707, 8.8165 ], [ -82.3774, 8.8163 ], [ -82.4071, 8.8322 ], [ -82.4119, 8.8299 ], [ -82.4191, 8.8326 ], [ -82.4216, 8.8374 ], [ -82.4266, 8.8354 ], [ -82.4283, 8.8434 ], [ -82.4343, 8.8441 ], [ -82.4321, 8.8494 ], [ -82.443, 8.8554 ], [ -82.4478, 8.8721 ], [ -82.438, 8.8756 ], [ -82.4435, 8.8778 ], [ -82.4404, 8.8813 ], [ -82.4491, 8.8884 ], [ -82.4569, 8.8906 ], [ -82.4631, 8.8879 ], [ -82.457, 8.8776 ], [ -82.4633, 8.8784 ], [ -82.4622, 8.8733 ], [ -82.466, 8.8707 ], [ -82.4725, 8.8765 ], [ -82.4746, 8.8726 ], [ -82.4799, 8.8721 ], [ -82.4878, 8.8758 ], [ -82.4831, 8.8818 ], [ -82.482, 8.8936 ], [ -82.4894, 8.8884 ], [ -82.4943, 8.8896 ], [ -82.4928, 8.8935 ], [ -82.4969, 8.8928 ], [ -82.4964, 8.8989 ], [ -82.4913, 8.8992 ], [ -82.4961, 8.9061 ], [ -82.4887, 8.9069 ], [ -82.491, 8.9134 ], [ -82.4976, 8.9129 ], [ -82.4983, 8.9075 ], [ -82.5042, 8.9068 ], [ -82.5046, 8.9026 ], [ -82.5144, 8.9079 ], [ -82.5108, 8.8943 ], [ -82.5158, 8.8993 ], [ -82.5166, 8.895 ], [ -82.5195, 8.8988 ], [ -82.5217, 8.8939 ], [ -82.5234, 8.9007 ], [ -82.5298, 8.9017 ], [ -82.5234, 8.9062 ], [ -82.5304, 8.9191 ], [ -82.5339, 8.9155 ], [ -82.5429, 8.9194 ], [ -82.5475, 8.9144 ], [ -82.5467, 8.9199 ], [ -82.556, 8.9248 ], [ -82.5461, 8.9259 ], [ -82.554, 8.9488 ], [ -82.5618, 8.9482 ], [ -82.5616, 8.9429 ], [ -82.568, 8.9499 ], [ -82.5752, 8.9407 ], [ -82.5811, 8.9434 ], [ -82.5798, 8.9394 ], [ -82.586, 8.9369 ], [ -82.59, 8.9429 ], [ -82.5886, 8.9376 ], [ -82.5919, 8.9355 ], [ -82.588, 8.9304 ], [ -82.602, 8.9248 ], [ -82.5998, 8.9306 ], [ -82.6044, 8.9302 ], [ -82.5984, 8.9456 ], [ -82.6084, 8.9469 ], [ -82.6144, 8.9388 ], [ -82.6165, 8.941 ], [ -82.6121, 8.9594 ], [ -82.6091, 8.9607 ], [ -82.6096, 8.9717 ], [ -82.6015, 8.9725 ], [ -82.6049, 8.9755 ], [ -82.6199, 8.9694 ], [ -82.6278, 8.9761 ], [ -82.6255, 8.9659 ], [ -82.6283, 8.9605 ], [ -82.634, 8.9598 ], [ -82.6303, 8.9524 ], [ -82.6397, 8.9566 ], [ -82.6472, 8.9525 ], [ -82.6478, 8.9474 ], [ -82.6393, 8.9447 ], [ -82.6464, 8.9438 ], [ -82.6476, 8.934 ], [ -82.6519, 8.9468 ], [ -82.656, 8.9491 ], [ -82.6546, 8.941 ], [ -82.6585, 8.9433 ], [ -82.6612, 8.9386 ], [ -82.6625, 8.9414 ], [ -82.6676, 8.9313 ], [ -82.6637, 8.9475 ], [ -82.6678, 8.9463 ], [ -82.6681, 8.9515 ], [ -82.6686, 8.9421 ], [ -82.6726, 8.9366 ], [ -82.6779, 8.9364 ], [ -82.68, 8.9266 ], [ -82.6824, 8.9337 ], [ -82.6767, 8.9434 ], [ -82.6895, 8.9375 ], [ -82.6879, 8.949 ], [ -82.6809, 8.9541 ], [ -82.6839, 8.9658 ], [ -82.6892, 8.9638 ], [ -82.6907, 8.9697 ], [ -82.6943, 8.9704 ], [ -82.6934, 8.963 ], [ -82.6997, 8.9694 ], [ -82.7034, 8.9646 ], [ -82.7028, 8.9727 ], [ -82.7156, 8.9756 ], [ -82.7059, 8.979 ], [ -82.7056, 8.9873 ], [ -82.7014, 8.9837 ], [ -82.6964, 8.9884 ], [ -82.6929, 8.9831 ], [ -82.6816, 8.9886 ], [ -82.6959, 8.989 ], [ -82.7038, 8.9961 ], [ -82.7034, 9.0002 ], [ -82.7082, 9.0008 ], [ -82.7137, 8.9962 ], [ -82.7186, 8.999 ], [ -82.7204, 8.9964 ], [ -82.7227, 9.0003 ], [ -82.7174, 9.0027 ], [ -82.7164, 9.0068 ], [ -82.7197, 9.0074 ], [ -82.7153, 9.0124 ], [ -82.7154, 9.0197 ], [ -82.7089, 9.0174 ], [ -82.7068, 9.0226 ], [ -82.7044, 9.0191 ], [ -82.699, 9.0242 ], [ -82.7027, 9.0282 ], [ -82.7006, 9.0331 ], [ -82.7055, 9.0319 ], [ -82.7088, 9.0387 ], [ -82.7116, 9.033 ], [ -82.7225, 9.0389 ], [ -82.7255, 9.0362 ], [ -82.7232, 9.0304 ], [ -82.7159, 9.0269 ], [ -82.7209, 9.0263 ], [ -82.7211, 9.0208 ], [ -82.7246, 9.0253 ], [ -82.7294, 9.0189 ], [ -82.7334, 9.0196 ], [ -82.7363, 9.0125 ], [ -82.7368, 9.0197 ], [ -82.7423, 9.0225 ], [ -82.7487, 9.0205 ], [ -82.7503, 9.0238 ], [ -82.7392, 9.0303 ], [ -82.7419, 9.041 ], [ -82.7341, 9.0498 ], [ -82.7366, 9.053 ], [ -82.7393, 9.049 ], [ -82.7411, 9.052 ], [ -82.7477, 9.0508 ], [ -82.7429, 9.0557 ], [ -82.7471, 9.0599 ], [ -82.7432, 9.0614 ], [ -82.7462, 9.0646 ], [ -82.7441, 9.0737 ], [ -82.7395, 9.0742 ], [ -82.7422, 9.0783 ], [ -82.7335, 9.0786 ], [ -82.7334, 9.0847 ], [ -82.7286, 9.0883 ], [ -82.7259, 9.0861 ], [ -82.7242, 9.0993 ], [ -82.7139, 9.1001 ], [ -82.716, 9.1072 ], [ -82.713, 9.1118 ], [ -82.7196, 9.1128 ], [ -82.7185, 9.1079 ], [ -82.7256, 9.1046 ], [ -82.735, 9.0931 ], [ -82.74, 9.0937 ], [ -82.74, 9.0993 ], [ -82.7455, 9.0964 ], [ -82.7498, 9.1028 ], [ -82.7564, 9.0972 ], [ -82.7566, 9.0852 ], [ -82.7659, 9.0932 ], [ -82.7758, 9.0925 ], [ -82.7753, 9.0865 ], [ -82.7794, 9.0891 ], [ -82.7862, 9.0873 ], [ -82.7887, 9.0908 ], [ -82.7822, 9.0918 ], [ -82.7826, 9.1026 ], [ -82.7778, 9.0945 ], [ -82.778, 9.1016 ], [ -82.7737, 9.0993 ], [ -82.7707, 9.1068 ], [ -82.7658, 9.1032 ], [ -82.7627, 9.1067 ], [ -82.7659, 9.1133 ], [ -82.7584, 9.1147 ], [ -82.7559, 9.121 ], [ -82.7507, 9.1207 ], [ -82.7596, 9.1268 ], [ -82.7504, 9.1281 ], [ -82.7592, 9.1395 ], [ -82.7536, 9.1462 ], [ -82.7414, 9.144 ], [ -82.7357, 9.1454 ], [ -82.7353, 9.1495 ], [ -82.7282, 9.1463 ], [ -82.7262, 9.1535 ], [ -82.7169, 9.1515 ], [ -82.7152, 9.1578 ], [ -82.709, 9.1578 ], [ -82.7153, 9.1662 ], [ -82.7102, 9.1691 ], [ -82.7127, 9.1732 ], [ -82.7243, 9.1609 ], [ -82.7328, 9.1591 ], [ -82.7325, 9.1629 ], [ -82.7352, 9.1608 ], [ -82.7381, 9.1642 ], [ -82.741, 9.1585 ], [ -82.7475, 9.1613 ], [ -82.7521, 9.1559 ], [ -82.7558, 9.1558 ], [ -82.7528, 9.1644 ], [ -82.7469, 9.1668 ], [ -82.7529, 9.1695 ], [ -82.745, 9.1721 ], [ -82.7517, 9.1746 ], [ -82.7464, 9.1788 ], [ -82.7395, 9.1732 ], [ -82.7408, 9.1807 ], [ -82.7309, 9.1764 ], [ -82.7301, 9.1798 ], [ -82.7393, 9.1903 ], [ -82.739, 9.3315 ], [ -82.7312, 9.3424 ], [ -82.7201, 9.3337 ], [ -82.7169, 9.3261 ], [ -82.7066, 9.3329 ], [ -82.694, 9.324 ], [ -82.6878, 9.3332 ], [ -82.6829, 9.3255 ], [ -82.6773, 9.326 ], [ -82.6674, 9.3169 ], [ -82.6631, 9.3204 ], [ -82.6542, 9.3194 ], [ -82.6578, 9.3145 ], [ -82.6548, 9.3093 ], [ -82.6697, 9.2835 ], [ -82.6661, 9.2768 ], [ -82.6667, 9.2513 ], [ -82.6611, 9.2483 ], [ -82.6663, 9.2304 ], [ -82.6627, 9.2206 ], [ -82.6349, 9.2031 ], [ -82.6078, 9.2188 ], [ -82.5791, 9.2302 ], [ -82.5797, 9.2334 ], [ -82.5652, 9.2509 ], [ -82.5656, 9.2706 ], [ -82.5688, 9.2749 ], [ -82.5285, 9.2578 ], [ -82.5274, 9.2508 ], [ -82.5309, 9.2476 ], [ -82.5237, 9.2464 ], [ -82.5172, 9.2266 ], [ -82.5239, 9.2125 ], [ -82.5111, 9.1976 ], [ -82.5133, 9.1924 ], [ -82.5197, 9.1889 ], [ -82.5271, 9.1708 ], [ -82.5349, 9.1657 ], [ -82.5419, 9.1671 ], [ -82.5517, 9.1547 ], [ -82.5592, 9.1532 ], [ -82.5531, 9.1524 ], [ -82.5454, 9.1439 ], [ -82.5372, 9.1409 ], [ -82.5337, 9.1309 ], [ -82.5213, 9.1213 ], [ -82.524, 9.1142 ], [ -82.5312, 9.1092 ], [ -82.5258, 9.1 ], [ -82.5283, 9.1034 ], [ -82.5372, 9.0965 ], [ -82.5304, 9.0889 ], [ -82.5337, 9.0826 ], [ -82.5284, 9.0596 ], [ -82.5172, 9.0422 ], [ -82.5257, 9.0403 ], [ -82.5363, 9.0444 ], [ -82.5447, 9.0388 ], [ -82.5935, 9.0564 ], [ -82.6068, 9.0358 ], [ -82.6182, 9.0468 ], [ -82.6439, 9.0458 ], [ -82.6511, 9.0502 ], [ -82.6682, 9.0397 ], [ -82.673, 9.0425 ], [ -82.6583, 9.0259 ], [ -82.6591, 9.0083 ], [ -82.6256, 9.0131 ], [ -82.6089, 9.0059 ], [ -82.6036, 9.0088 ], [ -82.6008, 9.0066 ], [ -82.5949, 9.013 ], [ -82.5822, 9.0156 ], [ -82.5608, 9.0056 ], [ -82.5588, 9.0073 ], [ -82.5421, 8.97 ], [ -82.5202, 8.977 ], [ -82.5143, 8.9854 ], [ -82.4922, 8.9755 ], [ -82.4843, 8.9767 ], [ -82.4759, 8.9681 ], [ -82.4911, 8.9539 ], [ -82.4919, 8.9403 ], [ -82.4558, 8.9237 ], [ -82.4562, 8.8957 ], [ -82.4322, 8.8871 ], [ -82.4184, 8.8951 ], [ -82.4143, 8.9042 ], [ -82.4038, 8.9085 ], [ -82.3942, 8.9089 ], [ -82.3785, 8.9004 ], [ -82.3574, 8.898 ], [ -82.3368, 8.9066 ], [ -82.3349, 8.8902 ], [ -82.3495, 8.8791 ], [ -82.3505, 8.8451 ], [ -82.3541, 8.8424 ], [ -82.3591, 8.8235 ] ] ] } },
{ "type": "Feature", "properties": { "name": "La Amistad y Volcán Barú", "category": "Parque Nacional", "iucn": "II", "realm": "100% Land", "hectares": 7320.2963764895767, "established": 1976.0, "designation": "National" }, "geometry": { "type": "MultiPolygon", "coordinates": [ [ [ [ -82.514, 8.8521 ], [ -82.5185, 8.8524 ], [ -82.5159, 8.8463 ], [ -82.5193, 8.8449 ], [ -82.5112, 8.8432 ], [ -82.5112, 8.837 ], [ -82.5025, 8.8386 ], [ -82.5078, 8.8326 ], [ -82.5027, 8.8285 ], [ -82.5067, 8.8284 ], [ -82.508, 8.8233 ], [ -82.5037, 8.8222 ], [ -82.5066, 8.8189 ], [ -82.4993, 8.8184 ], [ -82.5005, 8.8148 ], [ -82.4965, 8.8131 ], [ -82.5028, 8.8064 ], [ -82.4995, 8.8047 ], [ -82.5023, 8.7988 ], [ -82.499, 8.7951 ], [ -82.5093, 8.7899 ], [ -82.5044, 8.776 ], [ -82.5126, 8.7748 ], [ -82.5141, 8.769 ], [ -82.5192, 8.7702 ], [ -82.5211, 8.7661 ], [ -82.5298, 8.7638 ], [ -82.5322, 8.7653 ], [ -82.53, 8.772 ], [ -82.5338, 8.7691 ], [ -82.5366, 8.7743 ], [ -82.5416, 8.7725 ], [ -82.5457, 8.7766 ], [ -82.5528, 8.7765 ], [ -82.5506, 8.7641 ], [ -82.5643, 8.765 ], [ -82.5694, 8.7718 ], [ -82.5568, 8.7735 ], [ -82.5563, 8.7789 ], [ -82.5648, 8.7791 ], [ -82.5624, 8.7824 ], [ -82.5732, 8.7957 ], [ -82.5677, 8.8 ], [ -82.5708, 8.8006 ], [ -82.5675, 8.8059 ], [ -82.572, 8.8056 ], [ -82.5753, 8.81 ], [ -82.5693, 8.8178 ], [ -82.5649, 8.8181 ], [ -82.5788, 8.8207 ], [ -82.5924, 8.8176 ], [ -82.5816, 8.8316 ], [ -82.576, 8.8291 ], [ -82.5773, 8.832 ], [ -82.5721, 8.8343 ], [ -82.572, 8.8386 ], [ -82.5667, 8.8379 ], [ -82.5638, 8.8438 ], [ -82.5452, 8.8478 ], [ -82.5417, 8.8515 ], [ -82.5433, 8.8609 ], [ -82.5494, 8.8612 ], [ -82.5495, 8.8916 ], [ -82.5399, 8.8843 ], [ -82.5296, 8.8677 ], [ -82.517, 8.8756 ], [ -82.5141, 8.8733 ], [ -82.514, 8.8521 ] ] ] ] } },
{ "type": "Feature", "properties": { "name": "Isla Galeta", "category": "Paisaje Protegido", "iucn": "V", "realm": "100% Land", "hectares": 617.71875240442432, "established": 1997.0, "designation": "National" }, "geometry": { "type": "Polygon", "coordinates": [ [ [ -79.8696, 9.4051 ], [ -79.8606, 9.4031 ], [ -79.8584, 9.3875 ], [ -79.8529, 9.3904 ], [ -79.8478, 9.3877 ], [ -79.8545, 9.3856 ], [ -79.8505, 9.3836 ], [ -79.8584, 9.3772 ], [ -79.8628, 9.3829 ], [ -79.8741, 9.3794 ], [ -79.8789, 9.39 ], [ -79.8762, 9.3911 ], [ -79.8745, 9.3944 ], [ -79.8776, 9.3938 ], [ -79.8762, 9.392 ], [ -79.8791, 9.3906 ], [ -79.8789, 9.388 ], [ -79.88, 9.393 ], [ -79.8852, 9.3923 ], [ -79.881, 9.3976 ], [ -79.8791, 9.393 ], [ -79.8761, 9.4024 ], [ -79.8696, 9.4051 ] ] ] } }
]
}
